property_id,property_type,built_form,construction_age,tenure,main_fuel,epc_rating,mains_gas,local_authority,energy_use_kwh_m2,co2_kg_m2,walls_rating,roof_rating,windows_rating,mainheat_rating
P0001,House,Mid-Terrace,1976-1982,Owner-occupied,Mains Gas,C,Yes,Nottingham,209,37,Average,Very Good,Good,Good
P0002,House,Mid-Terrace,1967-1975,Rented (social),Mains Gas,B,Yes,Nottingham,104,19,Good,Good,Average,Good
P0003,House,Detached,1930-1949,Owner-occupied,Mains Gas,D,Yes,Nottingham,211,39,Poor,Average,Average,Good
P0004,House,Mid-Terrace,1930-1949,Rented (social),Mains Gas,C,Yes,Nottingham,212,37,Average,Good,Good,Good
P0005,House,Detached,2012 onwards,Owner-occupied,Mains Gas,B,Yes,Nottingham,105,18,Very Good,Good,Good,Good
P0006,House,Semi-Detached,1900-1929,Owner-occupied,Mains Gas,F,Yes,Nottingham,580,102,Very Poor,Very Poor,Average,Good
P0007,House,Semi-Detached,1930-1949,Rented (social),Mains Gas,D,Yes,Nottingham,225,40,Average,Good,Good,Good
P0008,House,Semi-Detached,1930-1949,Owner-occupied,Mains Gas,C,Yes,Nottingham,195,34,Good,Very Good,Good,Good
P0010,House,Semi-Detached,1950-1966,Rented (social),Mains Gas,B,Yes,Nottingham,138,25,Average,Good,Good,Good
P0011,House,End-Terrace,1950-1966,Owner-occupied,Mains Gas,D,Yes,Nottingham,198,35,Average,Good,Good,Good
P0012,House,Mid-Terrace,1930-1949,Rented (private),Mains Gas,C,Yes,Nottingham,178,31,Average,Average,Average,Good
P0013,House,End-Terrace,1930-1949,Rented (social),Mains Gas,C,Yes,Nottingham,196,34,Good,Good,Good,Good
P0014,House,Mid-Terrace,1976-1982,Rented (social),Mains Gas,B,Yes,Nottingham,122,22,Good,Good,Good,Good
P0015,House,End-Terrace,1930-1949,Rented (social),Mains Gas,D,Yes,Nottingham,243,43,Average,Good,Average,Good
P0016,House,Mid-Terrace,1900-1929,Owner-occupied,Mains Gas,C,Yes,Nottingham,203,36,Very Poor,Good,Average,Good
P0017,House,Mid-Terrace,1930-1949,Rented (social),Mains Gas,D,Yes,Nottingham,255,45,Very Poor,Good,Average,Good
P0018,House,End-Terrace,1967-1975,Rented (social),Mains Gas,C,Yes,Nottingham,200,36,Very Poor,Good,Poor,Good
P0019,House,Semi-Detached,1930-1949,Rented (social),Mains Gas,D,Yes,Nottingham,326,58,Average,Very Good,Good,Good
P0020,House,Semi-Detached,1950-1966,Owner-occupied,Mains Gas,D,Yes,Nottingham,206,36,Good,Average,Very Poor,Good
P0021,House,Semi-Detached,1950-1966,Rented (social),Mains Gas,C,Yes,Nottingham,143,25,Good,Good,Good,Good
P0022,House,Mid-Terrace,1950-1966,Owner-occupied,Mains Gas,C,Yes,Nottingham,141,25,Good,Average,Average,Good
P0023,House,End-Terrace,1900-1929,Rented (private),Mains Gas,D,Yes,Nottingham,296,52,Very Poor,Average,Average,Good
P0024,House,Semi-Detached,2003-2006,Rented (social),Mains Gas,C,Yes,Nottingham,144,25,Good,Good,Good,Good
P0025,House,End-Terrace,1930-1949,Rented (social),Mains Gas,D,Yes,Nottingham,235,41,Average,Good,Good,Good
P0026,House,End-Terrace,1900-1929,Owner-occupied,Mains Gas,D,Yes,Nottingham,242,43,Very Poor,Very Poor,Average,Good
P0027,House,Mid-Terrace,1930-1949,Rented (private),Mains Gas,C,Yes,Nottingham,196,36,Very Poor,Good,Poor,Good
P0029,House,Mid-Terrace,1967-1975,Rented (social),Mains Gas,C,Yes,Nottingham,159,28,Good,Good,Good,Good
P0030,House,Mid-Terrace,1930-1949,Rented (social),Mains Gas,D,Yes,Nottingham,218,38,Very Poor,Good,Good,Good
P0031,House,Semi-Detached,1967-1975,Owner-occupied,Mains Gas,D,Yes,Nottingham,204,35,Very Poor,Good,Average,Good
P0032,House,Mid-Terrace,1930-1949,Rented (social),Mains Gas,C,Yes,Nottingham,159,28,Average,Good,Good,Good
P0034,House,Semi-Detached,1900-1929,Rented (social),Mains Gas,D,Yes,Nottingham,256,45,Poor,Good,Average,Good
P0035,House,Semi-Detached,1930-1949,Owner-occupied,Mains Gas,E,Yes,Nottingham,290,52,Very Poor,Good,Very Poor,Good
P0037,House,Semi-Detached,1950-1966,Owner-occupied,Mains Gas,C,Yes,Nottingham,187,33,Good,Good,Average,Good
P0039,House,Mid-Terrace,1967-1975,Rented (social),Mains Gas,C,Yes,Nottingham,173,30,Average,Good,Good,Good
P0041,House,Semi-Detached,1950-1966,Owner-occupied,Mains Gas,C,Yes,Nottingham,200,36,Very Poor,Good,Good,Good
P0043,House,Semi-Detached,1900-1929,Rented (social),Mains Gas,C,Yes,Nottingham,221,39,Very Poor,Good,Good,Good
P0044,House,Mid-Terrace,1930-1949,Rented (social),Mains Gas,D,Yes,Nottingham,258,45,Average,Good,Average,Good
P0045,House,Semi-Detached,1930-1949,Rented (social),Mains Gas,D,Yes,Nottingham,275,48,Average,Very Poor,Good,Good
P0047,House,Mid-Terrace,1900-1929,Owner-occupied,Mains Gas,D,Yes,Nottingham,204,35,Very Poor,Very Good,Average,Good
P0048,House,Semi-Detached,1967-1975,Rented (private),Mains Gas,C,Yes,Nottingham,179,32,Average,Good,Good,Good
P0049,House,Mid-Terrace,1900-1929,Rented (social),Mains Gas,D,Yes,Nottingham,224,39,Very Poor,Good,Good,Good
P0051,House,Mid-Terrace,1930-1949,Rented (private),Mains Gas,C,Yes,Nottingham,207,36,Very Poor,Good,Good,Good
P0053,House,End-Terrace,1967-1975,Rented (private),Community Heating,C,No,Nottingham,217,11,Good,Average,Average,Good
P0054,House,Mid-Terrace,1967-1975,Rented (social),Community Heating,C,Yes,Nottingham,211,10,Good,Very Poor,Good,Good
P0055,House,Semi-Detached,1930-1949,Rented (social),Mains Gas,C,Yes,Nottingham,229,40,Average,Good,Good,Good
P0056,House,Semi-Detached,1967-1975,Owner-occupied,Mains Gas,D,Yes,Nottingham,308,54,Average,Poor,Average,Good
P0058,House,End-Terrace,1967-1975,Owner-occupied,Mains Gas,C,Yes,Nottingham,155,26,Average,Good,Poor,Good
P0059,House,Mid-Terrace,1930-1949,Rented (social),Mains Gas,C,Yes,Nottingham,205,36,Average,Average,Average,Good
P0063,House,Semi-Detached,1900-1929,Rented (private),Mains Gas,D,Yes,Nottingham,201,36,Very Poor,Average,Poor,Good
P0064,House,Semi-Detached,1930-1949,Rented (private),Mains Gas,D,Yes,Nottingham,222,39,Very Poor,Very Poor,Poor,Good
P0065,House,Mid-Terrace,1930-1949,Owner-occupied,Mains Gas,C,Yes,Nottingham,185,34,Good,Average,Average,Good
P0066,House,End-Terrace,1930-1949,Rented (social),Mains Gas,D,Yes,Nottingham,189,32,Good,Very Good,Average,Good
P0067,House,End-Terrace,1983-1990,Owner-occupied,Mains Gas,C,Yes,Nottingham,193,35,Good,Average,Poor,Good
P0069,House,End-Terrace,1930-1949,Rented (social),Mains Gas,D,Yes,Nottingham,242,42,Average,Good,Good,Good
P0070,House,End-Terrace,1967-1975,Owner-occupied,Electricity,F,No,Nottingham,446,75,Good,Average,Average,Very Poor
P0071,House,Mid-Terrace,1930-1949,Rented (social),Mains Gas,D,Yes,Nottingham,259,45,Very Poor,Good,Good,Good
P0072,House,Semi-Detached,1991-1995,Owner-occupied,Mains Gas,C,Yes,Nottingham,185,34,Good,Average,Average,Good
P0073,House,Mid-Terrace,1930-1949,Rented (social),Mains Gas,D,Yes,Nottingham,244,43,Average,Average,Good,Good
P0076,House,Semi-Detached,1930-1949,Rented (social),Mains Gas,C,Yes,Nottingham,199,35,Good,Good,Good,Good
P0077,House,Semi-Detached,1967-1975,Owner-occupied,Mains Gas,C,Yes,Nottingham,210,37,Average,Very Good,Average,Good
P0078,House,End-Terrace,1930-1949,Rented (social),Mains Gas,C,Yes,Nottingham,215,38,Average,Good,Good,Good
P0081,House,Semi-Detached,1983-1990,Rented (social),Mains Gas,C,Yes,Nottingham,196,34,Good,Good,Good,Good
P0083,House,Mid-Terrace,1950-1966,Owner-occupied,Mains Gas,C,Yes,Nottingham,133,22,Good,Very Good,Average,Good
P0084,House,Semi-Detached,1950-1966,Owner-occupied,Mains Gas,D,Yes,Nottingham,301,53,Average,Average,Average,Good
P0085,House,Mid-Terrace,1930-1949,Rented (social),Mains Gas,E,Yes,Nottingham,371,65,Very Poor,Very Poor,Good,Good
P0086,House,End-Terrace,1976-1982,Rented (social),Mains Gas,C,Yes,Nottingham,177,31,Good,Good,Good,Good
P0087,House,Mid-Terrace,1967-1975,Rented (social),Mains Gas,C,Yes,Nottingham,209,37,Average,Good,Good,Good
P0088,House,Mid-Terrace,1950-1966,Rented (social),Mains Gas,D,Yes,Nottingham,235,41,Average,Average,Good,Good
P0091,House,Mid-Terrace,1900-1929,Owner-occupied,Mains Gas,F,Yes,Nottingham,500,86,Very Poor,Very Good,Average,Very Poor
P0093,House,End-Terrace,1930-1949,Rented (social),Electricity,E,Yes,Nottingham,375,63,Good,Good,Average,Very Poor
P0096,House,Mid-Terrace,1950-1966,Rented (social),Mains Gas,C,Yes,Nottingham,179,31,Good,Good,Average,Good
P0098,House,End-Terrace,1930-1949,Rented (social),Mains Gas,D,Yes,Nottingham,242,42,Average,Good,Good,Good
P0099,House,Semi-Detached,1930-1949,Owner-occupied,Mains Gas,D,Yes,Nottingham,256,45,Very Poor,Average,Good,Good
P0100,House,Mid-Terrace,1930-1949,Rented (social),Mains Gas,C,Yes,Nottingham,193,34,Very Poor,Good,Average,Good
P0101,House,End-Terrace,1900-1929,Rented (social),Mains Gas,C,Yes,Nottingham,154,27,Good,Good,Good,Good
P0103,House,Semi-Detached,1930-1949,Rented (social),Mains Gas,D,Yes,Nottingham,279,49,Very Poor,Good,Average,Good
P0105,House,Semi-Detached,1976-1982,Rented (social),Mains Gas,C,Yes,Nottingham,164,30,Good,Good,Average,Good
P0106,House,Semi-Detached,1930-1949,Rented (social),Mains Gas,D,Yes,Nottingham,241,42,Average,Good,Average,Good
P0107,House,Mid-Terrace,1900-1929,Owner-occupied,Mains Gas,D,Yes,Nottingham,182,31,Good,Average,Poor,Good
P0109,House,End-Terrace,1930-1949,Rented (social),Mains Gas,C,Yes,Nottingham,216,38,Good,Good,Good,Good
P0111,House,Mid-Terrace,1930-1949,Rented (social),Mains Gas,D,Yes,Nottingham,239,42,Very Poor,Good,Good,Good
P0112,House,Detached,1930-1949,Not defined - use in the case of a new dwelling for which the intended tenure in not known. It is not to be used for an existing dwelling,Mains Gas,E,Yes,Nottingham,337,62,Very Poor,Good,Very Poor,Good
P0113,House,Semi-Detached,1930-1949,Owner-occupied,Mains Gas,D,Yes,Nottingham,279,50,Very Poor,Average,Poor,Good
P0114,House,Mid-Terrace,1950-1966,Rented (social),Mains Gas,D,Yes,Nottingham,215,38,Average,Good,Good,Good
P0115,House,Mid-Terrace,1930-1949,Rented (social),Mains Gas,D,Yes,Nottingham,225,39,Average,Good,Good,Good
P0116,House,End-Terrace,2007-2011,Rented (private),Mains Gas,C,Yes,Nottingham,132,23,Good,Good,Good,Good
P0118,House,Mid-Terrace,1950-1966,Rented (social),Mains Gas,D,Yes,Nottingham,232,41,Good,Very Poor,Good,Good
P0119,House,End-Terrace,1900-1929,Rented (social),Mains Gas,D,Yes,Nottingham,291,51,Very Poor,Good,Good,Good
P0120,House,Semi-Detached,2012-2021,Owner-occupied,Mains Gas,C,Yes,Nottingham,119,21,Good,Very Good,Average,Good
P0121,House,Mid-Terrace,1930-1949,Rented (social),Mains Gas,C,Yes,Nottingham,200,35,Very Poor,Good,Good,Good
P0122,House,Mid-Terrace,1930-1949,Rented (social),Mains Gas,D,Yes,Nottingham,320,57,Very Poor,Very Poor,Average,Good
P0123,House,Mid-Terrace,1930-1949,Rented (social),Mains Gas,D,Yes,Nottingham,275,48,Very Poor,Very Poor,Average,Good
P0124,House,Mid-Terrace,1930-1949,Rented (social),Mains Gas,C,Yes,Nottingham,200,35,Good,Good,Good,Good
P0126,House,Mid-Terrace,1967-1975,Rented (social),Mains Gas,D,No,Nottingham,240,42,Average,Good,Good,Good
P0127,House,End-Terrace,1983-1990,Rented (social),Mains Gas,D,Yes,Nottingham,158,26,Good,Very Good,Average,Good
P0128,House,Semi-Detached,1930-1949,Rented (social),Mains Gas,D,Yes,Nottingham,269,47,Average,Good,Good,Good
P0129,House,End-Terrace,1976-1982,Owner-occupied,Mains Gas,C,Yes,Nottingham,206,36,Good,Good,Average,Good
P0130,House,End-Terrace,1950-1966,Owner-occupied,Mains Gas,D,Yes,Nottingham,195,34,Good,Good,Poor,Good
P0131,House,Semi-Detached,1983-1990,Rented (social),Mains Gas,D,Yes,Nottingham,225,39,Good,Average,Good,Good
P0134,House,Semi-Detached,1991-1995,Owner-occupied,Mains Gas,C,Yes,Nottingham,214,38,Good,Good,Average,Good
P0135,House,Mid-Terrace,1930-1949,Rented (social),Mains Gas,D,Yes,Nottingham,230,40,Average,Good,Average,Good
P0136,House,Semi-Detached,1930-1949,Rented (social),Mains Gas,C,Yes,Nottingham,187,33,Good,Good,Good,Good
P0138,House,Semi-Detached,1967-1975,Owner-occupied,Mains Gas,D,Yes,Nottingham,256,45,Poor,Good,Average,Good
P0139,House,Detached,1983-1990,Owner-occupied,Mains Gas,D,Yes,Nottingham,264,46,Good,Average,Average,Good
P0140,House,Semi-Detached,1900-1929,Rented (social),Mains Gas,E,Yes,Nottingham,267,46,Poor,Good,Poor,Good
P0141,House,Mid-Terrace,2003-2006,Owner-occupied,Mains Gas,C,Yes,Nottingham,152,27,Good,Good,Average,Good
P0142,House,Semi-Detached,1983-1990,Rented (private),Mains Gas,C,Yes,Nottingham,174,31,Good,Average,Average,Good
P0144,House,End-Terrace,1930-1949,Rented (social),Mains Gas,D,Yes,Nottingham,255,45,Average,Good,Good,Good
P0146,House,Semi-Detached,1930-1949,Rented (social),Mains Gas,D,Yes,Nottingham,215,38,Average,Good,Good,Good
P0147,House,End-Terrace,1930-1949,Rented (social),Mains Gas,D,Yes,Nottingham,233,41,Average,Good,Good,Good
P0148,House,End-Terrace,1983-1990,Rented (private),Mains Gas,C,Yes,Nottingham,205,36,Good,Very Good,Good,Good
P0149,House,Mid-Terrace,1967-1975,Rented (private),Mains Gas,C,Yes,Nottingham,216,38,Poor,Good,Average,Good
P0150,House,Mid-Terrace,before 1900,Owner-occupied,Mains Gas,C,Yes,Nottingham,120,21,Good,Very Good,Average,Good
P0151,House,End-Terrace,1983-1990,Owner-occupied,Mains Gas,C,Yes,Nottingham,173,31,Good,Very Good,Average,Good
P0152,House,Semi-Detached,1900-1929,Rented (social),Mains Gas,D,Yes,Nottingham,296,52,Poor,Very Poor,Good,Good
P0154,House,Mid-Terrace,1930-1949,Rented (social),Mains Gas,C,Yes,Nottingham,182,32,Good,Good,Good,Good
P0155,House,Semi-Detached,1930-1949,Rented (social),Mains Gas,C,Yes,Nottingham,224,39,Average,Good,Average,Good
P0156,House,Semi-Detached,1950-1966,Owner-occupied,Mains Gas,D,Yes,Nottingham,236,42,Poor,Good,Average,Good
P0157,House,Detached,2003-2006,Owner-occupied,Mains Gas,C,Yes,Nottingham,163,30,Good,Average,Average,Good
P0158,House,End-Terrace,before 1900,Owner-occupied,Mains Gas,E,Yes,Nottingham,306,56,Poor,Average,Very Poor,Good
P0159,House,End-Terrace,1930-1949,Rented (social),Mains Gas,D,Yes,Nottingham,257,45,Poor,Average,Good,Good
P0160,House,Semi-Detached,2003-2006,Rented (private),Mains Gas,C,Yes,Nottingham,167,30,Good,Good,Average,Good
P0161,House,Semi-Detached,1930-1949,Rented (social),Mains Gas,D,Yes,Nottingham,238,42,Average,Good,Good,Good
P0162,House,Semi-Detached,1950-1966,Owner-occupied,Mains Gas,D,Yes,Nottingham,230,41,Good,Very Poor,Average,Good
P0163,House,End-Terrace,1976-1982,Rented (social),Mains Gas,D,Yes,Nottingham,200,34,Average,Good,Average,Good
P0164,House,Semi-Detached,1991-1995,Rented (social),Mains Gas,D,Yes,Nottingham,276,49,Good,Good,Average,Good
P0167,House,Semi-Detached,1930-1949,Owner-occupied,Mains Gas,D,Yes,Nottingham,232,41,Very Poor,Good,Average,Good
P0168,House,Mid-Terrace,1991-1995,Rented (private),Mains Gas,C,Yes,Nottingham,135,24,Good,Average,Average,Good
P0170,House,Semi-Detached,1930-1949,Rented (social),Mains Gas,D,Yes,Nottingham,223,39,Average,Good,Good,Good
P0171,House,Mid-Terrace,1900-1929,Owner-occupied,Mains Gas,D,Yes,Nottingham,209,35,Very Poor,Average,Poor,Good
P0173,House,Detached,1983-1990,Owner-occupied,Mains Gas,C,Yes,Nottingham,184,32,Good,Good,Average,Good
P0174,House,End-Terrace,1930-1949,Rented (social),Mains Gas,C,Yes,Nottingham,179,31,Good,Good,Good,Good
P0175,House,End-Terrace,1900-1929,Rented (social),Mains Gas,D,Yes,Nottingham,282,50,Very Poor,Very Poor,Good,Good
P0177,House,Mid-Terrace,1983-1990,Owner-occupied,Mains Gas,C,Yes,Nottingham,146,26,Good,Good,Average,Good
P0178,House,Mid-Terrace,1900-1929,Owner-occupied,Mains Gas,D,Yes,Nottingham,195,34,Very Poor,Very Good,Average,Good
P0179,House,Mid-Terrace,1976-1982,Rented (social),Mains Gas,D,Yes,Nottingham,176,31,Average,Good,Poor,Good
P0180,House,Semi-Detached,1983-1990,Rented (social),Mains Gas,D,Yes,Nottingham,213,37,Good,Average,Good,Good
P0181,House,Semi-Detached,1930-1949,Rented (private),Mains Gas,D,Yes,Nottingham,247,44,Good,Good,Poor,Good
P0182,House,End-Terrace,1930-1949,Rented (social),Mains Gas,C,Yes,Nottingham,201,35,Good,Good,Good,Good
P0184,House,End-Terrace,1967-1975,Rented (private),Mains Gas,C,Yes,Nottingham,174,31,Good,Average,Average,Good
P0185,House,Detached,1950-1966,Owner-occupied,Mains Gas,D,Yes,Nottingham,219,39,Poor,Very Good,Average,Good
P0186,House,End-Terrace,1930-1949,Rented (social),Mains Gas,C,Yes,Nottingham,173,30,Good,Very Good,Good,Good
P0187,House,End-Terrace,1930-1949,Rented (social),Mains Gas,C,Yes,Nottingham,224,40,Average,Good,Good,Good
P0188,House,End-Terrace,1950-1966,Rented (private),Mains Gas,C,Yes,Nottingham,184,32,Good,Good,Average,Good
P0190,House,Mid-Terrace,1930-1949,Rented (social),Mains Gas,D,Yes,Nottingham,221,39,Average,Good,Good,Good
P0191,House,End-Terrace,1900-1929,Rented (social),Mains Gas,C,Yes,Nottingham,241,43,Average,Very Good,Good,Good
P0192,House,Semi-Detached,1950-1966,Rented (social),Mains Gas,C,Yes,Nottingham,195,34,Average,Good,Good,Good
P0193,House,Detached,1967-1975,Owner-occupied,Mains Gas,C,Yes,Nottingham,195,34,Average,Average,Average,Good
P0194,House,End-Terrace,1930-1949,Rented (social),Mains Gas,D,Yes,Nottingham,244,43,Average,Good,Good,Good
P0195,House,End-Terrace,1967-1975,Rented (social),Mains Gas,C,Yes,Nottingham,140,25,Good,Good,Average,Good
P0196,House,End-Terrace,1967-1975,Rented (social),Mains Gas,C,Yes,Nottingham,190,35,Good,Poor,Poor,Good
P0197,House,Semi-Detached,1900-1929,Rented (private),Mains Gas,D,Yes,Nottingham,170,31,Very Poor,Average,Poor,Good
P0198,House,Mid-Terrace,1900-1929,Rented (private),Mains Gas,D,Yes,Nottingham,308,54,Poor,Very Poor,Average,Good
P0199,House,Mid-Terrace,1930-1949,Rented (social),Mains Gas,D,Yes,Nottingham,223,39,Average,Good,Good,Good
P0200,House,Semi-Detached,1950-1966,Rented (social),Mains Gas,D,Yes,Nottingham,240,42,Average,Good,Good,Good
P0201,House,Mid-Terrace,1996-2002,Rented (private),Mains Gas,C,Yes,Nottingham,182,32,Good,Average,Average,Good
P0203,House,Semi-Detached,1930-1949,Rented (social),Mains Gas,D,Yes,Nottingham,282,50,Good,Good,Good,Good
P0205,House,Mid-Terrace,1900-1929,Rented (private),Mains Gas,D,Yes,Nottingham,243,43,Very Poor,Average,Average,Good
P0206,House,Mid-Terrace,1930-1949,Rented (social),Mains Gas,D,Yes,Nottingham,234,41,Average,Good,Average,Good
P0207,House,Semi-Detached,1930-1949,Rented (private),Mains Gas,E,Yes,Nottingham,370,65,Very Poor,Good,Good,Good
P0208,House,Semi-Detached,1930-1949,Rented (social),Mains Gas,C,Yes,Nottingham,161,28,Good,Very Good,Good,Good
P0209,House,Mid-Terrace,1930-1949,Rented (social),Mains Gas,C,Yes,Nottingham,215,38,Average,Good,Good,Good
P0210,House,End-Terrace,1930-1949,Rented (social),Mains Gas,C,Yes,Nottingham,192,34,Good,Good,Good,Good
P0211,House,Semi-Detached,2003-2006,Rented (social),Mains Gas,C,Yes,Nottingham,128,23,Very Good,Good,Good,Good
P0212,House,Mid-Terrace,1991-1995,Owner-occupied,Mains Gas,C,Yes,Nottingham,193,34,Good,Average,Average,Good
P0214,House,End-Terrace,1930-1949,Rented (social),Mains Gas,C,Yes,Nottingham,229,40,Average,Good,Good,Good
P0215,House,End-Terrace,1950-1966,Rented (social),Mains Gas,D,Yes,Nottingham,225,39,Average,Good,Good,Good
P0217,House,Semi-Detached,1930-1949,Rented (social),Mains Gas,C,Yes,Nottingham,211,37,Average,Good,Good,Good
P0218,House,Semi-Detached,1900-1929,Rented (private),Mains Gas,C,Yes,Nottingham,187,35,Poor,Very Good,Poor,Good
P0219,House,Mid-Terrace,1900-1929,Owner-occupied,Mains Gas,D,Yes,Nottingham,235,41,Poor,Very Poor,Good,Good
P0220,House,Mid-Terrace,1983-1990,Rented (private),Mains Gas,D,Yes,Nottingham,237,41,Good,Good,Average,Good
P0221,House,Semi-Detached,1930-1949,Rented (social),Mains Gas,D,Yes,Nottingham,312,55,Very Poor,Good,Good,Good
P0222,House,End-Terrace,2003-2006,Rented (social),Mains Gas,C,Yes,Nottingham,133,23,Good,Good,Good,Good
P0224,House,Semi-Detached,1967-1975,Rented (social),Mains Gas,C,Yes,Nottingham,196,34,Very Poor,Good,Poor,Good
P0225,House,End-Terrace,1930-1949,Rented (social),Mains Gas,C,Yes,Nottingham,203,36,Good,Good,Good,Good
P0226,House,Semi-Detached,2003-2006,Rented (private),Mains Gas,C,Yes,Nottingham,128,23,Good,Very Good,Average,Good
P0227,House,Mid-Terrace,1967-1975,Owner-occupied,Mains Gas,E,Yes,Nottingham,270,47,Average,Poor,Poor,Good
P0228,House,End-Terrace,1900-1929,Owner-occupied,Mains Gas,F,Yes,Nottingham,608,106,Very Poor,Very Poor,Good,Average
P0229,House,Semi-Detached,1976-1982,Rented (social),Community Heating,E,No,Nottingham,369,30,Average,Good,Average,Good
P0230,House,Mid-Terrace,1930-1949,Owner-occupied,Mains Gas,C,Yes,Nottingham,189,34,Poor,Good,Poor,Good
P0231,House,End-Terrace,1930-1949,Rented (social),Mains Gas,D,Yes,Nottingham,291,51,Average,Good,Good,Good
P0233,House,End-Terrace,1930-1949,Rented (social),Mains Gas,C,Yes,Nottingham,176,31,Average,Good,Average,Good
P0236,House,Mid-Terrace,1950-1966,Rented (private),Mains Gas,D,Yes,Nottingham,275,48,Average,Very Poor,Average,Good
P0237,House,Semi-Detached,1930-1949,Rented (social),Mains Gas,D,Yes,Nottingham,237,41,Average,Good,Good,Good
P0238,House,Mid-Terrace,1930-1949,Rented (social),Mains Gas,B,Yes,Nottingham,124,22,Good,Good,Good,Good
P0239,House,Semi-Detached,1950-1966,Owner-occupied,Mains Gas,D,Yes,Nottingham,237,42,Average,Good,Average,Good
P0240,House,Semi-Detached,1983-1990,Rented (social),Mains Gas,C,Yes,Nottingham,171,30,Good,Good,Average,Good
P0241,House,Semi-Detached,1950-1966,Rented (private),Mains Gas,C,Yes,Nottingham,196,35,Average,Very Good,Average,Good
P0242,House,Mid-Terrace,1950-1966,Owner-occupied,Mains Gas,D,Yes,Nottingham,206,36,Good,Good,Average,Good
P0243,House,Mid-Terrace,1930-1949,Rented (social),Mains Gas,D,Yes,Nottingham,235,41,Average,Good,Good,Good
P0244,House,Semi-Detached,1930-1949,Owner-occupied,Mains Gas,D,Yes,Nottingham,230,41,Very Poor,Good,Good,Good
P0245,House,Semi-Detached,1930-1949,Rented (private),Mains Gas,C,Yes,Nottingham,169,31,Very Poor,Average,Average,Good
P0246,House,Semi-Detached,1900-1929,Rented (social),Mains Gas,D,Yes,Nottingham,300,53,Very Poor,Good,Good,Good
P0247,House,Semi-Detached,1967-1975,Owner-occupied,Mains Gas,D,Yes,Nottingham,259,45,Average,Very Poor,Average,Good
P0250,House,Mid-Terrace,1930-1949,Rented (social),Mains Gas,D,Yes,Nottingham,224,39,Average,Good,Good,Good
P0251,House,Semi-Detached,1930-1949,Rented (social),Mains Gas,E,Yes,Nottingham,350,61,Average,Good,Good,Good
P0252,House,Mid-Terrace,1950-1966,Rented (private),Mains Gas,D,Yes,Nottingham,237,42,Very Poor,Average,Average,Good
P0253,House,End-Terrace,1930-1949,Rented (social),Mains Gas,D,Yes,Nottingham,250,44,Average,Good,Average,Good
P0254,House,Mid-Terrace,1930-1949,Rented (social),Mains Gas,D,Yes,Nottingham,222,39,Average,Good,Good,Good
P0256,House,Mid-Terrace,1930-1949,Owner-occupied,Mains Gas,D,Yes,Nottingham,221,40,Very Poor,Good,Average,Good
P0257,House,Mid-Terrace,1930-1949,Owner-occupied,Mains Gas,D,Yes,Nottingham,250,44,Very Poor,Average,Good,Good
P0258,House,Semi-Detached,1967-1975,Rented (social),Mains Gas,C,Yes,Nottingham,187,33,Average,Very Good,Good,Good
P0259,House,Semi-Detached,1930-1949,Owner-occupied,Mains Gas,D,Yes,Nottingham,273,48,Very Poor,Good,Poor,Good
P0260,House,Mid-Terrace,1976-1982,Rented (social),Mains Gas,C,Yes,Nottingham,173,30,Good,Good,Average,Good
P0261,House,Semi-Detached,1900-1929,Rented (social),Mains Gas,C,Yes,Nottingham,189,34,Poor,Good,Good,Good
P0262,House,Detached,1967-1975,Owner-occupied,Mains Gas,C,Yes,Nottingham,112,20,Good,Good,Good,Good
P0263,House,Semi-Detached,1950-1966,Owner-occupied,Mains Gas,C,Yes,Nottingham,171,30,Good,Good,Good,Good
P0265,House,Mid-Terrace,1930-1949,Rented (private),Mains Gas,D,Yes,Nottingham,255,45,Poor,Very Poor,Poor,Good
P0266,House,Semi-Detached,1930-1949,Owner-occupied,Mains Gas,C,Yes,Nottingham,151,27,Very Poor,Good,Average,Good
P0268,House,Semi-Detached,1900-1929,Rented (social),Mains Gas,E,Yes,Nottingham,330,58,Very Poor,Very Poor,Good,Good
P0269,House,Mid-Terrace,1967-1975,Rented (social),Mains Gas,C,Yes,Nottingham,198,35,Very Poor,Good,Good,Good
P0270,House,End-Terrace,1967-1975,Owner-occupied,Mains Gas,E,Yes,Nottingham,353,61,Average,Very Good,Average,Good
P0271,House,Semi-Detached,1950-1966,Owner-occupied,Mains Gas,D,Yes,Nottingham,265,52,Poor,Average,Average,Good
P0272,House,End-Terrace,1900-1929,Rented (social),Mains Gas,E,Yes,Nottingham,345,60,Poor,Good,Good,Good
P0273,House,End-Terrace,1900-1929,Owner-occupied,Mains Gas,E,Yes,Nottingham,374,68,Very Poor,Good,Poor,Good
P0274,House,Semi-Detached,1930-1949,Rented (social),Mains Gas,D,Yes,Nottingham,236,42,Poor,Good,Good,Good
P0275,House,End-Terrace,1950-1966,Rented (social),Mains Gas,D,Yes,Nottingham,221,39,Good,Very Poor,Good,Good
P0276,House,Mid-Terrace,1930-1949,Rented (social),Mains Gas,C,Yes,Nottingham,131,23,Good,Good,Good,Good
P0277,House,Mid-Terrace,1900-1929,Rented (social),Mains Gas,D,Yes,Nottingham,276,48,Very Poor,Good,Average,Good
P0279,House,Semi-Detached,1967-1975,Owner-occupied,Mains Gas,C,Yes,Nottingham,206,36,Average,Good,Average,Good
P0281,House,Mid-Terrace,1930-1949,Rented (social),Mains Gas,C,Yes,Nottingham,141,25,Good,Good,Good,Good
P0282,House,Semi-Detached,1950-1966,Owner-occupied,Mains Gas,C,Yes,Nottingham,147,27,Good,Good,Poor,Good
P0283,House,Semi-Detached,2012 onwards,Owner-occupied,Mains Gas,B,Yes,Nottingham,96,17,Very Good,Good,Good,Good
P0284,House,Detached,1900-1929,Rented (social),Mains Gas,E,Yes,Nottingham,327,69,Very Poor,Good,Good,Good
P0285,House,Detached,before 1900,Owner-occupied,Mains Gas,C,Yes,Nottingham,173,28,Good,Poor,Good,Good
P0286,House,Semi-Detached,1983-1990,Owner-occupied,Mains Gas,C,Yes,Nottingham,182,30,Good,Average,Average,Good
P0287,House,Semi-Detached,1930-1949,Owner-occupied,Mains Gas,D,Yes,Nottingham,276,49,Very Poor,Good,Good,Good
P0288,House,Mid-Terrace,1900-1929,Owner-occupied,Mains Gas,D,Yes,Nottingham,216,33,Very Poor,Very Good,Very Poor,Good
P0289,House,Mid-Terrace,1930-1949,Rented (social),Mains Gas,D,Yes,Nottingham,218,38,Average,Good,Average,Good
P0290,House,Semi-Detached,1950-1966,Rented (social),Mains Gas,B,Yes,Nottingham,116,21,Good,Good,Good,Good
P0291,House,Semi-Detached,1950-1966,Rented (social),Mains Gas,D,Yes,Nottingham,244,43,Very Poor,Good,Good,Good
P0292,House,End-Terrace,1900-1929,Rented (social),Mains Gas,D,Yes,Nottingham,308,54,Very Poor,Very Good,Good,Good
P0293,House,Mid-Terrace,1900-1929,Rented (social),Mains Gas,C,Yes,Nottingham,202,36,Very Poor,Very Good,Good,Good
P0294,House,Semi-Detached,1930-1949,Owner-occupied,Mains Gas,C,Yes,Nottingham,218,38,Very Poor,Good,Average,Good
P0295,House,End-Terrace,1950-1966,Rented (social),Mains Gas,C,Yes,Nottingham,145,26,Average,Very Good,Good,Good
P0296,House,Semi-Detached,1950-1966,Rented (social),Mains Gas,D,Yes,Nottingham,230,40,Average,Good,Good,Good
P0297,House,Semi-Detached,1930-1949,Rented (social),Mains Gas,C,Yes,Nottingham,214,38,Average,Good,Average,Good
P0298,House,End-Terrace,1900-1929,Owner-occupied,Mains Gas,D,Yes,Nottingham,251,46,Very Poor,Average,Average,Good
P0299,House,Mid-Terrace,1900-1929,Rented (social),Mains Gas,D,Yes,Nottingham,276,48,Very Poor,Good,Good,Good
P0300,House,Mid-Terrace,1950-1966,Rented (private),Mains Gas,C,Yes,Nottingham,205,36,Very Poor,Very Good,Good,Good
P0301,House,End-Terrace,1976-1982,Owner-occupied,Mains Gas,C,Yes,Nottingham,126,23,Very Good,Average,Poor,Good
P0302,House,Semi-Detached,1950-1966,Rented (social),Mains Gas,D,Yes,Nottingham,240,42,Average,Good,Good,Good
P0303,House,Mid-Terrace,1930-1949,Rented (private),Mains Gas,C,Yes,Nottingham,182,32,Average,Average,Good,Good
P0304,House,End-Terrace,1930-1949,Rented (social),Mains Gas,C,Yes,Nottingham,185,32,Good,Good,Good,Good
P0305,House,End-Terrace,1930-1949,Rented (social),Mains Gas,D,Yes,Nottingham,222,39,Average,Good,Good,Good
P0306,House,Semi-Detached,1900-1929,Owner-occupied,Mains Gas,D,Yes,Nottingham,295,54,Very Poor,Average,Poor,Good
P0307,House,Mid-Terrace,1950-1966,Owner-occupied,Mains Gas,D,Yes,Nottingham,229,42,Poor,Average,Poor,Good
P0308,House,End-Terrace,1900-1929,Rented (private),Mains Gas,D,Yes,Nottingham,253,46,Very Poor,Good,Average,Good
P0309,House,End-Terrace,1930-1949,Rented (social),Mains Gas,D,Yes,Nottingham,229,40,Average,Good,Good,Good
P0310,House,End-Terrace,1976-1982,Rented (social),Electricity,D,No,Nottingham,166,15,Good,Good,Average,Average
P0311,House,End-Terrace,1930-1949,Rented (social),Mains Gas,C,Yes,Nottingham,226,40,Average,Good,Good,Good
P0312,House,End-Terrace,before 1900,Owner-occupied,Mains Gas,D,Yes,Nottingham,202,37,Poor,Very Poor,Average,Good
P0313,House,Semi-Detached,1900-1929,Rented (social),Mains Gas,E,Yes,Nottingham,398,70,Very Poor,Good,Good,Good
P0314,House,End-Terrace,1950-1966,Owner-occupied,Mains Gas,E,Yes,Nottingham,307,53,Good,Poor,Very Poor,Average
P0315,House,Semi-Detached,1930-1949,Rented (social),Mains Gas,D,Yes,Nottingham,286,50,Good,Good,Good,Good
P0316,House,Mid-Terrace,1900-1929,Owner-occupied,Mains Gas,D,Yes,Nottingham,203,37,Very Poor,Good,Poor,Good
P0317,House,Mid-Terrace,1930-1949,Rented (social),Mains Gas,D,Yes,Nottingham,224,39,Average,Good,Good,Good
P0318,House,Mid-Terrace,1930-1949,Rented (social),Mains Gas,D,Yes,Nottingham,218,38,Average,Good,Good,Good
P0319,House,Mid-Terrace,1900-1929,Rented (private),Mains Gas,D,Yes,Nottingham,264,47,Very Poor,Very Poor,Average,Good
P0320,House,Semi-Detached,1930-1949,Owner-occupied,Mains Gas,D,Yes,Nottingham,250,44,Very Poor,Very Good,Average,Good
P0321,House,Semi-Detached,1930-1949,Rented (social),Mains Gas,D,Yes,Nottingham,256,45,Average,Good,Good,Good
P0322,House,End-Terrace,1900-1929,Rented (social),Mains Gas,E,Yes,Nottingham,337,59,Poor,Very Poor,Good,Good
P0323,House,Mid-Terrace,1976-1982,Rented (social),Mains Gas,C,Yes,Nottingham,191,34,Good,Good,Good,Good
P0324,House,End-Terrace,1950-1966,Rented (private),Mains Gas,C,Yes,Nottingham,190,33,Average,Good,Average,Good
P0325,House,End-Terrace,1930-1949,Rented (social),Mains Gas,D,Yes,Nottingham,237,41,Average,Good,Good,Good
P0326,House,End-Terrace,1967-1975,Rented (social),Mains Gas,C,Yes,Nottingham,183,32,Good,Good,Good,Good
P0327,House,Semi-Detached,1967-1975,Owner-occupied,Mains Gas,B,Yes,Nottingham,84,15,Average,Good,Average,Good
P0328,House,Mid-Terrace,1976-1982,Rented (social),Mains Gas,C,Yes,Nottingham,134,23,Good,Good,Average,Good
P0329,House,Semi-Detached,1930-1949,Owner-occupied,Mains Gas,C,Yes,Nottingham,118,21,Good,Very Good,Average,Good
P0330,House,End-Terrace,1983-1990,Owner-occupied,Mains Gas,C,Yes,Nottingham,160,28,Good,Good,Poor,Good
P0331,House,Mid-Terrace,1900-1929,Rented (social),Mains Gas,C,Yes,Nottingham,160,29,Good,Very Good,Poor,Good
P0332,House,Mid-Terrace,1930-1949,Rented (social),Mains Gas,C,Yes,Nottingham,213,37,Good,Good,Good,Good
P0333,House,End-Terrace,1967-1975,Rented (social),Mains Gas,C,Yes,Nottingham,185,32,Average,Good,Good,Good
P0334,House,End-Terrace,1991-1995,Rented (social),Mains Gas,D,Yes,Nottingham,250,44,Good,Good,Average,Good
P0335,House,Semi-Detached,2012 onwards,Rented (social),Mains Gas,B,Yes,Nottingham,64,12,Very Good,Good,Good,Good
P0336,House,End-Terrace,1900-1929,Owner-occupied,Mains Gas,E,Yes,Nottingham,330,58,Very Poor,Very Poor,Average,Good
P0337,House,Mid-Terrace,1976-1982,Rented (social),Community Heating,C,Yes,Nottingham,218,10,Good,Poor,Average,Good
P0339,House,Semi-Detached,1900-1929,Rented (social),Mains Gas,D,Yes,Nottingham,233,40,Poor,Good,Average,Good
P0340,House,Mid-Terrace,1900-1929,Rented (social),Mains Gas,D,Yes,Nottingham,218,37,Very Poor,Good,Average,Good
P0341,House,Mid-Terrace,before 1900,Rented (private),Mains Gas,D,Yes,Nottingham,213,39,Poor,Average,Poor,Good
P0342,House,Semi-Detached,1950-1966,Owner-occupied,Mains Gas,C,Yes,Nottingham,197,35,Good,Good,Average,Good
P0343,House,Semi-Detached,1950-1966,Owner-occupied,Mains Gas,D,Yes,Nottingham,247,44,Average,Very Poor,Good,Good
P0344,House,Mid-Terrace,1976-1982,Rented (social),Mains Gas,C,Yes,Nottingham,153,27,Good,Very Good,Good,Good
P0346,House,Detached,1900-1929,Owner-occupied,Mains Gas,D,Yes,Nottingham,319,56,Very Poor,Good,Average,Good
P0348,House,Semi-Detached,1950-1966,Owner-occupied,Mains Gas,D,Yes,Nottingham,209,38,Good,Average,Poor,Good
P0349,House,End-Terrace,1950-1966,Owner-occupied,Mains Gas,C,Yes,Nottingham,164,29,Good,Average,Poor,Good
P0350,House,Semi-Detached,2012 onwards,Owner-occupied,Mains Gas,C,Yes,Nottingham,113,20,Very Good,Very Good,Good,Good
P0351,House,End-Terrace,1930-1949,Rented (social),Mains Gas,C,Yes,Nottingham,215,38,Good,Good,Good,Good
P0352,House,End-Terrace,1950-1966,Owner-occupied,Community Heating,D,Yes,Nottingham,5,1,Good,Good,Poor,Average
P0353,House,Semi-Detached,1967-1975,Owner-occupied,Mains Gas,D,Yes,Nottingham,208,35,Poor,Poor,Average,Good
P0354,House,Semi-Detached,1930-1949,Rented (social),Mains Gas,D,Yes,Nottingham,251,44,Very Poor,Good,Good,Good
P0355,House,End-Terrace,1950-1966,Owner-occupied,Mains Gas,B,Yes,Nottingham,86,16,Very Good,Good,Average,Good
P0356,House,End-Terrace,1900-1929,Rented (social),Mains Gas,D,Yes,Nottingham,274,51,Good,Good,Good,Good
P0358,House,Mid-Terrace,1950-1966,Rented (social),Mains Gas,C,Yes,Nottingham,157,28,Good,Good,Good,Good
P0360,House,End-Terrace,1930-1949,Rented (social),Mains Gas,C,Yes,Nottingham,207,37,Average,Good,Average,Good
P0361,House,Mid-Terrace,1900-1929,Rented (social),Mains Gas,D,Yes,Nottingham,205,38,Very Poor,Good,Poor,Good
P0362,House,Mid-Terrace,1900-1929,Owner-occupied,Mains Gas,C,Yes,Nottingham,161,28,Poor,Good,Average,Good
P0363,House,End-Terrace,1991-1995,Rented (private),Mains Gas,C,Yes,Nottingham,222,39,Good,Average,Average,Good
P0364,House,Mid-Terrace,1930-1949,Rented (social),Mains Gas,D,Yes,Nottingham,217,38,Average,Good,Good,Good
P0365,House,Mid-Terrace,1900-1929,Owner-occupied,Mains Gas,D,Yes,Nottingham,301,53,Very Poor,Very Poor,Average,Good
P0366,House,Detached,1930-1949,Owner-occupied,Mains Gas,E,Yes,Nottingham,325,57,Very Poor,Good,Average,Good
P0367,House,Mid-Terrace,1930-1949,Rented (social),Mains Gas,D,Yes,Nottingham,228,40,Average,Good,Good,Good
P0368,House,End-Terrace,1930-1949,Rented (social),Mains Gas,D,Yes,Nottingham,245,43,Average,Good,Average,Good
P0369,House,Semi-Detached,1950-1966,Rented (private),Mains Gas,C,Yes,Nottingham,169,30,Good,Good,Average,Good
P0370,House,End-Terrace,1967-1975,Rented (social),Mains Gas,E,Yes,Nottingham,244,40,Very Poor,Good,Average,Good
P0371,House,End-Terrace,1950-1966,Rented (social),Mains Gas,C,Yes,Nottingham,201,35,Average,Good,Good,Good
P0374,House,Detached,2007-2011,Owner-occupied,Mains Gas,C,Yes,Nottingham,134,24,Good,Good,Average,Good
P0375,House,Detached,1976-1982,Owner-occupied,Mains Gas,D,Yes,Nottingham,242,43,Average,Good,Average,Good
P0376,House,End-Terrace,1930-1949,Rented (social),Mains Gas,D,Yes,Nottingham,221,39,Average,Good,Good,Good
P0377,House,Semi-Detached,1930-1949,Rented (social),Mains Gas,D,Yes,Nottingham,257,45,Very Poor,Good,Good,Good
P0378,House,End-Terrace,1983-1990,Rented (social),Mains Gas,C,Yes,Nottingham,146,26,Good,Good,Good,Good
P0379,House,End-Terrace,1900-1929,Rented (social),Mains Gas,D,Yes,Nottingham,320,56,Very Poor,Very Poor,Good,Good
P0380,House,Semi-Detached,1930-1949,Rented (private),Mains Gas,D,Yes,Nottingham,242,43,Very Poor,Good,Poor,Good
P0381,House,Detached,1983-1990,Owner-occupied,Mains Gas,C,Yes,Nottingham,174,32,Good,Good,Poor,Good
P0382,House,End-Terrace,1930-1949,Rented (social),Mains Gas,C,Yes,Nottingham,231,41,Average,Good,Good,Good
P0383,House,Mid-Terrace,1967-1975,Owner-occupied,Electricity,E,No,Nottingham,215,20,Very Poor,Good,Average,Good
P0385,House,Mid-Terrace,1950-1966,Rented (social),Mains Gas,C,Yes,Nottingham,119,21,Good,Good,Average,Good
P0387,House,End-Terrace,1930-1949,Rented (social),Mains Gas,C,Yes,Nottingham,190,33,Good,Good,Good,Good
P0390,House,Semi-Detached,1950-1966,Owner-occupied,Electricity,D,No,Nottingham,193,33,Good,Average,Average,Good
P0391,House,End-Terrace,1950-1966,Owner-occupied,Mains Gas,D,Yes,Nottingham,198,35,Average,Very Poor,Good,Good
P0392,House,End-Terrace,1930-1949,Owner-occupied,Mains Gas,D,Yes,Nottingham,264,46,Very Poor,Average,Average,Good
P0393,House,End-Terrace,1950-1966,Rented (social),Mains Gas,D,Yes,Nottingham,270,48,Average,Very Poor,Good,Good
P0394,House,Mid-Terrace,1900-1929,Rented (social),Mains Gas,C,Yes,Nottingham,202,36,Very Poor,Good,Average,Good
P0398,House,End-Terrace,1950-1966,Owner-occupied,Mains Gas,C,Yes,Nottingham,222,39,Average,Good,Average,Good
P0399,House,Semi-Detached,1930-1949,Rented (social),Mains Gas,D,Yes,Nottingham,261,46,Average,Good,Good,Good
P0401,House,Mid-Terrace,1967-1975,Owner-occupied,Mains Gas,C,Yes,Nottingham,182,32,Average,Very Good,Average,Good
P0402,House,End-Terrace,1996-2002,Owner-occupied,Mains Gas,C,Yes,Nottingham,140,26,Good,Very Good,Poor,Good
P0403,House,Mid-Terrace,1976-1982,Rented (social),Mains Gas,C,Yes,Nottingham,181,32,Good,Good,Good,Good
P0405,House,Detached,1900-1929,Rented (private),Mains Gas,E,Yes,Nottingham,355,65,Very Poor,Average,Average,Good
P0406,House,Semi-Detached,1930-1949,Rented (social),Mains Gas,D,Yes,Nottingham,235,41,Average,Good,Good,Good
P0407,House,Semi-Detached,1930-1949,Rented (social),Mains Gas,C,Yes,Nottingham,186,33,Good,Good,Good,Good
P0408,House,Mid-Terrace,1900-1929,Owner-occupied,Mains Gas,D,Yes,Nottingham,213,39,Very Poor,Average,Very Poor,Good
P0409,House,End-Terrace,1930-1949,Rented (social),Mains Gas,D,Yes,Nottingham,303,53,Average,Very Poor,Good,Good
P0410,House,End-Terrace,1930-1949,Rented (social),Mains Gas,C,Yes,Nottingham,208,36,Good,Good,Good,Good
P0411,House,End-Terrace,1930-1949,Rented (social),Mains Gas,D,Yes,Nottingham,242,42,Average,Good,Good,Good
P0412,House,Mid-Terrace,1930-1949,Owner-occupied,Community Heating,C,No,Nottingham,26,3,Good,Average,Average,Average
P0413,House,Semi-Detached,1900-1929,Rented (social),Mains Gas,C,Yes,Nottingham,223,42,Very Poor,Very Good,Poor,Good
P0414,House,End-Terrace,1930-1949,Rented (social),Mains Gas,D,Yes,Nottingham,236,41,Good,Average,Good,Good
P0415,House,Semi-Detached,1967-1975,Owner-occupied,Mains Gas,C,Yes,Nottingham,184,33,Good,Very Good,Average,Good
P0416,House,End-Terrace,1930-1949,Rented (social),Mains Gas,C,Yes,Nottingham,195,34,Good,Good,Good,Good
P0417,House,End-Terrace,1976-1982,Rented (social),Mains Gas,C,Yes,Nottingham,178,31,Good,Good,Good,Good
P0418,House,Mid-Terrace,1950-1966,Rented (social),Mains Gas,C,Yes,Nottingham,160,28,Good,Good,Good,Good
P0419,House,Semi-Detached,1950-1966,Rented (social),Mains Gas,D,Yes,Nottingham,269,47,Very Poor,Good,Good,Good
P0420,House,End-Terrace,1900-1929,Owner-occupied,Mains Gas,D,Yes,Nottingham,333,59,Very Poor,Average,Poor,Good
P0421,House,End-Terrace,1967-1975,Owner-occupied,Mains Gas,D,Yes,Nottingham,276,48,Average,Very Poor,Good,Good
P0422,House,End-Terrace,1930-1949,Rented (social),Mains Gas,D,Yes,Nottingham,282,49,Poor,Good,Good,Good
P0423,House,Mid-Terrace,1967-1975,Rented (social),Mains Gas,C,Yes,Nottingham,164,29,Good,Good,Good,Good
P0424,House,Mid-Terrace,1930-1949,Rented (social),Mains Gas,D,Yes,Nottingham,228,40,Average,Good,Good,Good
P0425,House,End-Terrace,1900-1929,Owner-occupied,Mains Gas,D,Yes,Nottingham,270,49,Poor,Average,Poor,Good
P0426,House,Semi-Detached,1930-1949,Rented (social),Mains Gas,D,Yes,Nottingham,251,44,Average,Good,Average,Good
P0427,House,Mid-Terrace,1967-1975,Rented (social),Community Heating,C,Yes,Nottingham,177,9,Good,Good,Average,Good
P0428,House,Mid-Terrace,1967-1975,Owner-occupied,Mains Gas,C,Yes,Nottingham,189,33,Very Poor,Good,Average,Good
P0429,House,End-Terrace,1930-1949,Rented (social),Mains Gas,D,Yes,Nottingham,232,41,Average,Good,Good,Good
P0430,House,Semi-Detached,1983-1990,Owner-occupied,Mains Gas,C,Yes,Nottingham,219,38,Good,Average,Good,Good
P0431,House,Semi-Detached,1900-1929,Rented (social),Mains Gas,D,Yes,Nottingham,320,56,Very Poor,Good,Good,Good
P0432,House,Semi-Detached,1976-1982,Rented (social),Mains Gas,D,Yes,Nottingham,245,43,Average,Good,Good,Good
P0433,House,Mid-Terrace,1976-1982,Rented (social),Mains Gas,C,Yes,Nottingham,184,32,Good,Good,Good,Good
P0435,House,Semi-Detached,1950-1966,Rented (social),Mains Gas,D,Yes,Nottingham,233,41,Average,Good,Good,Good
P0436,House,Semi-Detached,1930-1949,Rented (social),Mains Gas,C,Yes,Nottingham,180,31,Good,Good,Poor,Good
P0438,House,End-Terrace,1930-1949,Rented (social),Mains Gas,D,Yes,Nottingham,238,42,Average,Good,Good,Good
P0439,House,End-Terrace,1967-1975,Rented (social),Mains Gas,D,Yes,Nottingham,218,38,Average,Good,Good,Good
P0440,House,End-Terrace,1950-1966,Rented (private),Mains Gas,C,Yes,Nottingham,170,30,Good,Good,Average,Good
P0441,House,Semi-Detached,1900-1929,Owner-occupied,Mains Gas,D,Yes,Nottingham,286,44,Very Poor,Average,Average,Good
P0442,House,Semi-Detached,1930-1949,Rented (social),Mains Gas,D,Yes,Nottingham,197,35,Good,Very Good,Poor,Good
P0443,House,Semi-Detached,1950-1966,Owner-occupied,Mains Gas,D,Yes,Nottingham,287,51,Very Poor,Good,Very Poor,Good
P0445,House,Mid-Terrace,1967-1975,Rented (private),Mains Gas,C,Yes,Nottingham,179,32,Average,Average,Average,Good
P0447,House,Detached,1996-2002,Owner-occupied,Mains Gas,C,Yes,Nottingham,174,31,Good,Good,Average,Good
P0450,House,Mid-Terrace,1900-1929,Rented (social),Mains Gas,D,Yes,Nottingham,287,50,Very Poor,Good,Good,Good
P0451,House,End-Terrace,1930-1949,Rented (private),Mains Gas,D,Yes,Nottingham,255,43,Very Poor,Good,Average,Good
P0452,House,Mid-Terrace,1983-1990,Owner-occupied,Mains Gas,C,Yes,Nottingham,208,36,Good,Good,Poor,Good
P0453,House,Detached,1967-1975,Owner-occupied,Mains Gas,C,Yes,Nottingham,196,35,Average,Good,Good,Good
P0457,House,End-Terrace,1900-1929,Rented (private),Mains Gas,D,Yes,Nottingham,259,46,Very Poor,Good,Average,Good
P0458,House,Mid-Terrace,1976-1982,Rented (social),Mains Gas,B,Yes,Nottingham,120,21,Good,Good,Good,Good
P0459,House,Semi-Detached,1930-1949,Owner-occupied,Mains Gas,C,Yes,Nottingham,158,28,Very Poor,Good,Average,Good
P0461,House,Mid-Terrace,1967-1975,Rented (social),Mains Gas,C,Yes,Nottingham,180,32,Average,Good,Average,Good
P0462,House,Semi-Detached,1950-1966,Owner-occupied,Mains Gas,B,Yes,Nottingham,119,21,Average,Good,Average,Good
P0463,House,Semi-Detached,1930-1949,Rented (social),Mains Gas,D,Yes,Nottingham,239,42,Average,Good,Average,Good
P0464,House,Semi-Detached,1983-1990,Owner-occupied,Mains Gas,C,Yes,Nottingham,163,30,Good,Good,Poor,Good
P0465,House,End-Terrace,1930-1949,Rented (social),Mains Gas,D,Yes,Nottingham,177,30,Good,Good,Average,Good
P0466,House,Semi-Detached,1950-1966,Rented (social),Mains Gas,D,Yes,Nottingham,252,44,Good,Very Poor,Good,Good
P0467,House,Mid-Terrace,1900-1929,Rented (social),Mains Gas,C,Yes,Nottingham,131,23,Good,Good,Average,Good
P0468,House,Mid-Terrace,1930-1949,Rented (social),Mains Gas,D,Yes,Nottingham,285,50,Very Poor,Poor,Average,Good
P0469,House,Semi-Detached,1950-1966,Rented (social),Mains Gas,C,Yes,Nottingham,162,29,Good,Good,Good,Good
P0471,House,Semi-Detached,1950-1966,Owner-occupied,Mains Gas,C,Yes,Nottingham,210,37,Poor,Average,Good,Good
P0472,House,Mid-Terrace,1950-1966,Rented (social),Mains Gas,D,Yes,Nottingham,276,48,Very Poor,Good,Good,Good
P0473,House,Mid-Terrace,1950-1966,Rented (social),Mains Gas,F,Yes,Nottingham,439,75,Average,Good,Good,Very Poor
P0474,House,Mid-Terrace,1950-1966,Rented (social),Mains Gas,C,Yes,Nottingham,164,29,Good,Good,Good,Good
P0476,House,End-Terrace,2003-2006,Owner-occupied,Mains Gas,C,Yes,Nottingham,135,24,Good,Good,Average,Good
P0477,House,Mid-Terrace,1900-1929,Owner-occupied,Mains Gas,D,Yes,Nottingham,275,48,Very Poor,Very Poor,Average,Good
P0478,House,Semi-Detached,1950-1966,Owner-occupied,Mains Gas,C,Yes,Nottingham,182,32,Good,Good,Average,Good
P0479,House,End-Terrace,1900-1929,Rented (social),Mains Gas,C,Yes,Nottingham,153,27,Good,Good,Average,Good
P0480,House,End-Terrace,1930-1949,Rented (social),Mains Gas,D,Yes,Nottingham,224,39,Average,Good,Good,Good
P0481,House,End-Terrace,1900-1929,Rented (social),Mains Gas,D,Yes,Nottingham,267,47,Very Poor,Good,Good,Good
P0482,House,End-Terrace,1900-1929,Rented (social),Mains Gas,D,Yes,Nottingham,220,38,Poor,Very Good,Good,Good
P0483,House,Semi-Detached,1930-1949,Rented (social),Mains Gas,D,Yes,Nottingham,223,39,Average,Good,Good,Good
P0484,House,End-Terrace,1900-1929,Rented (social),Mains Gas,E,Yes,Nottingham,356,62,Very Poor,Very Poor,Good,Good
P0485,House,End-Terrace,1950-1966,Rented (social),Mains Gas,C,Yes,Nottingham,153,27,Average,Good,Good,Good
P0486,House,Mid-Terrace,1950-1966,Rented (private),Mains Gas,C,Yes,Nottingham,214,38,Very Poor,Very Good,Average,Good
P0488,House,Mid-Terrace,1950-1966,Owner-occupied,Mains Gas,C,Yes,Nottingham,196,36,Very Poor,Very Good,Poor,Good
P0489,House,Mid-Terrace,1900-1929,Rented (social),Mains Gas,D,Yes,Nottingham,280,49,Very Poor,Very Poor,Good,Good
P0490,House,Mid-Terrace,1900-1929,Rented (social),Mains Gas,D,Yes,Nottingham,229,40,Very Poor,Good,Average,Good
P0492,House,Semi-Detached,1950-1966,Owner-occupied,Mains Gas,D,Yes,Nottingham,233,43,Very Poor,Good,Average,Good
P0493,House,Mid-Terrace,1967-1975,Owner-occupied,Mains Gas,C,Yes,Nottingham,184,32,Good,Good,Average,Good
P0494,House,Mid-Terrace,1930-1949,Rented (social),Mains Gas,D,Yes,Nottingham,171,29,Good,Very Good,Average,Good
P0495,House,Mid-Terrace,1900-1929,Owner-occupied,Mains Gas,D,Yes,Nottingham,199,35,Very Poor,Very Good,Average,Good
P0496,House,Mid-Terrace,1950-1966,Rented (social),Mains Gas,D,Yes,Nottingham,157,26,Good,Good,Poor,Good
P0497,House,End-Terrace,1900-1929,Rented (social),Mains Gas,D,Yes,Nottingham,257,45,Very Poor,Good,Good,Good
P0498,House,Semi-Detached,1930-1949,Owner-occupied,Mains Gas,D,Yes,Nottingham,328,58,Very Poor,Very Poor,Average,Good
P0500,House,Semi-Detached,1983-1990,Rented (social),Mains Gas,C,Yes,Nottingham,202,35,Good,Good,Good,Good
P0502,House,Mid-Terrace,1900-1929,Rented (social),Mains Gas,C,Yes,Nottingham,169,30,Very Poor,Very Good,Average,Good
P0503,House,Semi-Detached,1930-1949,Rented (social),Mains Gas,C,Yes,Nottingham,154,28,Average,Average,Good,Good
P0505,House,End-Terrace,1950-1966,Owner-occupied,Mains Gas,C,Yes,Nottingham,167,29,Good,Good,Average,Good
P0506,House,Mid-Terrace,1930-1949,Rented (social),Mains Gas,B,Yes,Nottingham,113,20,Good,Good,Good,Good
P0507,House,Detached,1900-1929,Rented (private),Mains Gas,E,Yes,Nottingham,367,64,Average,Very Good,Very Poor,Good
P0508,House,Mid-Terrace,1950-1966,Rented (private),Mains Gas,D,Yes,Nottingham,130,19,Good,Average,Average,Good
P0509,House,Semi-Detached,1950-1966,Rented (social),Mains Gas,C,Yes,Nottingham,199,35,Average,Good,Good,Good
P0511,House,Detached,1967-1975,Owner-occupied,Mains Gas,D,Yes,Nottingham,198,36,Poor,Good,Poor,Good
P0512,House,Mid-Terrace,1930-1949,Rented (social),Mains Gas,D,Yes,Nottingham,233,41,Very Poor,Very Poor,Good,Good
P0513,House,End-Terrace,1930-1949,Rented (social),Mains Gas,D,Yes,Nottingham,239,42,Average,Good,Good,Good
P0514,House,Semi-Detached,1930-1949,Rented (social),Mains Gas,D,Yes,Nottingham,235,41,Average,Good,Good,Good
P0515,House,Semi-Detached,1950-1966,Rented (private),Mains Gas,C,Yes,Nottingham,138,23,Good,Good,Poor,Good
P0516,House,Mid-Terrace,1930-1949,Rented (social),Mains Gas,D,Yes,Nottingham,244,43,Average,Good,Good,Good
P0518,House,Semi-Detached,1900-1929,Rented (social),Mains Gas,D,Yes,Nottingham,310,54,Very Poor,Good,Good,Good
P0519,House,Semi-Detached,1983-1990,Rented (social),Mains Gas,C,Yes,Nottingham,201,35,Good,Good,Good,Good
P0520,House,End-Terrace,1976-1982,Rented (social),Mains Gas,D,Yes,Nottingham,185,31,Average,Good,Average,Good
P0521,House,End-Terrace,1930-1949,Rented (social),Mains Gas,D,Yes,Nottingham,220,38,Good,Good,Good,Good
P0522,House,Mid-Terrace,1930-1949,Rented (social),Mains Gas,C,Yes,Nottingham,190,33,Good,Average,Good,Good
P0524,House,Detached,1950-1966,Owner-occupied,Mains Gas,D,Yes,Nottingham,226,39,Very Poor,Very Good,Average,Good
P0525,House,Semi-Detached,1967-1975,Owner-occupied,Mains Gas,C,Yes,Nottingham,185,33,Good,Average,Poor,Good
P0526,House,Semi-Detached,1950-1966,Rented (private),Mains Gas,C,Yes,Nottingham,175,32,Poor,Good,Average,Good
P0527,House,Semi-Detached,1930-1949,Rented (social),Mains Gas,D,Yes,Nottingham,231,41,Average,Good,Good,Good
P0528,House,End-Terrace,1930-1949,Rented (social),Mains Gas,D,Yes,Nottingham,243,43,Average,Good,Good,Good
P0529,House,Detached,1991-1995,Owner-occupied,Mains Gas,D,Yes,Nottingham,206,34,Good,Good,Average,Good
P0530,House,End-Terrace,1930-1949,Rented (social),Mains Gas,D,Yes,Nottingham,245,43,Average,Good,Average,Good
P0531,House,Mid-Terrace,1930-1949,Rented (social),Mains Gas,C,Yes,Nottingham,168,29,Good,Very Good,Average,Good
P0532,House,Semi-Detached,1983-1990,Rented (social),Mains Gas,D,Yes,Nottingham,214,37,Good,Good,Good,Good
P0534,House,Mid-Terrace,1900-1929,Rented (private),Mains Gas,C,Yes,Nottingham,208,37,Very Poor,Good,Average,Good
P0535,House,End-Terrace,1900-1929,Rented (social),Mains Gas,C,Yes,Nottingham,187,33,Very Poor,Very Good,Average,Good
P0536,House,Mid-Terrace,1967-1975,Rented (private),Mains Gas,D,Yes,Nottingham,249,44,Very Poor,Good,Average,Good
P0537,House,End-Terrace,1967-1975,Rented (social),Mains Gas,D,Yes,Nottingham,202,35,Very Poor,Good,Average,Good
P0538,House,Semi-Detached,1930-1949,Rented (social),Mains Gas,D,Yes,Nottingham,201,35,Average,Good,Good,Good
P0540,House,End-Terrace,1900-1929,Owner-occupied,Mains Gas,D,Yes,Nottingham,248,44,Poor,Good,Average,Good
P0542,House,Semi-Detached,1930-1949,Rented (social),Mains Gas,C,Yes,Nottingham,181,32,Very Good,Good,Good,Good
P0543,House,Mid-Terrace,1900-1929,Owner-occupied,Mains Gas,C,Yes,Nottingham,205,38,Very Poor,Average,Poor,Good
P0544,House,Mid-Terrace,1950-1966,Rented (social),Mains Gas,C,Yes,Nottingham,171,30,Good,Good,Good,Good
P0546,House,End-Terrace,1950-1966,Owner-occupied,Mains Gas,D,Yes,Nottingham,218,38,Average,Very Good,Average,Good
P0547,House,End-Terrace,1930-1949,Rented (social),Mains Gas,D,Yes,Nottingham,258,45,Average,Good,Average,Good
P0548,House,End-Terrace,1930-1949,Rented (social),Mains Gas,D,Yes,Nottingham,320,56,Very Poor,Good,Good,Good
P0549,House,End-Terrace,1930-1949,Rented (social),Mains Gas,D,Yes,Nottingham,246,43,Average,Good,Good,Good
P0550,House,Semi-Detached,1900-1929,Owner-occupied,Mains Gas,D,Yes,Nottingham,307,54,Poor,Good,Average,Good
P0551,House,Mid-Terrace,1900-1929,Rented (social),Mains Gas,E,Yes,Nottingham,245,42,Very Poor,Average,Poor,Good
P0552,House,End-Terrace,1930-1949,Rented (social),Mains Gas,C,Yes,Nottingham,205,36,Average,Good,Good,Good
P0553,House,End-Terrace,1967-1975,Rented (social),Mains Gas,C,Yes,Nottingham,138,25,Good,Good,Average,Good
P0554,House,End-Terrace,1930-1949,Rented (social),Mains Gas,D,Yes,Nottingham,248,48,Average,Poor,Good,Good
P0555,House,Mid-Terrace,1900-1929,Rented (private),Mains Gas,C,Yes,Nottingham,140,25,Good,Very Good,Average,Good
P0556,House,Semi-Detached,1950-1966,Owner-occupied,Mains Gas,C,Yes,Nottingham,156,28,Good,Good,Average,Good
P0557,House,End-Terrace,1930-1949,Rented (social),Mains Gas,C,Yes,Nottingham,202,35,Good,Good,Good,Good
P0558,House,Semi-Detached,1930-1949,Rented (social),Mains Gas,C,Yes,Nottingham,208,37,Average,Good,Good,Good
P0559,House,Mid-Terrace,1930-1949,Owner-occupied,Mains Gas,E,Yes,Nottingham,370,65,Poor,Good,Average,Average
P0560,House,End-Terrace,before 1900,Owner-occupied,Mains Gas,D,Yes,Nottingham,311,55,Poor,Very Poor,Average,Good
P0561,House,Semi-Detached,1900-1929,Owner-occupied,Mains Gas,D,Yes,Nottingham,253,46,Very Poor,Average,Poor,Good
P0562,House,Semi-Detached,1930-1949,Rented (social),Mains Gas,D,Yes,Nottingham,231,40,Average,Good,Good,Good
P0563,House,Semi-Detached,1930-1949,Rented (social),Mains Gas,C,Yes,Nottingham,219,39,Average,Good,Good,Good
P0564,House,Detached,1930-1949,Rented (social),Mains Gas,E,Yes,Nottingham,313,55,Very Poor,Good,Good,Good
P0565,House,Mid-Terrace,1930-1949,Rented (social),Mains Gas,C,Yes,Nottingham,220,39,Average,Good,Good,Good
P0566,House,Semi-Detached,1930-1949,Rented (social),Mains Gas,D,Yes,Nottingham,234,41,Average,Good,Good,Good
P0567,House,End-Terrace,1950-1966,Rented (social),Mains Gas,C,Yes,Nottingham,167,29,Good,Good,Good,Good
P0569,House,Detached,1983-1990,Owner-occupied,Mains Gas,C,Yes,Nottingham,186,33,Good,Good,Good,Good
P0570,House,Mid-Terrace,1976-1982,Rented (social),Mains Gas,B,Yes,Nottingham,104,18,Good,Good,Good,Good
P0571,House,Semi-Detached,1930-1949,Rented (social),Mains Gas,D,Yes,Nottingham,214,38,Average,Good,Good,Good
P0572,House,End-Terrace,1930-1949,Rented (social),Mains Gas,D,Yes,Nottingham,237,41,Average,Good,Good,Good
P0573,House,Semi-Detached,1950-1966,Rented (private),Mains Gas,C,Yes,Nottingham,183,32,Good,Good,Average,Good
P0574,House,Detached,1930-1949,Owner-occupied,Mains Gas,D,Yes,Nottingham,189,32,Very Poor,Good,Average,Good
P0575,House,End-Terrace,1930-1949,Rented (social),Mains Gas,D,Yes,Nottingham,281,49,Average,Good,Average,Good
P0576,House,Mid-Terrace,1930-1949,Rented (social),Mains Gas,C,Yes,Nottingham,192,34,Good,Good,Good,Good
P0578,House,Mid-Terrace,2003-2006,Rented (private),Mains Gas,C,Yes,Nottingham,147,26,Good,Good,Good,Good
P0579,House,End-Terrace,1900-1929,Rented (social),Mains Gas,D,Yes,Nottingham,316,55,Very Poor,Good,Good,Good
P0580,House,Semi-Detached,1983-1990,Rented (social),Mains Gas,C,Yes,Nottingham,169,30,Good,Good,Good,Good
P0581,House,End-Terrace,1930-1949,Rented (social),Mains Gas,D,Yes,Nottingham,287,50,Average,Very Poor,Good,Good
P0582,House,End-Terrace,1930-1949,Rented (social),Mains Gas,D,Yes,Nottingham,241,42,Average,Good,Good,Good
P0583,House,Semi-Detached,1930-1949,Rented (social),Mains Gas,C,Yes,Nottingham,230,41,Average,Average,Good,Good
P0584,House,Semi-Detached,1983-1990,Owner-occupied,Mains Gas,C,Yes,Nottingham,220,39,Good,Very Good,Average,Good
P0585,House,End-Terrace,1967-1975,Owner-occupied,Mains Gas,C,Yes,Nottingham,149,27,Average,Very Good,Average,Good
P0586,House,End-Terrace,1900-1929,Rented (social),Mains Gas,D,Yes,Nottingham,295,52,Very Poor,Good,Good,Good
P0588,House,End-Terrace,1967-1975,Rented (private),Mains Gas,C,Yes,Nottingham,175,32,Good,Average,Poor,Good
P0589,House,Mid-Terrace,1900-1929,Rented (social),Mains Gas,D,Yes,Nottingham,253,45,Very Poor,Poor,Good,Good
P0590,House,Mid-Terrace,1900-1929,Rented (private),Mains Gas,D,Yes,Nottingham,234,41,Very Poor,Good,Average,Good
P0591,House,Semi-Detached,1930-1949,Rented (social),Mains Gas,D,Yes,Nottingham,285,50,Good,Good,Good,Good
P0592,House,End-Terrace,1950-1966,Owner-occupied,Mains Gas,C,Yes,Nottingham,199,35,Average,Average,Average,Good
P0593,House,Mid-Terrace,1967-1975,Owner-occupied,Mains Gas,C,Yes,Nottingham,167,30,Poor,Good,Poor,Good
P0594,House,Mid-Terrace,1950-1966,Owner-occupied,Mains Gas,D,Yes,Nottingham,213,37,Poor,Very Poor,Good,Good
P0596,House,Mid-Terrace,1967-1975,Owner-occupied,Mains Gas,C,Yes,Nottingham,194,35,Poor,Average,Poor,Good
P0597,House,Semi-Detached,1900-1929,Rented (private),Mains Gas,D,Yes,Nottingham,259,46,Very Poor,Very Good,Average,Good
P0598,House,Mid-Terrace,1930-1949,Rented (social),Mains Gas,D,Yes,Nottingham,234,41,Average,Average,Good,Good
P0599,House,Mid-Terrace,1900-1929,Owner-occupied,Mains Gas,D,Yes,Nottingham,235,39,Very Poor,Average,Average,Good
P0600,House,Mid-Terrace,1930-1949,Rented (social),Mains Gas,D,Yes,Nottingham,224,39,Average,Good,Good,Good
P0601,House,End-Terrace,1900-1929,Owner-occupied,Mains Gas,D,Yes,Nottingham,269,48,Very Poor,Very Good,Average,Good
P0602,House,Mid-Terrace,1930-1949,Owner-occupied,Mains Gas,C,Yes,Nottingham,161,31,Very Poor,Very Good,Average,Good
P0604,House,Semi-Detached,1930-1949,Rented (social),Mains Gas,C,Yes,Nottingham,175,31,Good,Good,Good,Good
P0605,House,End-Terrace,1930-1949,Rented (social),Mains Gas,D,Yes,Nottingham,238,42,Average,Good,Good,Good
P0606,House,Mid-Terrace,1967-1975,Rented (social),Mains Gas,C,No,Nottingham,207,36,Poor,Good,Average,Good
P0607,House,End-Terrace,1930-1949,Rented (social),Mains Gas,D,Yes,Nottingham,222,39,Good,Good,Good,Good
P0608,House,End-Terrace,1967-1975,Rented (private),Mains Gas,D,Yes,Nottingham,316,56,Average,Good,Average,Good
P0609,House,Semi-Detached,1950-1966,Owner-occupied,Mains Gas,D,Yes,Nottingham,237,42,Average,Good,Average,Good
P0610,House,Mid-Terrace,1976-1982,Rented (private),Mains Gas,C,Yes,Nottingham,147,27,Good,Very Good,Poor,Good
P0611,House,Mid-Terrace,1930-1949,Rented (social),Mains Gas,C,Yes,Nottingham,206,36,Average,Good,Good,Good
P0612,House,Mid-Terrace,1930-1949,Rented (social),Mains Gas,B,Yes,Nottingham,123,22,Good,Good,Good,Good
P0613,House,Mid-Terrace,1930-1949,Rented (social),Mains Gas,D,Yes,Nottingham,244,43,Average,Good,Good,Good
P0614,House,Semi-Detached,1930-1949,Owner-occupied,Mains Gas,D,Yes,Nottingham,303,53,Very Poor,Good,Average,Good
P0615,House,End-Terrace,1976-1982,Rented (social),Community Heating,C,No,Nottingham,190,5,Good,Good,Average,Good
P0616,House,Mid-Terrace,before 1900,Rented (private),Mains Gas,C,Yes,Nottingham,187,33,Very Poor,Average,Good,Good
P0617,House,Semi-Detached,1950-1966,Rented (private),Mains Gas,D,Yes,Nottingham,209,38,Very Poor,Average,Average,Good
P0618,House,End-Terrace,1930-1949,Rented (social),Mains Gas,D,Yes,Nottingham,304,53,Very Poor,Good,Good,Good
P0619,House,Semi-Detached,1950-1966,Owner-occupied,Mains Gas,C,Yes,Nottingham,189,33,Average,Average,Average,Good
P0620,House,End-Terrace,1976-1982,Rented (private),Mains Gas,C,Yes,Nottingham,173,30,Good,Very Good,Good,Good
P0621,House,Mid-Terrace,1983-1990,Rented (social),Mains Gas,C,Yes,Nottingham,178,31,Good,Good,Good,Good
P0622,House,End-Terrace,1930-1949,Rented (social),Mains Gas,D,Yes,Nottingham,226,39,Average,Good,Good,Good
P0624,House,Semi-Detached,1950-1966,Rented (social),Mains Gas,C,Yes,Nottingham,173,30,Good,Good,Good,Good
P0625,House,Mid-Terrace,1900-1929,Rented (social),Mains Gas,C,Yes,Nottingham,204,37,Very Poor,Average,Poor,Good
P0626,House,Semi-Detached,1950-1966,Rented (private),Mains Gas,C,Yes,Nottingham,206,36,Average,Good,Average,Good
P0627,House,Semi-Detached,1930-1949,Rented (social),Mains Gas,C,Yes,Nottingham,220,39,Average,Good,Good,Good
P0628,House,End-Terrace,1900-1929,Rented (social),Mains Gas,F,Yes,Nottingham,334,56,Very Poor,Very Good,Average,Good
P0629,House,Mid-Terrace,1930-1949,Rented (social),Mains Gas,D,Yes,Nottingham,217,38,Average,Good,Good,Good
P0630,House,Mid-Terrace,1967-1975,Owner-occupied,Mains Gas,C,Yes,Nottingham,167,29,Average,Average,Good,Good
P0631,House,Semi-Detached,1950-1966,Owner-occupied,Mains Gas,C,Yes,Nottingham,164,29,Good,Very Good,Average,Good
P0632,House,Detached,1991-1995,Rented (social),Mains Gas,C,Yes,Nottingham,145,26,Good,Good,Average,Good
P0634,House,Mid-Terrace,1967-1975,Owner-occupied,Mains Gas,C,Yes,Nottingham,171,30,Average,Good,Average,Good
P0635,House,Mid-Terrace,1900-1929,Rented (social),Mains Gas,D,Yes,Nottingham,260,46,Very Poor,Very Poor,Good,Good
P0636,House,Mid-Terrace,1950-1966,Owner-occupied,Other,G,No,Nottingham,483,33,Good,Very Poor,Poor,Poor
P0637,House,Semi-Detached,1950-1966,Rented (social),Mains Gas,C,Yes,Nottingham,203,36,Average,Good,Good,Good
P0638,House,End-Terrace,1930-1949,Rented (private),Mains Gas,C,Yes,Nottingham,178,31,Good,Average,Average,Good
P0639,House,End-Terrace,1950-1966,Owner-occupied,Mains Gas,C,Yes,Nottingham,197,36,Poor,Good,Average,Good
P0640,House,Mid-Terrace,1930-1949,Rented (social),Mains Gas,C,Yes,Nottingham,174,31,Good,Good,Good,Good
P0641,House,Semi-Detached,before 1900,Rented (private),Mains Gas,C,Yes,Nottingham,192,34,Poor,Good,Average,Good
P0642,House,Semi-Detached,1930-1949,Owner-occupied,Mains Gas,D,Yes,Nottingham,225,41,Very Poor,Good,Poor,Good
P0643,House,End-Terrace,1930-1949,Rented (social),Mains Gas,D,Yes,Nottingham,237,41,Average,Good,Good,Good
P0645,House,Mid-Terrace,1900-1929,Rented (social),Mains Gas,C,Yes,Nottingham,156,27,Good,Poor,Average,Good
P0646,House,Mid-Terrace,1996-2002,Owner-occupied,Mains Gas,C,Yes,Nottingham,164,29,Good,Good,Average,Good
P0647,House,Semi-Detached,1983-1990,Owner-occupied,Mains Gas,B,Yes,Nottingham,127,23,Good,Good,Good,Good
P0648,House,Semi-Detached,1930-1949,Rented (social),Mains Gas,C,Yes,Nottingham,172,30,Good,Good,Good,Good
P0649,House,Semi-Detached,1950-1966,Rented (social),Mains Gas,B,Yes,Nottingham,111,20,Good,Good,Average,Good
P0650,House,Mid-Terrace,1900-1929,Rented (social),Mains Gas,C,Yes,Nottingham,208,37,Very Poor,Good,Average,Good
P0651,House,Semi-Detached,1967-1975,Rented (social),Mains Gas,C,Yes,Nottingham,168,30,Good,Good,Good,Good
P0653,House,Semi-Detached,1991-1995,Rented (private),Mains Gas,C,Yes,Nottingham,193,34,Good,Good,Average,Good
P0654,House,End-Terrace,1930-1949,Rented (social),Mains Gas,C,Yes,Nottingham,206,36,Average,Average,Good,Good
P0656,House,End-Terrace,1900-1929,Rented (social),Mains Gas,C,Yes,Nottingham,157,29,Good,Good,Average,Good
P0658,House,Semi-Detached,1930-1949,Rented (social),Mains Gas,C,Yes,Nottingham,165,29,Very Good,Good,Good,Good
P0659,House,End-Terrace,1930-1949,Rented (social),Mains Gas,D,Yes,Nottingham,236,41,Average,Good,Good,Good
P0660,House,End-Terrace,2003-2006,Owner-occupied,Mains Gas,C,Yes,Nottingham,145,25,Good,Good,Average,Good
P0661,House,Semi-Detached,2007-2011,Owner-occupied,Mains Gas,C,Yes,Nottingham,120,21,Good,Good,Good,Good
P0663,House,End-Terrace,1976-1982,Rented (social),Mains Gas,C,Yes,Nottingham,176,31,Good,Good,Good,Good
P0664,House,Semi-Detached,1930-1949,Rented (social),Mains Gas,D,Yes,Nottingham,255,45,Average,Good,Good,Good
P0665,House,Semi-Detached,1991-1995,Owner-occupied,Mains Gas,C,Yes,Nottingham,163,30,Good,Good,Good,Good
P0668,House,Semi-Detached,1950-1966,Owner-occupied,Mains Gas,E,Yes,Nottingham,329,58,Good,Good,Poor,Good
P0669,House,Semi-Detached,1930-1949,Rented (social),Mains Gas,D,Yes,Nottingham,239,42,Average,Good,Good,Good
P0670,House,End-Terrace,1967-1975,Rented (private),Mains Gas,C,Yes,Nottingham,147,26,Average,Average,Average,Good
P0672,House,Mid-Terrace,1900-1929,Rented (social),Mains Gas,C,Yes,Nottingham,193,34,Good,Good,Good,Good
P0674,House,End-Terrace,1967-1975,Rented (social),Mains Gas,D,Yes,Nottingham,181,30,Good,Good,Average,Good
P0677,House,Mid-Terrace,1930-1949,Rented (social),Mains Gas,C,Yes,Nottingham,172,30,Good,Good,Poor,Good
P0678,House,Mid-Terrace,1950-1966,Rented (private),Mains Gas,C,Yes,Nottingham,149,25,Good,Very Good,Average,Good
P0679,House,Semi-Detached,1983-1990,Owner-occupied,Mains Gas,C,Yes,Nottingham,197,35,Good,Good,Average,Good
P0680,House,Semi-Detached,1930-1949,Rented (social),Mains Gas,D,Yes,Nottingham,218,38,Average,Good,Good,Good
P0682,House,Semi-Detached,1950-1966,Rented (social),Mains Gas,C,Yes,Nottingham,189,33,Average,Good,Good,Good
P0683,House,End-Terrace,1900-1929,Rented (private),Mains Gas,D,Yes,Nottingham,242,44,Poor,Good,Poor,Good
P0685,House,Detached,1900-1929,Rented (private),Mains Gas,D,Yes,Nottingham,337,60,Very Poor,Good,Good,Good
P0686,House,Semi-Detached,1930-1949,Rented (social),Mains Gas,D,Yes,Nottingham,222,39,Average,Good,Good,Good
P0687,House,End-Terrace,1930-1949,Rented (social),Mains Gas,D,Yes,Nottingham,243,43,Average,Good,Average,Good
P0689,House,Mid-Terrace,1967-1975,Owner-occupied,Mains Gas,D,Yes,Nottingham,284,50,Very Poor,Good,Average,Good
P0690,House,Mid-Terrace,1900-1929,Rented (social),Mains Gas,C,Yes,Nottingham,143,25,Good,Good,Good,Good
P0691,House,Semi-Detached,1983-1990,Rented (social),Mains Gas,C,Yes,Nottingham,199,35,Good,Good,Good,Good
P0692,House,Mid-Terrace,1950-1966,Rented (private),Mains Gas,D,Yes,Nottingham,201,33,Very Poor,Very Good,Poor,Good
P0693,House,End-Terrace,1930-1949,Rented (social),Mains Gas,D,Yes,Nottingham,242,42,Average,Good,Good,Good
P0694,House,Semi-Detached,1930-1949,Rented (social),Mains Gas,D,Yes,Nottingham,237,41,Average,Average,Good,Good
P0695,House,Semi-Detached,1930-1949,Rented (social),Mains Gas,D,Yes,Nottingham,205,36,Average,Good,Good,Good
P0696,House,Semi-Detached,1930-1949,Rented (social),Mains Gas,D,Yes,Nottingham,191,32,Good,Average,Average,Good
P0699,House,Mid-Terrace,1900-1929,Not defined - use in the case of a new dwelling for which the intended tenure in not known. It is not to be used for an existing dwelling,Mains Gas,D,Yes,Nottingham,205,37,Very Poor,Average,Very Poor,Good
P0700,House,Mid-Terrace,before 1900,Rented (private),Mains Gas,D,Yes,Nottingham,208,38,Very Poor,Average,Average,Good
P0701,House,Mid-Terrace,1930-1949,Rented (social),Mains Gas,C,Yes,Nottingham,200,35,Very Poor,Average,Good,Good
P0702,House,End-Terrace,before 1900,Rented (social),Mains Gas,C,Yes,Nottingham,204,38,Very Poor,Very Good,Poor,Good
P0703,House,Mid-Terrace,1930-1949,Rented (social),Mains Gas,C,Yes,Nottingham,189,33,Good,Good,Good,Good
P0704,House,End-Terrace,1950-1966,Rented (social),Mains Gas,C,Yes,Nottingham,175,31,Good,Good,Good,Good
P0705,House,Mid-Terrace,1950-1966,Rented (social),Mains Gas,D,Yes,Nottingham,234,41,Very Poor,Good,Average,Good
P0706,House,Detached,1900-1929,Rented (social),Mains Gas,D,Yes,Nottingham,218,38,Average,Good,Good,Good
P0707,House,Semi-Detached,1930-1949,Rented (social),Mains Gas,D,Yes,Nottingham,268,47,Good,Good,Good,Good
P0709,House,Semi-Detached,2012 onwards,Owner-occupied,Mains Gas,C,Yes,Nottingham,130,23,Very Good,Good,Good,Good
P0710,House,Semi-Detached,1950-1966,Owner-occupied,Mains Gas,C,Yes,Nottingham,187,34,Good,Average,Poor,Good
P0711,House,Semi-Detached,1976-1982,Rented (private),Mains Gas,C,Yes,Nottingham,149,26,Good,Good,Average,Good
P0712,House,Semi-Detached,1950-1966,Owner-occupied,Mains Gas,D,Yes,Nottingham,273,48,Poor,Poor,Average,Good
P0714,House,End-Terrace,2012-2021,Owner-occupied,Mains Gas,C,Yes,Nottingham,114,21,Good,Good,Average,Good
P0715,House,Mid-Terrace,1900-1929,Rented (social),Mains Gas,C,Yes,Nottingham,178,32,Very Poor,Good,Average,Good
P0718,House,End-Terrace,1967-1975,Rented (social),Community Heating,D,No,Nottingham,239,12,Average,Good,Average,Good
P0719,House,Mid-Terrace,1930-1949,Rented (social),Mains Gas,D,Yes,Nottingham,290,51,Very Poor,Very Poor,Good,Good
P0720,House,Detached,1930-1949,Owner-occupied,Mains Gas,D,Yes,Nottingham,220,39,Good,Average,Average,Good
P0721,House,Semi-Detached,1930-1949,Rented (social),Mains Gas,D,Yes,Nottingham,294,52,Very Poor,Good,Good,Good
P0722,House,End-Terrace,1900-1929,Rented (private),Mains Gas,D,Yes,Nottingham,259,46,Very Poor,Average,Average,Good
P0723,House,Mid-Terrace,1930-1949,Rented (social),Other,E,No,Nottingham,321,62,Average,Good,Good,Very Poor
P0724,House,End-Terrace,1930-1949,Rented (social),Mains Gas,D,Yes,Nottingham,236,41,Good,Good,Good,Good
P0725,House,Mid-Terrace,1900-1929,Owner-occupied,Mains Gas,D,Yes,Nottingham,187,31,Very Poor,Average,Poor,Good
P0726,House,End-Terrace,1930-1949,Rented (social),Mains Gas,C,Yes,Nottingham,212,37,Average,Good,Good,Good
P0727,House,Semi-Detached,1930-1949,Rented (private),Mains Gas,D,Yes,Nottingham,248,46,Very Poor,Average,Average,Good
P0729,House,Semi-Detached,1930-1949,Rented (social),Mains Gas,C,Yes,Nottingham,174,31,Good,Good,Good,Good
P0730,House,End-Terrace,1930-1949,Rented (social),Mains Gas,C,Yes,Nottingham,207,36,Good,Good,Good,Good
P0733,House,Mid-Terrace,1967-1975,Rented (social),Mains Gas,C,Yes,Nottingham,136,24,Good,Poor,Good,Good
P0736,House,Mid-Terrace,1900-1929,Rented (social),Mains Gas,D,Yes,Nottingham,258,45,Very Poor,Good,Good,Good
P0738,House,End-Terrace,1930-1949,Rented (social),Mains Gas,C,Yes,Nottingham,190,33,Good,Good,Good,Good
P0740,House,Mid-Terrace,1996-2002,Rented (private),Mains Gas,C,Yes,Nottingham,204,36,Good,Good,Average,Good
P0741,House,End-Terrace,1950-1966,Rented (private),Mains Gas,C,Yes,Nottingham,175,31,Average,Very Good,Good,Good
P0742,House,End-Terrace,1950-1966,Owner-occupied,Mains Gas,C,Yes,Nottingham,184,32,Good,Very Good,Good,Good
P0743,House,Mid-Terrace,1930-1949,Rented (social),Mains Gas,D,Yes,Nottingham,255,45,Very Poor,Good,Good,Good
P0744,House,Mid-Terrace,before 1900,Rented (private),Mains Gas,C,Yes,Nottingham,215,38,Poor,Very Poor,Good,Good
P0745,House,Semi-Detached,1900-1929,Rented (social),Mains Gas,D,Yes,Nottingham,270,48,Very Poor,Good,Good,Good
P0746,House,Mid-Terrace,1900-1929,Rented (social),Mains Gas,C,Yes,Nottingham,133,23,Good,Good,Average,Good
P0747,House,Semi-Detached,1930-1949,Rented (social),Mains Gas,C,Yes,Nottingham,168,30,Good,Very Good,Good,Good
P0748,House,End-Terrace,2003-2006,Owner-occupied,Mains Gas,C,Yes,Nottingham,140,25,Good,Good,Good,Good
P0749,House,End-Terrace,1950-1966,Rented (social),Mains Gas,C,Yes,Nottingham,181,32,Good,Good,Good,Good
P0752,House,Mid-Terrace,1930-1949,Owner-occupied,Mains Gas,C,Yes,Nottingham,202,35,Average,Good,Good,Good
P0754,House,End-Terrace,1930-1949,Rented (social),Mains Gas,D,Yes,Nottingham,237,42,Average,Good,Good,Good
P0755,House,Mid-Terrace,1950-1966,Owner-occupied,Mains Gas,F,Yes,Nottingham,205,23,Good,Average,Poor,Very Poor
P0756,House,Semi-Detached,1930-1949,Rented (social),Mains Gas,E,Yes,Nottingham,420,74,Very Poor,Good,Good,Good
P0757,House,Mid-Terrace,1930-1949,Rented (social),Mains Gas,C,Yes,Nottingham,187,33,Good,Good,Good,Good
P0759,House,Semi-Detached,2012 onwards,Owner-occupied,Mains Gas,C,Yes,Nottingham,136,24,Very Good,Good,Good,Good
P0761,House,Mid-Terrace,1991-1995,Rented (private),Mains Gas,C,Yes,Nottingham,126,22,Good,Average,Average,Good
P0764,House,Semi-Detached,1976-1982,Owner-occupied,Mains Gas,C,Yes,Nottingham,192,34,Good,Good,Average,Good
P0765,House,Semi-Detached,1930-1949,Owner-occupied,Mains Gas,D,Yes,Nottingham,252,44,Poor,Very Good,Average,Good
P0767,House,Mid-Terrace,1983-1990,Rented (private),Mains Gas,C,Yes,Nottingham,119,20,Good,Very Good,Poor,Good
P0768,House,Semi-Detached,1930-1949,Rented (social),Mains Gas,D,Yes,Nottingham,219,38,Average,Good,Good,Good
P0769,House,End-Terrace,1950-1966,Rented (social),Mains Gas,E,Yes,Nottingham,342,60,Very Poor,Very Poor,Good,Good
P0771,House,End-Terrace,1930-1949,Rented (social),Mains Gas,D,Yes,Nottingham,251,44,Average,Good,Good,Good
P0772,House,Semi-Detached,2003-2006,Owner-occupied,Mains Gas,C,Yes,Nottingham,150,27,Good,Very Good,Poor,Good
P0773,House,End-Terrace,1976-1982,Owner-occupied,Other,G,No,Nottingham,351,33,Average,Very Poor,Average,Very Poor
P0774,House,Mid-Terrace,1967-1975,Rented (social),Mains Gas,C,Yes,Nottingham,138,25,Average,Good,Good,Good
P0775,House,Detached,1950-1966,Owner-occupied,Mains Gas,D,Yes,Nottingham,271,48,Average,Very Poor,Average,Good
P0776,House,Detached,1967-1975,Owner-occupied,Mains Gas,D,Yes,Nottingham,237,42,Poor,Very Good,Good,Good
P0777,House,Semi-Detached,1950-1966,Owner-occupied,Mains Gas,C,Yes,Nottingham,206,36,Average,Very Good,Average,Good
P0778,House,Semi-Detached,1900-1929,Rented (social),Mains Gas,D,Yes,Nottingham,299,52,Very Poor,Good,Good,Good
P0779,House,Semi-Detached,1930-1949,Rented (social),Mains Gas,D,Yes,Nottingham,236,41,Average,Good,Good,Good
P0780,House,End-Terrace,1976-1982,Rented (social),Mains Gas,D,Yes,Nottingham,227,40,Average,Good,Good,Good
P0781,House,Mid-Terrace,1996-2002,Owner-occupied,Electricity,D,No,Nottingham,206,19,Good,Very Good,Average,Average
P0782,House,Semi-Detached,1950-1966,Owner-occupied,Mains Gas,D,Yes,Nottingham,236,42,Poor,Average,Average,Good
P0785,House,Semi-Detached,1930-1949,Owner-occupied,Mains Gas,D,Yes,Nottingham,322,57,Very Poor,Very Good,Average,Good
P0786,House,End-Terrace,1983-1990,Rented (private),Mains Gas,C,Yes,Nottingham,167,29,Good,Good,Poor,Good
P0787,House,Semi-Detached,1930-1949,Rented (private),Mains Gas,D,Yes,Nottingham,356,63,Very Poor,Very Poor,Good,Good
P0788,House,Mid-Terrace,1930-1949,Rented (social),Mains Gas,C,Yes,Nottingham,198,35,Average,Very Good,Good,Good
P0789,House,Semi-Detached,1950-1966,Owner-occupied,Mains Gas,D,Yes,Nottingham,255,45,Very Poor,Good,Average,Good
P0790,House,Detached,1967-1975,Rented (private),Mains Gas,D,Yes,Nottingham,263,48,Poor,Average,Very Poor,Good
P0791,House,Mid-Terrace,2012-2021,Owner-occupied,Mains Gas,C,Yes,Nottingham,122,22,Good,Very Good,Good,Good
P0792,House,Semi-Detached,1930-1949,Rented (social),Mains Gas,D,Yes,Nottingham,229,40,Average,Good,Good,Good
P0795,House,Semi-Detached,1930-1949,Rented (social),Mains Gas,D,Yes,Nottingham,230,40,Average,Good,Good,Good
P0798,House,Mid-Terrace,1900-1929,Rented (social),Mains Gas,D,Yes,Nottingham,255,45,Good,Very Poor,Good,Good
P0799,House,Semi-Detached,1950-1966,Owner-occupied,Mains Gas,D,Yes,Nottingham,285,50,Average,Very Poor,Average,Good
P0800,House,Semi-Detached,1930-1949,Rented (social),Mains Gas,C,Yes,Nottingham,160,28,Good,Good,Good,Good
P0801,House,End-Terrace,1930-1949,Owner-occupied,Mains Gas,C,Yes,Nottingham,159,28,Good,Good,Average,Good
P0802,House,Mid-Terrace,1930-1949,Rented (social),Mains Gas,D,Yes,Nottingham,272,48,Very Poor,Very Poor,Average,Good
P0803,House,Mid-Terrace,1900-1929,Owner-occupied,Mains Gas,D,Yes,Nottingham,195,34,Very Poor,Good,Poor,Good
P0804,House,Semi-Detached,1930-1949,Owner-occupied,Mains Gas,E,Yes,Nottingham,279,48,Very Poor,Very Poor,Poor,Good
P0806,House,Semi-Detached,1950-1966,Rented (private),Mains Gas,E,Yes,Nottingham,335,62,Very Poor,Average,Average,Good
P0807,House,Semi-Detached,1950-1966,Rented (social),Mains Gas,C,Yes,Nottingham,184,33,Average,Poor,Good,Good
P0808,House,Mid-Terrace,1900-1929,Owner-occupied,Mains Gas,D,Yes,Nottingham,304,54,Very Poor,Good,Average,Good
P0809,House,Semi-Detached,1930-1949,Owner-occupied,Electricity,D,Yes,Nottingham,136,13,Poor,Very Good,Good,Average
P0810,House,Mid-Terrace,1900-1929,Rented (private),Mains Gas,C,Yes,Nottingham,199,35,Very Poor,Good,Good,Good
P0811,House,Semi-Detached,1950-1966,Owner-occupied,Mains Gas,D,Yes,Nottingham,286,50,Poor,Good,Average,Good
P0812,House,Semi-Detached,1930-1949,Rented (social),Mains Gas,C,Yes,Nottingham,188,33,Good,Good,Good,Good
P0813,House,Semi-Detached,1976-1982,Rented (social),Mains Gas,C,Yes,Nottingham,168,30,Average,Good,Good,Good
P0815,House,End-Terrace,1930-1949,Rented (social),Mains Gas,C,Yes,Nottingham,187,33,Good,Good,Good,Good
P0816,House,Mid-Terrace,1930-1949,Rented (social),Mains Gas,C,Yes,Nottingham,204,36,Average,Good,Good,Good
P0817,House,Mid-Terrace,1930-1949,Rented (social),Mains Gas,D,Yes,Nottingham,238,42,Average,Good,Good,Good
P0818,House,Semi-Detached,1976-1982,Rented (social),Mains Gas,E,Yes,Nottingham,359,65,Average,Good,Poor,Average
P0819,House,Semi-Detached,1976-1982,Rented (social),Mains Gas,C,Yes,Nottingham,148,26,Good,Very Good,Average,Good
P0820,House,End-Terrace,1930-1949,Rented (private),Mains Gas,C,Yes,Nottingham,157,28,Very Good,Good,Average,Good
P0821,House,Semi-Detached,1930-1949,Rented (social),Mains Gas,C,Yes,Nottingham,150,26,Good,Good,Good,Good
P0824,House,Mid-Terrace,1983-1990,Rented (social),Mains Gas,C,Yes,Nottingham,151,27,Good,Good,Average,Good
P0825,House,Mid-Terrace,1900-1929,Rented (private),Mains Gas,D,Yes,Nottingham,179,32,Very Poor,Good,Poor,Good
P0827,House,Mid-Terrace,1983-1990,Rented (private),Electricity,E,No,Nottingham,366,62,Good,Average,Average,Very Poor
P0829,House,End-Terrace,1900-1929,Owner-occupied,Mains Gas,E,Yes,Nottingham,394,82,Good,Very Poor,Average,Good
P0830,House,End-Terrace,1930-1949,Rented (private),Mains Gas,C,Yes,Nottingham,161,29,Good,Very Good,Good,Good
P0831,House,Semi-Detached,1967-1975,Owner-occupied,Mains Gas,C,Yes,Nottingham,186,33,Average,Good,Average,Good
P0832,House,Mid-Terrace,2012-2021,Owner-occupied,Mains Gas,B,Yes,Nottingham,83,15,Good,Very Good,Good,Good
P0833,House,End-Terrace,1930-1949,Rented (private),Mains Gas,C,Yes,Nottingham,170,31,Good,Average,Average,Good
P0834,House,Mid-Terrace,2003-2006,Owner-occupied,Mains Gas,C,Yes,Nottingham,167,29,Good,Good,Average,Good
P0835,House,Semi-Detached,1930-1949,Owner-occupied,Mains Gas,D,Yes,Nottingham,286,51,Poor,Very Poor,Average,Good
P0836,House,End-Terrace,1930-1949,Rented (private),Mains Gas,D,Yes,Nottingham,243,43,Poor,Good,Average,Good
P0838,House,End-Terrace,1900-1929,Owner-occupied,Mains Gas,D,Yes,Nottingham,232,42,Very Poor,Good,Poor,Good
P0839,House,Mid-Terrace,1930-1949,Rented (private),Mains Gas,D,Yes,Nottingham,225,40,Very Poor,Good,Average,Good
P0840,House,Mid-Terrace,1967-1975,Not defined - use in the case of a new dwelling for which the intended tenure in not known. It is not to be used for an existing dwelling,Mains Gas,C,Yes,Nottingham,123,21,Average,Very Good,Poor,Good
P0841,House,Mid-Terrace,1930-1949,Rented (social),Mains Gas,D,Yes,Nottingham,227,40,Average,Good,Good,Good
P0842,House,Semi-Detached,1930-1949,Rented (social),Other,G,Yes,Nottingham,609,124,Very Poor,Good,Good,Very Poor
P0843,House,Mid-Terrace,before 1900,Owner-occupied,Mains Gas,C,Yes,Nottingham,168,30,Very Poor,Very Good,Average,Good
P0844,House,Mid-Terrace,1950-1966,Rented (social),Mains Gas,C,Yes,Nottingham,187,33,Good,Good,Good,Good
P0845,House,End-Terrace,1930-1949,Rented (social),Mains Gas,D,Yes,Nottingham,234,41,Average,Good,Good,Good
P0846,House,Semi-Detached,1930-1949,Owner-occupied,Mains Gas,D,Yes,Nottingham,240,51,Very Poor,Good,Average,Good
P0848,House,Mid-Terrace,1950-1966,Rented (private),Mains Gas,C,Yes,Nottingham,161,28,Very Poor,Average,Average,Good
P0849,House,End-Terrace,1930-1949,Rented (social),Mains Gas,D,Yes,Nottingham,230,40,Average,Good,Good,Good
P0851,House,Detached,1900-1929,Owner-occupied,Mains Gas,D,Yes,Nottingham,285,52,Poor,Good,Average,Good
P0853,House,End-Terrace,1930-1949,Rented (social),Mains Gas,C,Yes,Nottingham,222,39,Average,Good,Good,Good
P0854,House,Semi-Detached,1930-1949,Rented (social),Mains Gas,D,Yes,Nottingham,227,40,Average,Good,Good,Good
P0855,House,Mid-Terrace,1930-1949,Rented (social),Mains Gas,D,Yes,Nottingham,190,32,Good,Very Good,Poor,Good
P0856,House,End-Terrace,1900-1929,Rented (social),Mains Gas,E,Yes,Nottingham,337,59,Very Poor,Very Poor,Good,Good
P0857,House,Mid-Terrace,1900-1929,Owner-occupied,Community Heating,G,No,Nottingham,327,32,Very Poor,Average,Very Poor,Very Poor
P0859,House,Semi-Detached,1930-1949,Owner-occupied,Mains Gas,C,Yes,Nottingham,201,38,Very Poor,Good,Average,Good
P0860,House,End-Terrace,1930-1949,Rented (social),Mains Gas,D,Yes,Nottingham,300,53,Average,Very Poor,Good,Good
P0861,House,End-Terrace,1976-1982,Rented (social),Mains Gas,C,Yes,Nottingham,168,29,Good,Good,Good,Good
P0862,House,End-Terrace,1930-1949,Rented (social),Mains Gas,D,Yes,Nottingham,233,41,Average,Good,Good,Good
P0863,House,Semi-Detached,1930-1949,Rented (social),Mains Gas,D,Yes,Nottingham,225,39,Average,Good,Good,Good
P0864,House,Semi-Detached,1930-1949,Rented (social),Mains Gas,C,Yes,Nottingham,194,34,Good,Good,Good,Good
P0865,House,Semi-Detached,1930-1949,Rented (social),Mains Gas,D,Yes,Nottingham,244,43,Average,Good,Good,Good
P0867,House,Semi-Detached,1930-1949,Rented (social),Mains Gas,D,Yes,Nottingham,264,46,Very Poor,Good,Good,Good
P0869,House,Semi-Detached,1983-1990,Rented (social),Mains Gas,D,Yes,Nottingham,252,44,Good,Good,Good,Good
P0870,House,End-Terrace,1900-1929,Owner-occupied,Mains Gas,D,Yes,Nottingham,317,56,Very Poor,Very Poor,Average,Good
P0871,House,End-Terrace,1930-1949,Rented (social),Mains Gas,D,Yes,Nottingham,236,42,Average,Good,Good,Good
P0873,House,Mid-Terrace,1900-1929,Rented (social),Mains Gas,D,Yes,Nottingham,214,37,Very Poor,Good,Good,Good
P0874,House,End-Terrace,1930-1949,Rented (social),Mains Gas,C,Yes,Nottingham,208,37,Average,Good,Good,Good
P0877,House,Semi-Detached,1996-2002,Owner-occupied,Mains Gas,C,Yes,Nottingham,148,26,Good,Good,Poor,Good
P0878,House,End-Terrace,1930-1949,Rented (social),Mains Gas,D,Yes,Nottingham,243,43,Average,Good,Average,Good
P0879,House,Detached,2012 onwards,Rented (social),Mains Gas,B,Yes,Nottingham,74,14,Very Good,Good,Good,Good
P0881,House,End-Terrace,1967-1975,Rented (social),Mains Gas,C,Yes,Nottingham,184,32,Good,Good,Good,Good
P0883,House,Mid-Terrace,1967-1975,Rented (social),Community Heating,C,No,Nottingham,186,9,Very Poor,Good,Good,Good
P0886,House,Semi-Detached,1930-1949,Owner-occupied,Mains Gas,D,Yes,Nottingham,230,41,Very Poor,Very Poor,Average,Good
P0887,House,End-Terrace,1930-1949,Rented (social),Mains Gas,D,Yes,Nottingham,242,42,Average,Average,Good,Good
P0888,House,Enclosed End-Terrace,2012 onwards,Owner-occupied,Mains Gas,C,Yes,Nottingham,152,27,Very Good,Good,Good,Good
P0889,House,Semi-Detached,1967-1975,Owner-occupied,Mains Gas,C,Yes,Nottingham,161,28,Good,Very Good,Average,Good
P0891,House,Detached,1983-1990,Owner-occupied,Mains Gas,C,Yes,Nottingham,157,29,Good,Good,Average,Good
P0892,House,End-Terrace,1950-1966,Rented (social),Mains Gas,C,Yes,Nottingham,156,28,Good,Good,Good,Good
P0893,House,End-Terrace,1930-1949,Rented (social),Mains Gas,C,Yes,Nottingham,207,36,Good,Good,Good,Good
P0895,House,Mid-Terrace,1930-1949,Rented (social),Mains Gas,C,Yes,Nottingham,207,36,Average,Good,Good,Good
P0896,House,End-Terrace,1930-1949,Rented (social),Mains Gas,C,Yes,Nottingham,206,36,Good,Good,Good,Good
P0897,House,Mid-Terrace,1950-1966,Rented (social),Mains Gas,C,Yes,Nottingham,167,29,Good,Poor,Good,Good
P0898,House,Mid-Terrace,1967-1975,Rented (social),Mains Gas,D,Yes,Nottingham,260,49,Average,Very Good,Good,Good
P0900,House,Semi-Detached,1900-1929,Rented (social),Mains Gas,E,Yes,Nottingham,367,67,Poor,Average,Good,Good
P0901,House,Semi-Detached,1983-1990,Rented (social),Mains Gas,D,Yes,Nottingham,186,32,Good,Good,Average,Good
P0902,House,Semi-Detached,1930-1949,Rented (social),Mains Gas,C,Yes,Nottingham,220,39,Average,Good,Good,Good
P0903,House,Mid-Terrace,1900-1929,Owner-occupied,Mains Gas,F,Yes,Nottingham,569,101,Very Poor,Very Poor,Average,Average
P0904,House,Semi-Detached,1967-1975,Rented (social),Community Heating,D,No,Nottingham,274,20,Average,Average,Average,Good
P0905,House,Semi-Detached,1930-1949,Rented (social),Mains Gas,D,Yes,Nottingham,250,44,Average,Good,Good,Good
P0906,House,End-Terrace,1900-1929,Not defined - use in the case of a new dwelling for which the intended tenure in not known. It is not to be used for an existing dwelling,Mains Gas,D,Yes,Nottingham,271,48,Very Poor,Average,Poor,Good
P0907,House,Semi-Detached,1900-1929,Rented (private),Mains Gas,D,Yes,Nottingham,282,50,Very Poor,Good,Average,Good
P0909,House,End-Terrace,1950-1966,Rented (social),Mains Gas,C,Yes,Nottingham,144,25,Good,Good,Good,Good
P0910,House,Semi-Detached,1930-1949,Owner-occupied,Mains Gas,C,Yes,Nottingham,170,30,Good,Very Good,Good,Good
P0911,House,Semi-Detached,1930-1949,Rented (social),Mains Gas,C,Yes,Nottingham,219,39,Average,Good,Good,Good
P0913,House,Semi-Detached,1900-1929,Rented (social),Mains Gas,D,Yes,Nottingham,281,50,Very Poor,Good,Good,Good
P0914,House,End-Terrace,1967-1975,Rented (social),Community Heating,C,No,Nottingham,13,3,Good,Good,Average,Average
P0915,House,Mid-Terrace,1900-1929,Owner-occupied,Mains Gas,C,Yes,Nottingham,187,33,Poor,Average,Good,Good
P0916,House,Semi-Detached,1983-1990,Rented (social),Mains Gas,D,Yes,Nottingham,201,32,Good,Very Good,Average,Good
P0917,House,Mid-Terrace,2012 onwards,Owner-occupied,Mains Gas,C,Yes,Nottingham,151,27,Very Good,Good,Average,Good
P0919,House,Semi-Detached,1930-1949,Rented (social),Mains Gas,C,Yes,Nottingham,203,36,Good,Good,Good,Good
P0920,House,End-Terrace,1930-1949,Rented (social),Mains Gas,C,Yes,Nottingham,212,37,Good,Good,Good,Good
P0921,House,End-Terrace,1950-1966,Rented (private),Mains Gas,C,Yes,Nottingham,187,33,Average,Average,Good,Good
P0922,House,Mid-Terrace,1950-1966,Owner-occupied,Mains Gas,C,Yes,Nottingham,196,36,Poor,Average,Poor,Good
P0923,House,End-Terrace,1930-1949,Rented (social),Mains Gas,D,Yes,Nottingham,225,39,Average,Good,Good,Good
P0925,House,End-Terrace,1930-1949,Rented (social),Mains Gas,D,Yes,Nottingham,249,44,Average,Good,Average,Good
P0926,House,Semi-Detached,1950-1966,Owner-occupied,Mains Gas,E,Yes,Nottingham,318,57,Very Poor,Very Good,Poor,Good
P0927,House,End-Terrace,1967-1975,Rented (social),Mains Gas,D,Yes,Nottingham,174,30,Good,Good,Average,Good
P0929,House,Mid-Terrace,1930-1949,Rented (social),Mains Gas,D,Yes,Nottingham,223,39,Average,Good,Average,Good
P0930,House,End-Terrace,1950-1966,Rented (social),Mains Gas,C,Yes,Nottingham,159,28,Good,Good,Average,Good
P0931,House,End-Terrace,1967-1975,Rented (social),Mains Gas,C,Yes,Nottingham,159,28,Good,Average,Good,Good
P0932,House,Semi-Detached,1996-2002,Rented (social),Electricity,B,No,Nottingham,276,47,Good,Very Good,Good,Average
P0935,House,Mid-Terrace,1930-1949,Rented (social),Mains Gas,B,Yes,Nottingham,123,22,Good,Average,Average,Good
P0936,House,Detached,2007-2011,Owner-occupied,Mains Gas,C,Yes,Nottingham,111,20,Good,Good,Good,Good
P0937,House,Semi-Detached,1930-1949,Owner-occupied,Mains Gas,D,Yes,Nottingham,263,46,Very Poor,Good,Average,Good
P0938,House,Semi-Detached,1930-1949,Owner-occupied,Mains Gas,D,Yes,Nottingham,260,43,Very Poor,Average,Poor,Good
P0939,House,Mid-Terrace,1950-1966,Owner-occupied,Mains Gas,C,Yes,Nottingham,159,28,Good,Good,Good,Good
P0940,House,End-Terrace,1991-1995,Rented (social),Mains Gas,D,Yes,Nottingham,163,28,Good,Good,Average,Good
P0941,House,Semi-Detached,1930-1949,Rented (social),Mains Gas,C,Yes,Nottingham,220,39,Average,Good,Good,Good
P0942,House,Mid-Terrace,1900-1929,Owner-occupied,Mains Gas,C,Yes,Nottingham,154,27,Good,Good,Good,Good
P0943,House,End-Terrace,1930-1949,Rented (social),Mains Gas,D,Yes,Nottingham,227,40,Average,Good,Good,Good
P0944,House,Semi-Detached,1930-1949,Rented (social),Mains Gas,D,Yes,Nottingham,208,36,Average,Good,Good,Good
P0946,House,Semi-Detached,before 1900,Owner-occupied,Electricity,F,Yes,Nottingham,353,39,Very Poor,Very Good,Poor,Average
P0948,House,Mid-Terrace,1930-1949,Rented (social),Mains Gas,B,Yes,Nottingham,110,20,Good,Good,Good,Good
P0949,House,Mid-Terrace,1930-1949,Rented (social),Mains Gas,D,Yes,Nottingham,227,40,Very Poor,Good,Average,Good
P0950,House,Semi-Detached,1930-1949,Rented (social),Mains Gas,D,Yes,Nottingham,229,40,Average,Good,Good,Good
P0951,House,Semi-Detached,1930-1949,Rented (social),Mains Gas,D,Yes,Nottingham,279,49,Very Poor,Average,Good,Good
P0952,House,End-Terrace,1930-1949,Rented (social),Mains Gas,D,Yes,Nottingham,249,46,Very Poor,Good,Average,Good
P0954,House,Mid-Terrace,1967-1975,Rented (social),Mains Gas,C,Yes,Nottingham,184,33,Very Poor,Average,Average,Good
P0955,House,Semi-Detached,1900-1929,Owner-occupied,Mains Gas,E,Yes,Nottingham,461,82,Very Poor,Average,Average,Good
P0956,House,Semi-Detached,1950-1966,Owner-occupied,Mains Gas,C,Yes,Nottingham,169,31,Good,Good,Very Poor,Good
P0957,House,End-Terrace,1976-1982,Rented (social),Mains Gas,D,Yes,Nottingham,228,40,Good,Good,Good,Good
P0959,House,Mid-Terrace,1930-1949,Rented (social),Mains Gas,C,Yes,Nottingham,162,29,Average,Good,Good,Good
P0960,House,Semi-Detached,before 1900,Owner-occupied,Mains Gas,D,Yes,Nottingham,271,47,Very Poor,Poor,Average,Good
P0961,House,Detached,1983-1990,Owner-occupied,Mains Gas,D,Yes,Nottingham,208,36,Good,Average,Average,Good
P0962,House,Mid-Terrace,1930-1949,Rented (social),Mains Gas,C,Yes,Nottingham,167,30,Average,Good,Good,Good
P0963,House,End-Terrace,1950-1966,Rented (social),Mains Gas,D,Yes,Nottingham,227,40,Average,Good,Good,Good
P0964,House,Semi-Detached,1967-1975,Rented (private),Mains Gas,C,Yes,Nottingham,163,30,Good,Good,Average,Good
P0965,House,Mid-Terrace,1930-1949,Rented (social),Mains Gas,D,Yes,Nottingham,243,43,Average,Good,Good,Good
P0966,House,Semi-Detached,1950-1966,Rented (social),Mains Gas,C,Yes,Nottingham,223,39,Average,Good,Good,Good
P0968,House,Mid-Terrace,1930-1949,Rented (social),Mains Gas,D,Yes,Nottingham,274,48,Very Poor,Very Poor,Good,Good
P0969,House,Semi-Detached,1930-1949,Owner-occupied,Mains Gas,C,Yes,Nottingham,217,38,Poor,Very Good,Average,Good
P0972,House,Mid-Terrace,1967-1975,Rented (social),Mains Gas,C,Yes,Nottingham,151,27,Good,Good,Good,Good
P0973,House,Semi-Detached,2012 onwards,Rented (social),Mains Gas,B,Yes,Nottingham,106,19,Very Good,Good,Good,Good
P0974,House,End-Terrace,1983-1990,Rented (social),Mains Gas,C,Yes,Nottingham,202,36,Good,Good,Good,Good
P0975,House,End-Terrace,1950-1966,Owner-occupied,Mains Gas,D,Yes,Nottingham,255,45,Very Poor,Good,Average,Good
P0976,House,Mid-Terrace,1900-1929,Rented (social),Mains Gas,C,Yes,Nottingham,202,37,Very Poor,Good,Average,Good
P0978,House,End-Terrace,1930-1949,Rented (social),Mains Gas,D,Yes,Nottingham,246,43,Average,Good,Good,Good
P0979,House,Semi-Detached,1930-1949,Rented (social),Mains Gas,D,Yes,Nottingham,232,41,Poor,Poor,Average,Good
P0980,House,Mid-Terrace,1976-1982,Rented (private),Mains Gas,C,Yes,Nottingham,194,34,Good,Very Good,Average,Good
P0981,House,Semi-Detached,1900-1929,Owner-occupied,Mains Gas,C,Yes,Nottingham,191,34,Very Poor,Very Good,Good,Good
P0982,House,End-Terrace,1950-1966,Owner-occupied,Mains Gas,D,Yes,Nottingham,349,62,Poor,Very Good,Average,Good
P0984,House,Mid-Terrace,1930-1949,Rented (social),Mains Gas,D,Yes,Nottingham,309,54,Very Poor,Very Poor,Good,Good
P0985,House,Mid-Terrace,1900-1929,Owner-occupied,Mains Gas,C,Yes,Nottingham,200,35,Very Poor,Good,Average,Good
P0986,House,Detached,1930-1949,Owner-occupied,Mains Gas,D,Yes,Nottingham,323,57,Very Poor,Very Good,Average,Good
P0987,House,Semi-Detached,1900-1929,Owner-occupied,Mains Gas,D,Yes,Nottingham,307,54,Very Poor,Average,Average,Good
P0988,House,Detached,1967-1975,Rented (social),Mains Gas,D,Yes,Nottingham,248,43,Average,Very Good,Good,Good
P0990,House,Mid-Terrace,1950-1966,Owner-occupied,Mains Gas,C,Yes,Nottingham,197,36,Poor,Good,Poor,Good
P0991,House,Detached,1930-1949,Owner-occupied,Mains Gas,D,Yes,Nottingham,267,51,Very Poor,Good,Poor,Good
P0992,House,End-Terrace,1930-1949,Rented (social),Mains Gas,C,Yes,Nottingham,237,42,Average,Good,Good,Good
P0993,House,Semi-Detached,1930-1949,Rented (social),Mains Gas,C,Yes,Nottingham,219,39,Average,Good,Good,Good
P0994,House,Mid-Terrace,1967-1975,Rented (social),Mains Gas,C,No,Nottingham,165,30,Good,Good,Good,Good
P0995,House,Detached,1930-1949,Owner-occupied,Mains Gas,D,Yes,Nottingham,306,54,Very Poor,Good,Average,Good
P0997,House,Semi-Detached,1967-1975,Rented (social),Mains Gas,C,Yes,Nottingham,147,25,Good,Very Good,Average,Good
P0998,House,Semi-Detached,1950-1966,Rented (social),Mains Gas,C,Yes,Nottingham,164,29,Good,Good,Good,Good
P0999,House,Semi-Detached,1976-1982,Rented (social),Mains Gas,D,Yes,Nottingham,255,45,Good,Good,Good,Good
P1000,House,Semi-Detached,1930-1949,Rented (social),Mains Gas,D,Yes,Nottingham,223,39,Average,Good,Good,Good
P1001,House,End-Terrace,1900-1929,Rented (private),Mains Gas,E,Yes,Nottingham,334,69,Very Poor,Very Good,Poor,Good
P1002,House,Mid-Terrace,1930-1949,Rented (social),Mains Gas,C,Yes,Nottingham,177,31,Good,Good,Good,Good
P1003,House,Semi-Detached,1976-1982,Rented (social),Mains Gas,C,Yes,Nottingham,157,28,Average,Good,Good,Good
P1004,House,Semi-Detached,1950-1966,Owner-occupied,Mains Gas,C,Yes,Nottingham,200,35,Average,Average,Average,Good
P1005,House,Mid-Terrace,1900-1929,Rented (social),Mains Gas,C,Yes,Nottingham,215,38,Very Poor,Good,Average,Good
P1006,House,Mid-Terrace,1976-1982,Rented (social),Community Heating,D,No,Nottingham,255,13,Good,Good,Average,Good
P1007,House,Semi-Detached,1930-1949,Rented (social),Mains Gas,C,Yes,Nottingham,187,33,Good,Good,Good,Good
P1009,House,End-Terrace,2003-2006,Owner-occupied,Mains Gas,B,Yes,Nottingham,108,19,Good,Good,Good,Good
P1010,House,Mid-Terrace,1900-1929,Owner-occupied,Mains Gas,C,Yes,Nottingham,161,28,Poor,Good,Poor,Good
P1011,House,Semi-Detached,1950-1966,Rented (social),Mains Gas,D,Yes,Nottingham,216,38,Average,Good,Good,Good
P1012,House,End-Terrace,1930-1949,Rented (social),Mains Gas,D,Yes,Nottingham,202,35,Good,Average,Average,Good
P1013,House,Semi-Detached,1983-1990,Owner-occupied,Mains Gas,C,Yes,Nottingham,196,34,Good,Very Good,Average,Good
P1014,House,Mid-Terrace,1930-1949,Owner-occupied,Mains Gas,D,Yes,Nottingham,242,42,Poor,Very Good,Poor,Good
P1016,House,Semi-Detached,1930-1949,Rented (social),Mains Gas,D,Yes,Nottingham,282,50,Very Poor,Average,Good,Good
P1017,House,Mid-Terrace,1976-1982,Rented (social),Mains Gas,C,Yes,Nottingham,158,28,Good,Good,Good,Good
P1018,House,Semi-Detached,1950-1966,Rented (social),Mains Gas,D,Yes,Nottingham,229,40,Average,Good,Good,Good
P1020,House,Semi-Detached,1950-1966,Rented (private),Mains Gas,D,Yes,Nottingham,248,45,Poor,Good,Poor,Good
P1021,House,End-Terrace,1930-1949,Rented (social),Mains Gas,C,Yes,Nottingham,183,32,Good,Good,Good,Good
P1022,House,Mid-Terrace,1930-1949,Rented (social),Mains Gas,D,Yes,Nottingham,214,38,Average,Good,Good,Good
P1023,House,Mid-Terrace,1976-1982,Rented (social),Mains Gas,C,Yes,Nottingham,184,32,Good,Good,Good,Good
P1025,House,Semi-Detached,1900-1929,Owner-occupied,Mains Gas,C,Yes,Nottingham,155,28,Good,Good,Poor,Good
P1026,House,End-Terrace,1930-1949,Rented (social),Mains Gas,C,Yes,Nottingham,208,37,Good,Good,Good,Good
P1027,House,End-Terrace,1930-1949,Owner-occupied,Mains Gas,D,Yes,Nottingham,226,41,Poor,Average,Poor,Good
P1029,House,Semi-Detached,before 1900,Owner-occupied,Mains Gas,C,Yes,Nottingham,178,32,Poor,Good,Average,Good
P1030,House,Semi-Detached,1950-1966,Rented (social),Mains Gas,D,Yes,Nottingham,233,41,Average,Good,Good,Good
P1033,House,Mid-Terrace,1930-1949,Rented (social),Mains Gas,C,Yes,Nottingham,221,39,Average,Good,Good,Good
P1034,House,End-Terrace,1900-1929,Rented (social),Mains Gas,E,Yes,Nottingham,311,54,Very Poor,Very Poor,Good,Good
P1036,House,Semi-Detached,1930-1949,Owner-occupied,Mains Gas,D,Yes,Nottingham,223,39,Poor,Very Good,Average,Good
P1037,House,Semi-Detached,1900-1929,Rented (social),Mains Gas,D,Yes,Nottingham,210,38,Poor,Average,Average,Good
P1038,House,Mid-Terrace,1930-1949,Rented (social),Mains Gas,D,Yes,Nottingham,234,41,Average,Good,Good,Good
P1039,House,Mid-Terrace,1967-1975,Rented (social),Mains Gas,C,Yes,Nottingham,157,28,Good,Good,Average,Good
P1040,House,End-Terrace,1930-1949,Rented (social),Mains Gas,D,Yes,Nottingham,227,40,Average,Good,Good,Good
P1041,House,Semi-Detached,1930-1949,Rented (private),Mains Gas,D,Yes,Nottingham,238,42,Very Poor,Good,Average,Good
P1043,House,Semi-Detached,1967-1975,Rented (social),Community Heating,D,No,Nottingham,24,5,Very Poor,Average,Average,Average
P1044,House,End-Terrace,1900-1929,Rented (private),Mains Gas,D,Yes,Nottingham,271,48,Very Poor,Average,Good,Good
P1045,House,Mid-Terrace,1900-1929,Rented (private),Mains Gas,C,Yes,Nottingham,127,23,Good,Very Good,Average,Good
P1047,House,Detached,1967-1975,Owner-occupied,Mains Gas,D,Yes,Nottingham,265,46,Average,Average,Good,Good
P1049,House,Mid-Terrace,1991-1995,Rented (private),Electricity,D,No,Nottingham,228,21,Good,Very Good,Poor,Average
P1050,House,Semi-Detached,1900-1929,Owner-occupied,Mains Gas,D,Yes,Nottingham,211,37,Very Poor,Good,Very Poor,Good
P1051,House,Semi-Detached,1950-1966,Rented (private),Mains Gas,D,Yes,Nottingham,195,35,Good,Good,Average,Good
P1052,House,Semi-Detached,1930-1949,Rented (social),Mains Gas,D,Yes,Nottingham,241,42,Average,Good,Good,Good
P1053,House,Semi-Detached,1930-1949,Rented (social),Mains Gas,D,Yes,Nottingham,240,42,Average,Good,Good,Good
P1054,House,Mid-Terrace,1900-1929,Rented (private),Mains Gas,C,Yes,Nottingham,165,30,Poor,Poor,Very Poor,Good
P1055,House,Detached,1950-1966,Owner-occupied,Electricity,F,No,Nottingham,518,88,Poor,Very Good,Good,Very Poor
P1056,House,End-Terrace,1930-1949,Rented (social),Mains Gas,C,Yes,Nottingham,227,40,Average,Good,Good,Good
P1057,House,Detached,1930-1949,Owner-occupied,Mains Gas,D,Yes,Nottingham,260,46,Poor,Very Good,Good,Good
P1058,House,Mid-Terrace,1930-1949,Rented (social),Mains Gas,C,Yes,Nottingham,206,36,Average,Good,Good,Good
P1059,House,Semi-Detached,1930-1949,Owner-occupied,Electricity,E,No,Nottingham,135,13,Good,Average,Good,Very Poor
P1060,House,Mid-Terrace,1976-1982,Rented (social),Mains Gas,D,Yes,Nottingham,277,50,Average,Average,Poor,Average
P1061,House,Mid-Terrace,1930-1949,Rented (private),Mains Gas,C,Yes,Nottingham,190,35,Very Poor,Good,Good,Good
P1063,House,Semi-Detached,1930-1949,Rented (social),Mains Gas,D,Yes,Nottingham,239,42,Average,Good,Good,Good
P1064,House,Mid-Terrace,1950-1966,Owner-occupied,Mains Gas,C,Yes,Nottingham,160,29,Good,Very Good,Poor,Good
P1066,House,Detached,1900-1929,Owner-occupied,Mains Gas,D,Yes,Nottingham,195,35,Very Poor,Average,Average,Good
P1067,House,Semi-Detached,1930-1949,Rented (social),Mains Gas,D,Yes,Nottingham,200,35,Average,Good,Good,Good
P1068,House,Semi-Detached,1991-1995,Owner-occupied,Mains Gas,C,Yes,Nottingham,188,33,Good,Average,Average,Good
P1070,House,End-Terrace,1930-1949,Rented (social),Mains Gas,D,Yes,Nottingham,240,42,Average,Good,Average,Good
P1071,House,Semi-Detached,1967-1975,Owner-occupied,Mains Gas,D,Yes,Nottingham,220,40,Poor,Poor,Average,Good
P1072,House,Semi-Detached,1991-1995,Rented (social),Mains Gas,C,Yes,Nottingham,189,33,Good,Good,Good,Good
P1073,House,Semi-Detached,1930-1949,Rented (social),Mains Gas,D,Yes,Nottingham,241,42,Average,Good,Good,Good
P1075,House,Semi-Detached,1930-1949,Rented (social),Mains Gas,D,Yes,Nottingham,237,42,Average,Good,Good,Good
P1076,House,Mid-Terrace,1950-1966,Owner-occupied,Mains Gas,B,Yes,Nottingham,97,18,Good,Good,Average,Good
P1078,House,Mid-Terrace,1930-1949,Rented (social),Mains Gas,D,Yes,Nottingham,246,43,Average,Good,Good,Good
P1079,House,Semi-Detached,1950-1966,Owner-occupied,Mains Gas,D,Yes,Nottingham,231,41,Average,Good,Average,Good
P1080,House,Mid-Terrace,1900-1929,Owner-occupied,Mains Gas,C,Yes,Nottingham,207,36,Very Poor,Good,Average,Good
P1082,House,End-Terrace,1950-1966,Owner-occupied,Mains Gas,E,Yes,Nottingham,345,61,Very Poor,Average,Average,Good
P1083,House,Semi-Detached,1930-1949,Owner-occupied,Mains Gas,D,Yes,Nottingham,224,41,Very Poor,Average,Poor,Good
P1084,House,Mid-Terrace,1967-1975,Owner-occupied,Mains Gas,D,No,Nottingham,254,45,Very Poor,Average,Average,Good
P1085,House,End-Terrace,1930-1949,Rented (social),Mains Gas,C,Yes,Nottingham,224,39,Average,Good,Good,Good
P1086,House,Semi-Detached,1930-1949,Rented (private),Mains Gas,C,Yes,Nottingham,197,37,Good,Average,Poor,Good
P1087,House,Mid-Terrace,1967-1975,Rented (social),Community Heating,D,No,Nottingham,30,5,Very Poor,Good,Average,Average
P1089,House,Mid-Terrace,1930-1949,Rented (social),Mains Gas,D,Yes,Nottingham,300,53,Average,Very Poor,Good,Good
P1090,House,Semi-Detached,1900-1929,Owner-occupied,Mains Gas,D,Yes,Nottingham,223,48,Very Poor,Average,Average,Good
P1091,House,Mid-Terrace,1930-1949,Rented (social),Mains Gas,C,Yes,Nottingham,188,33,Good,Good,Good,Good
P1094,House,Mid-Terrace,1967-1975,Rented (social),Mains Gas,C,Yes,Nottingham,186,33,Average,Good,Good,Good
P1098,House,End-Terrace,1930-1949,Rented (social),Mains Gas,C,Yes,Nottingham,203,36,Good,Good,Good,Good
P1099,House,End-Terrace,1900-1929,Rented (social),Mains Gas,E,Yes,Nottingham,350,61,Very Poor,Very Poor,Good,Good
P1100,House,Mid-Terrace,2003-2006,Owner-occupied,Mains Gas,C,Yes,Nottingham,147,26,Good,Good,Good,Good
P1102,House,Mid-Terrace,1930-1949,Rented (social),Mains Gas,C,Yes,Nottingham,165,29,Average,Good,Average,Good
P1103,House,Mid-Terrace,1930-1949,Rented (social),Mains Gas,D,Yes,Nottingham,240,42,Average,Good,Good,Good
P1104,House,Semi-Detached,1930-1949,Rented (social),Mains Gas,D,Yes,Nottingham,298,52,Good,Good,Good,Good
P1105,House,End-Terrace,1930-1949,Rented (social),Mains Gas,D,Yes,Nottingham,249,44,Average,Good,Good,Good
P1106,House,Mid-Terrace,1900-1929,Owner-occupied,Mains Gas,D,Yes,Nottingham,299,53,Very Poor,Good,Very Poor,Good
P1107,House,Semi-Detached,2003-2006,Rented (social),Mains Gas,B,Yes,Nottingham,101,18,Good,Good,Good,Good
P1109,House,Semi-Detached,1930-1949,Rented (social),Mains Gas,C,Yes,Nottingham,199,35,Average,Good,Good,Good
P1110,House,End-Terrace,1930-1949,Rented (social),Mains Gas,D,Yes,Nottingham,272,48,Good,Good,Good,Good
P1111,House,Semi-Detached,1976-1982,Rented (private),Mains Gas,C,Yes,Nottingham,170,30,Good,Very Good,Average,Good
P1112,House,Semi-Detached,1967-1975,Owner-occupied,Mains Gas,C,Yes,Nottingham,215,38,Average,Very Poor,Average,Good
P1113,House,Mid-Terrace,1930-1949,Rented (social),Mains Gas,C,Yes,Nottingham,160,28,Average,Good,Average,Good
P1114,House,Semi-Detached,1930-1949,Rented (social),Mains Gas,D,Yes,Nottingham,233,41,Average,Good,Good,Good
P1115,House,Mid-Terrace,1930-1949,Rented (social),Mains Gas,B,Yes,Nottingham,119,21,Good,Good,Good,Good
P1116,House,Mid-Terrace,1976-1982,Rented (social),Mains Gas,C,Yes,Nottingham,107,20,Very Good,Good,Average,Good
P1117,House,Semi-Detached,1950-1966,Owner-occupied,Mains Gas,D,Yes,Nottingham,281,50,Average,Very Poor,Average,Good
P1118,House,Semi-Detached,1930-1949,Rented (social),Mains Gas,D,Yes,Nottingham,239,42,Average,Good,Good,Good
P1119,House,Mid-Terrace,1967-1975,Rented (social),Mains Gas,C,Yes,Nottingham,148,26,Average,Good,Average,Good
P1120,House,Mid-Terrace,1930-1949,Rented (social),Mains Gas,D,Yes,Nottingham,256,45,Average,Good,Good,Good
P1121,House,End-Terrace,1930-1949,Rented (social),Mains Gas,D,Yes,Nottingham,226,40,Average,Good,Good,Good
P1123,House,Mid-Terrace,1900-1929,Owner-occupied,Mains Gas,C,Yes,Nottingham,194,35,Very Poor,Very Good,Poor,Good
P1124,House,Semi-Detached,1930-1949,Rented (social),Mains Gas,E,Yes,Nottingham,313,55,Very Poor,Good,Good,Good
P1125,House,End-Terrace,1950-1966,Rented (social),Mains Gas,D,Yes,Nottingham,213,37,Average,Good,Good,Good
P1126,House,Semi-Detached,2012 onwards,Rented (social),Mains Gas,B,Yes,Nottingham,79,14,Very Good,Good,Good,Good
P1127,House,End-Terrace,1930-1949,Rented (social),Mains Gas,D,Yes,Nottingham,259,45,Average,Good,Average,Good
P1128,House,Semi-Detached,1930-1949,Rented (private),Mains Gas,C,Yes,Nottingham,176,30,Good,Poor,Average,Good
P1130,House,Mid-Terrace,1950-1966,Rented (social),Mains Gas,D,Yes,Nottingham,206,36,Average,Good,Good,Good
P1131,House,End-Terrace,1930-1949,Owner-occupied,Mains Gas,C,Yes,Nottingham,185,33,Average,Good,Good,Good
P1132,House,Semi-Detached,1983-1990,Rented (social),Mains Gas,C,Yes,Nottingham,223,39,Good,Good,Good,Good
P1133,House,Semi-Detached,1983-1990,Not defined - use in the case of a new dwelling for which the intended tenure in not known. It is not to be used for an existing dwelling,Mains Gas,D,Yes,Nottingham,178,26,Good,Good,Average,Good
P1134,House,Semi-Detached,1967-1975,Owner-occupied,Mains Gas,C,Yes,Nottingham,213,38,Average,Average,Average,Good
P1135,House,Mid-Terrace,1900-1929,Rented (private),Mains Gas,C,Yes,Nottingham,140,25,Good,Very Good,Good,Good
P1136,House,Semi-Detached,1950-1966,Owner-occupied,Mains Gas,C,Yes,Nottingham,217,38,Average,Good,Average,Good
P1137,House,Detached,1983-1990,Owner-occupied,Mains Gas,D,Yes,Nottingham,283,50,Good,Average,Average,Good
P1138,House,Semi-Detached,1930-1949,Rented (social),Mains Gas,D,Yes,Nottingham,231,40,Average,Good,Good,Good
P1139,House,Semi-Detached,1930-1949,Owner-occupied,Mains Gas,D,Yes,Nottingham,282,49,Very Poor,Very Good,Average,Good
P1141,House,Semi-Detached,1950-1966,Rented (social),Mains Gas,D,Yes,Nottingham,268,47,Poor,Very Good,Average,Good
P1143,House,Mid-Terrace,1900-1929,Rented (private),Mains Gas,D,Yes,Nottingham,245,45,Very Poor,Very Good,Poor,Good
P1146,House,End-Terrace,1900-1929,Rented (social),Mains Gas,C,Yes,Nottingham,148,26,Good,Very Good,Average,Good
P1147,House,End-Terrace,1967-1975,Owner-occupied,Mains Gas,C,Yes,Nottingham,195,34,Average,Very Good,Average,Good
P1148,House,Semi-Detached,1967-1975,Owner-occupied,Mains Gas,C,Yes,Nottingham,162,30,Good,Average,Average,Good
P1150,House,End-Terrace,1967-1975,Rented (social),Mains Gas,C,Yes,Nottingham,180,31,Very Poor,Very Good,Average,Good
P1151,House,End-Terrace,1983-1990,Rented (social),Mains Gas,C,Yes,Nottingham,188,33,Good,Good,Good,Good
P1152,House,Semi-Detached,1930-1949,Rented (private),Mains Gas,D,Yes,Nottingham,274,48,Average,Very Poor,Poor,Good
P1153,House,End-Terrace,1950-1966,Rented (social),Mains Gas,B,Yes,Nottingham,143,26,Average,Good,Good,Good
P1154,House,Mid-Terrace,1976-1982,Rented (social),Mains Gas,C,Yes,Nottingham,180,32,Average,Good,Good,Good
P1157,House,Mid-Terrace,1996-2002,Rented (social),Mains Gas,C,Yes,Nottingham,130,23,Good,Very Good,Average,Good
P1158,House,Mid-Terrace,1950-1966,Rented (private),Mains Gas,C,Yes,Nottingham,144,25,Very Good,Good,Average,Good
P1159,House,End-Terrace,1930-1949,Rented (social),Mains Gas,D,Yes,Nottingham,239,42,Average,Good,Good,Good
P1160,House,End-Terrace,1900-1929,Rented (social),Mains Gas,D,Yes,Nottingham,278,49,Very Poor,Good,Good,Good
P1161,House,Mid-Terrace,1950-1966,Owner-occupied,Mains Gas,C,Yes,Nottingham,115,20,Good,Average,Average,Good
P1162,House,Mid-Terrace,1930-1949,Rented (social),Mains Gas,C,Yes,Nottingham,167,30,Average,Good,Average,Good
P1163,House,Mid-Terrace,1930-1949,Owner-occupied,Mains Gas,D,Yes,Nottingham,230,37,Very Poor,Average,Good,Good
P1164,House,End-Terrace,1930-1949,Rented (social),Mains Gas,D,Yes,Nottingham,237,41,Average,Good,Good,Good
P1165,House,End-Terrace,1930-1949,Rented (private),Mains Gas,D,Yes,Nottingham,226,41,Good,Poor,Poor,Good
P1169,House,Mid-Terrace,1976-1982,Owner-occupied,Mains Gas,C,Yes,Nottingham,161,26,Average,Average,Average,Good
P1170,House,Semi-Detached,1900-1929,Owner-occupied,Mains Gas,D,Yes,Nottingham,248,46,Very Poor,Average,Average,Good
P1171,House,Mid-Terrace,before 1900,Owner-occupied,LPG,D,No,Nottingham,142,29,Very Poor,Very Good,Good,Poor
P1173,House,Mid-Terrace,1930-1949,Rented (social),Mains Gas,C,Yes,Nottingham,155,28,Poor,Good,Good,Good
P1175,House,Mid-Terrace,1983-1990,Rented (social),Mains Gas,D,Yes,Nottingham,199,35,Good,Poor,Poor,Good
P1176,House,End-Terrace,1900-1929,Owner-occupied,Mains Gas,D,Yes,Nottingham,337,60,Very Poor,Average,Average,Good
P1177,House,Mid-Terrace,1900-1929,Rented (private),Mains Gas,D,Yes,Nottingham,299,53,Poor,Very Poor,Average,Good
P1178,House,Semi-Detached,1950-1966,Owner-occupied,Mains Gas,C,Yes,Nottingham,162,28,Good,Good,Average,Good
P1179,House,End-Terrace,1900-1929,Rented (social),Mains Gas,C,Yes,Nottingham,213,37,Good,Average,Good,Good
P1180,House,Detached,1930-1949,Owner-occupied,Mains Gas,D,Yes,Nottingham,294,52,Very Poor,Very Good,Average,Good
P1181,House,Detached,1930-1949,Rented (private),Mains Gas,C,Yes,Nottingham,217,40,Very Poor,Very Good,Average,Good
P1182,House,End-Terrace,1930-1949,Rented (social),Mains Gas,D,Yes,Nottingham,234,41,Average,Good,Good,Good
P1183,House,End-Terrace,1967-1975,Owner-occupied,Electricity,E,No,Nottingham,522,88,Good,Very Poor,Good,Average
P1184,House,Semi-Detached,1950-1966,Rented (private),Mains Gas,C,Yes,Nottingham,153,27,Good,Good,Average,Good
P1185,House,Mid-Terrace,1900-1929,Rented (social),Mains Gas,D,Yes,Nottingham,254,44,Very Poor,Average,Good,Good
P1187,House,Mid-Terrace,1900-1929,Rented (private),Mains Gas,D,Yes,Nottingham,285,50,Average,Very Poor,Average,Good
P1189,House,Mid-Terrace,1996-2002,Owner-occupied,Electricity,D,No,Nottingham,385,65,Good,Good,Average,Very Poor
P1190,House,End-Terrace,1900-1929,Rented (social),Mains Gas,E,Yes,Nottingham,408,72,Very Poor,Very Poor,Good,Good
P1192,House,Mid-Terrace,1930-1949,Rented (social),Mains Gas,C,Yes,Nottingham,209,37,Average,Good,Average,Good
P1193,House,End-Terrace,1950-1966,Owner-occupied,Mains Gas,B,Yes,Nottingham,115,21,Good,Good,Average,Good
P1194,House,Mid-Terrace,1930-1949,Rented (social),Mains Gas,D,Yes,Nottingham,230,40,Average,Average,Good,Good
P1195,House,End-Terrace,1950-1966,Rented (social),Mains Gas,D,Yes,Nottingham,213,37,Average,Good,Good,Good
P1196,House,Detached,1930-1949,Rented (private),Mains Gas,D,Yes,Nottingham,210,39,Very Poor,Very Good,Average,Good
P1198,House,Mid-Terrace,1900-1929,Owner-occupied,Mains Gas,C,Yes,Nottingham,202,36,Poor,Good,Average,Good
P1199,House,Semi-Detached,1900-1929,Rented (social),Mains Gas,D,Yes,Nottingham,315,56,Very Poor,Very Poor,Good,Good
P1200,House,Mid-Terrace,1950-1966,Rented (private),Mains Gas,C,Yes,Nottingham,200,35,Very Poor,Average,Average,Good
P1202,House,Mid-Terrace,1930-1949,Rented (social),Mains Gas,D,Yes,Nottingham,256,45,Good,Good,Good,Good
P1203,House,Mid-Terrace,1950-1966,Owner-occupied,Mains Gas,D,Yes,Nottingham,209,35,Very Poor,Good,Poor,Good
P1204,House,Mid-Terrace,1967-1975,Rented (social),Mains Gas,B,Yes,Nottingham,113,20,Good,Good,Good,Good
P1207,House,Semi-Detached,1930-1949,Rented (social),Mains Gas,C,Yes,Nottingham,201,35,Average,Good,Good,Good
P1208,House,Mid-Terrace,1930-1949,Rented (social),Mains Gas,D,Yes,Nottingham,224,39,Average,Good,Good,Good
P1210,House,End-Terrace,1976-1982,Rented (social),Community Heating,C,Yes,Nottingham,214,10,Good,Good,Good,Good
P1211,House,Mid-Terrace,1950-1966,Rented (social),Mains Gas,C,Yes,Nottingham,144,25,Good,Good,Good,Good
P1212,House,Detached,1930-1949,Owner-occupied,Mains Gas,D,Yes,Nottingham,180,33,Very Good,Very Poor,Poor,Good
P1215,House,Semi-Detached,1991-1995,Rented (social),Mains Gas,C,Yes,Nottingham,167,30,Good,Good,Poor,Good
P1216,House,End-Terrace,1930-1949,Rented (social),Mains Gas,D,Yes,Nottingham,249,44,Average,Good,Good,Good
P1219,House,End-Terrace,1930-1949,Rented (social),Mains Gas,C,Yes,Nottingham,204,36,Average,Good,Good,Good
P1220,House,End-Terrace,1930-1949,Owner-occupied,Mains Gas,D,Yes,Nottingham,236,42,Very Poor,Average,Average,Good
P1221,House,End-Terrace,1930-1949,Rented (social),Mains Gas,D,Yes,Nottingham,248,44,Average,Good,Good,Good
P1222,House,Mid-Terrace,1930-1949,Rented (social),Mains Gas,D,Yes,Nottingham,230,40,Average,Good,Good,Good
P1223,House,Semi-Detached,1930-1949,Rented (social),Mains Gas,D,Yes,Nottingham,238,42,Average,Good,Good,Good
P1225,House,End-Terrace,1930-1949,Rented (social),Mains Gas,D,Yes,Nottingham,234,41,Average,Good,Good,Good
P1226,House,Semi-Detached,1930-1949,Rented (social),Mains Gas,D,Yes,Nottingham,252,43,Very Poor,Average,Poor,Good
P1227,House,Mid-Terrace,1967-1975,Owner-occupied,Electricity,E,No,Nottingham,501,85,Good,Very Poor,Average,Average
P1228,House,End-Terrace,1930-1949,Rented (social),Mains Gas,D,Yes,Nottingham,221,39,Good,Good,Good,Good
P1229,House,Mid-Terrace,1900-1929,Owner-occupied,Mains Gas,C,Yes,Nottingham,201,35,Very Poor,Good,Average,Good
P1231,House,Semi-Detached,1930-1949,Owner-occupied,Mains Gas,D,Yes,Nottingham,254,45,Very Poor,Average,Average,Good
P1232,House,Semi-Detached,1983-1990,Owner-occupied,Mains Gas,D,Yes,Nottingham,185,33,Good,Good,Poor,Good
P1233,House,End-Terrace,1930-1949,Rented (social),Mains Gas,C,Yes,Nottingham,190,35,Good,Good,Average,Good
P1234,House,End-Terrace,1976-1982,Rented (social),Mains Gas,D,Yes,Nottingham,147,24,Good,Good,Average,Good
P1235,House,Mid-Terrace,1930-1949,Rented (social),Mains Gas,D,Yes,Nottingham,255,45,Average,Good,Good,Good
P1237,House,End-Terrace,1930-1949,Rented (social),Mains Gas,D,Yes,Nottingham,222,39,Average,Good,Good,Good
P1239,House,End-Terrace,1930-1949,Rented (social),Mains Gas,D,Yes,Nottingham,288,50,Average,Very Poor,Good,Good
P1241,House,Mid-Terrace,1950-1966,Rented (social),Mains Gas,C,Yes,Nottingham,185,32,Average,Good,Good,Good
P1242,House,End-Terrace,1930-1949,Rented (social),Mains Gas,C,Yes,Nottingham,191,33,Good,Good,Good,Good
P1244,House,Semi-Detached,1996-2002,Rented (social),Mains Gas,C,Yes,Nottingham,163,30,Good,Good,Average,Good
P1245,House,Mid-Terrace,1950-1966,Owner-occupied,Mains Gas,C,Yes,Nottingham,184,32,Average,Good,Average,Good
P1247,House,Mid-Terrace,1930-1949,Rented (social),Mains Gas,B,Yes,Nottingham,109,19,Good,Good,Good,Good
P1248,House,Semi-Detached,1950-1966,Rented (social),Mains Gas,C,Yes,Nottingham,175,31,Good,Good,Good,Good
P1249,House,Semi-Detached,1950-1966,Rented (private),Mains Gas,C,Yes,Nottingham,201,35,Average,Good,Average,Good
P1251,House,Semi-Detached,1930-1949,Rented (social),Mains Gas,D,Yes,Nottingham,222,39,Average,Good,Good,Good
P1254,House,End-Terrace,1967-1975,Rented (private),Mains Gas,D,Yes,Nottingham,229,40,Very Poor,Very Good,Average,Good
P1255,House,Mid-Terrace,1930-1949,Rented (social),Mains Gas,D,Yes,Nottingham,234,41,Average,Good,Good,Good
P1257,House,Semi-Detached,1991-1995,Rented (social),Mains Gas,C,Yes,Nottingham,228,40,Good,Very Good,Average,Good
P1258,House,Detached,1930-1949,Owner-occupied,Mains Gas,D,Yes,Nottingham,305,54,Very Poor,Good,Average,Good
P1259,House,End-Terrace,1976-1982,Rented (social),Mains Gas,D,Yes,Nottingham,220,39,Average,Average,Good,Good
P1260,House,Mid-Terrace,1930-1949,Rented (social),Mains Gas,D,Yes,Nottingham,230,40,Average,Good,Good,Good
P1261,House,Semi-Detached,1930-1949,Rented (social),Mains Gas,D,Yes,Nottingham,248,43,Average,Good,Good,Good
P1263,House,Mid-Terrace,1950-1966,Owner-occupied,Mains Gas,F,Yes,Nottingham,523,92,Average,Very Poor,Average,Good
P1264,House,Semi-Detached,1950-1966,Rented (social),Mains Gas,D,Yes,Nottingham,199,36,Good,Good,Poor,Good
P1266,House,Semi-Detached,1900-1929,Rented (social),Mains Gas,C,Yes,Nottingham,163,29,Very Poor,Very Good,Average,Good
P1267,House,Mid-Terrace,1930-1949,Rented (social),Mains Gas,D,Yes,Nottingham,223,39,Average,Good,Good,Good
P1268,House,Semi-Detached,1930-1949,Rented (social),Mains Gas,C,Yes,Nottingham,229,40,Average,Good,Average,Good
P1269,House,End-Terrace,1930-1949,Rented (social),Mains Gas,D,Yes,Nottingham,243,42,Average,Good,Average,Good
P1270,House,End-Terrace,1930-1949,Rented (social),Mains Gas,C,Yes,Nottingham,172,30,Good,Good,Good,Good
P1271,House,Mid-Terrace,1930-1949,Rented (social),Mains Gas,D,Yes,Nottingham,223,39,Average,Good,Average,Good
P1272,House,End-Terrace,1950-1966,Owner-occupied,Mains Gas,D,Yes,Nottingham,322,57,Average,Good,Average,Good
P1273,House,Semi-Detached,1930-1949,Owner-occupied,Mains Gas,D,Yes,Nottingham,242,43,Very Poor,Average,Good,Good
P1277,House,Detached,1930-1949,Owner-occupied,Mains Gas,D,Yes,Nottingham,198,35,Very Poor,Good,Good,Good
P1278,House,Mid-Terrace,1950-1966,Rented (social),Mains Gas,D,Yes,Nottingham,223,39,Average,Good,Good,Good
P1279,House,Semi-Detached,2003-2006,Owner-occupied,Mains Gas,C,No,Nottingham,203,36,Good,Good,Average,Good
P1280,House,Semi-Detached,1950-1966,Rented (private),Mains Gas,D,Yes,Nottingham,248,44,Very Poor,Good,Good,Good
P1281,House,Detached,1950-1966,Owner-occupied,Mains Gas,D,Yes,Nottingham,211,37,Average,Good,Good,Good
P1283,House,Semi-Detached,1950-1966,Rented (social),Mains Gas,C,Yes,Nottingham,140,25,Good,Average,Average,Good
P1284,House,Semi-Detached,1930-1949,Rented (private),Mains Gas,D,Yes,Nottingham,303,53,Very Poor,Good,Average,Good
P1285,House,Mid-Terrace,1930-1949,Rented (social),Mains Gas,D,Yes,Nottingham,224,39,Average,Good,Good,Good
P1286,House,Mid-Terrace,1930-1949,Rented (social),Mains Gas,C,Yes,Nottingham,184,32,Good,Average,Good,Good
P1287,House,End-Terrace,1930-1949,Rented (social),Mains Gas,D,Yes,Nottingham,232,41,Average,Good,Average,Good
P1288,House,Semi-Detached,1950-1966,Rented (social),Mains Gas,C,Yes,Nottingham,161,28,Good,Good,Good,Good
P1289,House,End-Terrace,1967-1975,Rented (social),Community Heating,C,Yes,Nottingham,186,9,Good,Good,Good,Good
P1290,House,Mid-Terrace,1900-1929,Owner-occupied,Mains Gas,C,Yes,Nottingham,139,25,Good,Good,Average,Good
P1291,House,Semi-Detached,2003-2006,Owner-occupied,Mains Gas,C,Yes,Nottingham,140,24,Good,Good,Average,Good
P1292,House,Semi-Detached,1991-1995,Rented (private),Mains Gas,C,Yes,Nottingham,195,34,Good,Average,Good,Good
P1293,House,End-Terrace,1976-1982,Rented (social),Mains Gas,C,Yes,Nottingham,178,31,Good,Good,Good,Good
P1294,House,Semi-Detached,1930-1949,Owner-occupied,Mains Gas,C,Yes,Nottingham,205,36,Good,Very Good,Good,Good
P1295,House,End-Terrace,1930-1949,Rented (social),Mains Gas,D,Yes,Nottingham,236,41,Average,Good,Good,Good
P1297,House,Mid-Terrace,1930-1949,Rented (social),Mains Gas,C,Yes,Nottingham,192,34,Good,Good,Good,Good
P1298,House,Detached,1930-1949,Owner-occupied,Mains Gas,E,Yes,Nottingham,278,49,Very Poor,Good,Poor,Good
P1299,House,End-Terrace,1930-1949,Rented (social),Mains Gas,D,Yes,Nottingham,246,43,Average,Good,Good,Good
P1300,House,Semi-Detached,1930-1949,Rented (private),Mains Gas,C,Yes,Nottingham,201,36,Very Poor,Very Good,Good,Good
P1301,House,Mid-Terrace,1930-1949,Rented (social),Mains Gas,D,Yes,Nottingham,221,39,Average,Good,Good,Good
P1302,House,Semi-Detached,2012 onwards,Rented (social),Mains Gas,B,Yes,Nottingham,102,18,Very Good,Good,Good,Good
P1303,House,Semi-Detached,1967-1975,Owner-occupied,Mains Gas,D,Yes,Nottingham,274,48,Poor,Good,Average,Good
P1304,House,End-Terrace,1930-1949,Rented (social),Mains Gas,D,Yes,Nottingham,245,43,Average,Good,Good,Good
P1306,House,Mid-Terrace,2003-2006,Owner-occupied,Mains Gas,C,Yes,Nottingham,114,21,Good,Very Good,Average,Good
P1307,House,Semi-Detached,1991-1995,Rented (social),Mains Gas,D,Yes,Nottingham,182,31,Good,Good,Average,Good
P1308,House,Semi-Detached,1950-1966,Rented (social),Mains Gas,C,Yes,Nottingham,164,29,Average,Good,Good,Good
P1309,House,Mid-Terrace,1930-1949,Owner-occupied,Mains Gas,C,Yes,Nottingham,175,31,Very Poor,Average,Average,Good
P1310,House,Semi-Detached,1930-1949,Rented (social),Mains Gas,C,Yes,Nottingham,187,33,Good,Very Good,Good,Good
P1311,House,Mid-Terrace,1930-1949,Rented (private),Mains Gas,C,Yes,Nottingham,208,37,Good,Good,Good,Good
P1312,House,Mid-Terrace,1900-1929,Rented (private),Mains Gas,C,Yes,Nottingham,192,34,Very Poor,Good,Good,Good
P1313,House,End-Terrace,1991-1995,Rented (social),Mains Gas,C,Yes,Nottingham,194,34,Good,Good,Good,Good
P1314,House,Mid-Terrace,1930-1949,Rented (social),Mains Gas,D,Yes,Nottingham,220,39,Very Poor,Good,Good,Good
P1315,House,End-Terrace,1930-1949,Rented (social),Mains Gas,C,Yes,Nottingham,207,36,Good,Good,Good,Good
P1316,House,Mid-Terrace,1976-1982,Rented (social),Mains Gas,C,Yes,Nottingham,189,33,Good,Very Good,Good,Good
P1317,House,Mid-Terrace,1900-1929,Rented (social),Mains Gas,D,Yes,Nottingham,212,37,Very Poor,Good,Average,Good
P1318,House,End-Terrace,2003-2006,Owner-occupied,Mains Gas,C,Yes,Nottingham,153,27,Good,Good,Average,Good
P1319,House,Semi-Detached,1967-1975,Rented (social),Mains Gas,C,Yes,Nottingham,211,37,Very Poor,Good,Average,Good
P1320,House,Semi-Detached,1930-1949,Rented (social),Mains Gas,C,Yes,Nottingham,168,30,Good,Good,Good,Good
P1321,House,End-Terrace,1930-1949,Rented (social),Mains Gas,D,Yes,Nottingham,246,43,Average,Good,Average,Good
P1322,House,Mid-Terrace,1950-1966,Rented (social),Mains Gas,D,Yes,Nottingham,232,41,Poor,Good,Poor,Good
P1323,House,Detached,1996-2002,Rented (private),Mains Gas,C,Yes,Nottingham,160,28,Good,Average,Good,Good
P1325,House,Semi-Detached,1976-1982,Rented (social),Mains Gas,D,Yes,Nottingham,185,31,Average,Very Good,Average,Good
P1327,House,End-Terrace,1930-1949,Rented (social),Mains Gas,C,Yes,Nottingham,210,37,Good,Good,Good,Good
P1330,House,Semi-Detached,1967-1975,Owner-occupied,Mains Gas,C,Yes,Nottingham,166,29,Good,Good,Good,Good
P1332,House,Semi-Detached,1950-1966,Rented (social),Mains Gas,D,Yes,Nottingham,214,38,Average,Good,Good,Good
P1333,House,Mid-Terrace,1950-1966,Owner-occupied,Mains Gas,C,Yes,Nottingham,185,32,Good,Good,Average,Good
P1334,House,Enclosed End-Terrace,1930-1949,Rented (private),Mains Gas,E,Yes,Nottingham,334,59,Poor,Very Poor,Poor,Good
P1335,House,End-Terrace,1967-1975,Rented (social),Mains Gas,C,Yes,Nottingham,143,24,Good,Very Good,Average,Good
P1336,House,End-Terrace,1930-1949,Rented (social),Mains Gas,D,Yes,Nottingham,249,44,Average,Good,Good,Good
P1337,House,Mid-Terrace,1930-1949,Rented (social),Mains Gas,C,Yes,Nottingham,174,31,Average,Good,Good,Good
P1338,House,Semi-Detached,1930-1949,Rented (social),Mains Gas,D,Yes,Nottingham,226,40,Average,Average,Good,Good
P1340,House,Mid-Terrace,1976-1982,Rented (social),Mains Gas,C,Yes,Nottingham,142,24,Good,Good,Average,Good
P1341,House,Detached,1967-1975,Rented (social),Mains Gas,D,Yes,Nottingham,279,49,Average,Very Poor,Good,Good
P1342,House,Semi-Detached,1950-1966,Rented (social),Mains Gas,D,Yes,Nottingham,264,47,Average,Good,Average,Good
P1343,House,Mid-Terrace,1930-1949,Rented (social),Mains Gas,C,Yes,Nottingham,170,30,Good,Good,Average,Good
P1344,House,Mid-Terrace,1930-1949,Rented (social),Mains Gas,D,Yes,Nottingham,248,44,Average,Good,Good,Good
P1345,House,End-Terrace,1930-1949,Rented (social),Mains Gas,C,Yes,Nottingham,216,38,Average,Good,Good,Good
P1346,House,Mid-Terrace,1900-1929,Rented (private),Mains Gas,C,Yes,Nottingham,179,33,Poor,Very Good,Average,Good
P1347,House,Semi-Detached,1996-2002,Rented (private),Mains Gas,C,Yes,Nottingham,175,32,Good,Good,Average,Good
P1348,House,Mid-Terrace,1930-1949,Owner-occupied,Mains Gas,E,Yes,Nottingham,414,73,Average,Good,Average,Good
P1349,House,End-Terrace,1930-1949,Rented (social),Mains Gas,C,Yes,Nottingham,208,36,Good,Good,Good,Good
P1351,House,Semi-Detached,1930-1949,Rented (social),Mains Gas,D,Yes,Nottingham,224,39,Good,Good,Good,Good
P1352,House,End-Terrace,1930-1949,Rented (social),Mains Gas,C,Yes,Nottingham,145,25,Good,Good,Average,Good
P1354,House,End-Terrace,1900-1929,Owner-occupied,Mains Gas,D,Yes,Nottingham,276,49,Very Poor,Good,Good,Good
P1355,House,Semi-Detached,1967-1975,Rented (social),Mains Gas,B,Yes,Nottingham,104,19,Good,Good,Good,Good
P1356,House,Mid-Terrace,1900-1929,Rented (private),Mains Gas,E,Yes,Nottingham,347,61,Very Poor,Very Poor,Average,Good
P1357,House,End-Terrace,1950-1966,Rented (private),Mains Gas,C,Yes,Nottingham,178,31,Good,Good,Average,Good
P1359,House,End-Terrace,1950-1966,Owner-occupied,Mains Gas,C,Yes,Nottingham,202,37,Good,Average,Average,Good
P1360,House,Mid-Terrace,1930-1949,Rented (social),Mains Gas,C,Yes,Nottingham,174,31,Average,Good,Good,Good
P1361,House,Semi-Detached,1930-1949,Rented (social),Mains Gas,C,Yes,Nottingham,198,35,Good,Good,Good,Good
P1362,House,End-Terrace,1950-1966,Rented (social),Mains Gas,C,Yes,Nottingham,171,30,Good,Good,Good,Good
P1363,House,End-Terrace,1900-1929,Rented (social),Mains Gas,C,Yes,Nottingham,149,26,Good,Good,Average,Good
P1364,House,Semi-Detached,1930-1949,Rented (social),Mains Gas,D,Yes,Nottingham,244,43,Average,Good,Good,Good
P1366,House,Mid-Terrace,before 1900,Owner-occupied,Mains Gas,D,Yes,Nottingham,290,51,Very Poor,Very Poor,Average,Good
P1367,House,End-Terrace,1950-1966,Owner-occupied,Mains Gas,D,Yes,Nottingham,261,46,Very Poor,Very Good,Poor,Good
P1368,House,End-Terrace,1950-1966,Rented (social),Mains Gas,C,Yes,Nottingham,214,38,Average,Good,Good,Good
P1369,House,Detached,1950-1966,Owner-occupied,Mains Gas,E,Yes,Nottingham,295,53,Very Poor,Good,Poor,Good
P1370,House,Semi-Detached,1950-1966,Rented (private),Mains Gas,D,Yes,Nottingham,219,38,Poor,Average,Poor,Good
P1372,House,End-Terrace,1930-1949,Owner-occupied,Mains Gas,D,Yes,Nottingham,245,45,Very Poor,Average,Poor,Good
P1373,House,End-Terrace,1950-1966,Rented (social),Mains Gas,C,Yes,Nottingham,183,32,Average,Good,Good,Good
P1374,House,Mid-Terrace,1967-1975,Owner-occupied,Mains Gas,B,Yes,Nottingham,134,25,Good,Good,Average,Good
P1375,House,Semi-Detached,1950-1966,Rented (private),Mains Gas,C,Yes,Nottingham,191,35,Good,Average,Poor,Good
P1376,House,Mid-Terrace,1976-1982,Owner-occupied,Electricity,E,No,Nottingham,446,75,Average,Average,Good,Average
P1377,House,Semi-Detached,1950-1966,Owner-occupied,Mains Gas,C,Yes,Nottingham,201,36,Average,Good,Average,Good
P1378,House,End-Terrace,1930-1949,Rented (social),Electricity,D,Yes,Nottingham,392,66,Good,Good,Good,Average
P1379,House,Mid-Terrace,1900-1929,Rented (private),Mains Gas,C,Yes,Nottingham,157,29,Very Poor,Good,Average,Good
P1380,House,Semi-Detached,1950-1966,Owner-occupied,Mains Gas,D,Yes,Nottingham,284,50,Very Poor,Very Good,Average,Good
P1381,House,Mid-Terrace,1900-1929,Rented (social),Mains Gas,C,Yes,Nottingham,219,38,Very Poor,Good,Good,Good
P1382,House,Semi-Detached,1930-1949,Rented (social),Mains Gas,C,Yes,Nottingham,187,33,Good,Good,Good,Good
P1383,House,Semi-Detached,1930-1949,Rented (social),Mains Gas,D,Yes,Nottingham,231,41,Poor,Good,Good,Good
P1385,House,Semi-Detached,1983-1990,Rented (social),Mains Gas,D,Yes,Nottingham,168,28,Good,Good,Average,Good
P1386,House,End-Terrace,1950-1966,Owner-occupied,Mains Gas,B,Yes,Nottingham,126,23,Average,Good,Average,Good
P1387,House,End-Terrace,1930-1949,Rented (social),Mains Gas,D,Yes,Nottingham,237,41,Average,Good,Average,Good
P1389,House,Semi-Detached,1930-1949,Rented (private),Mains Gas,C,Yes,Nottingham,193,34,Average,Very Good,Average,Good
P1391,House,Semi-Detached,1976-1982,Rented (private),Mains Gas,C,Yes,Nottingham,174,31,Good,Good,Average,Good
P1393,House,End-Terrace,1900-1929,Rented (private),Mains Gas,E,Yes,Nottingham,367,64,Very Poor,Very Poor,Good,Good
P1394,House,Mid-Terrace,1967-1975,Rented (social),Mains Gas,C,Yes,Nottingham,162,28,Good,Good,Good,Good
P1395,House,Mid-Terrace,1950-1966,Owner-occupied,Mains Gas,D,Yes,Nottingham,256,47,Good,Good,Average,Good
P1398,House,Semi-Detached,1930-1949,Rented (social),Mains Gas,D,Yes,Nottingham,188,32,Good,Good,Average,Good
P1399,House,Mid-Terrace,1930-1949,Rented (social),Mains Gas,C,Yes,Nottingham,201,35,Average,Good,Good,Good
P1400,House,End-Terrace,1930-1949,Rented (social),Mains Gas,D,Yes,Nottingham,240,42,Average,Good,Good,Good
P1401,House,Detached,1991-1995,Owner-occupied,Mains Gas,D,Yes,Nottingham,169,28,Good,Good,Poor,Good
P1402,House,End-Terrace,1976-1982,Rented (social),Mains Gas,C,Yes,Nottingham,168,30,Good,Good,Good,Good
P1403,House,Mid-Terrace,1983-1990,Owner-occupied,Electricity,C,No,Nottingham,342,58,Good,Good,Good,Average
P1404,House,Semi-Detached,2012 onwards,Rented (social),Mains Gas,C,Yes,Nottingham,138,24,Very Good,Good,Good,Good
P1405,House,Mid-Terrace,1930-1949,Rented (social),Mains Gas,C,Yes,Nottingham,169,29,Good,Good,Good,Good
P1406,House,Detached,1900-1929,Owner-occupied,Mains Gas,D,Yes,Nottingham,225,40,Very Poor,Good,Good,Good
P1408,House,Semi-Detached,1950-1966,Owner-occupied,Mains Gas,C,Yes,Nottingham,198,35,Average,Average,Average,Good
P1409,House,Mid-Terrace,before 1900,Rented (social),Mains Gas,C,Yes,Nottingham,179,32,Poor,Very Good,Poor,Good
P1410,House,End-Terrace,1950-1966,Owner-occupied,Mains Gas,C,Yes,Nottingham,201,35,Average,Good,Average,Good
P1411,House,Mid-Terrace,1900-1929,Rented (social),Mains Gas,D,Yes,Nottingham,268,47,Very Poor,Very Poor,Good,Good
P1412,House,Mid-Terrace,1950-1966,Owner-occupied,Mains Gas,D,Yes,Nottingham,229,41,Very Poor,Very Good,Good,Good
P1413,House,End-Terrace,1930-1949,Rented (social),Mains Gas,D,Yes,Nottingham,232,41,Average,Good,Good,Good
P1414,House,Semi-Detached,1930-1949,Rented (private),Mains Gas,D,Yes,Nottingham,281,49,Poor,Poor,Average,Good
P1415,House,Semi-Detached,1976-1982,Rented (social),Mains Gas,D,Yes,Nottingham,214,37,Average,Good,Good,Good
P1417,House,End-Terrace,1930-1949,Rented (social),Mains Gas,D,Yes,Nottingham,217,38,Average,Good,Good,Good
P1418,House,Mid-Terrace,1900-1929,Rented (social),Mains Gas,D,Yes,Nottingham,243,43,Very Poor,Very Poor,Good,Good
P1419,House,Mid-Terrace,1930-1949,Rented (social),Mains Gas,C,Yes,Nottingham,214,38,Very Poor,Good,Good,Good
P1420,House,Semi-Detached,1950-1966,Rented (social),Mains Gas,C,Yes,Nottingham,196,35,Average,Good,Good,Good
P1421,House,Detached,1967-1975,Not defined - use in the case of a new dwelling for which the intended tenure in not known. It is not to be used for an existing dwelling,Mains Gas,D,Yes,Nottingham,286,50,Poor,Good,Average,Good
P1422,House,Mid-Terrace,1930-1949,Rented (social),Mains Gas,D,Yes,Nottingham,231,41,Average,Average,Good,Good
P1423,House,Semi-Detached,before 1900,Owner-occupied,Mains Gas,D,Yes,Nottingham,253,46,Very Poor,Average,Poor,Good
P1427,House,End-Terrace,1900-1929,Rented (social),Mains Gas,D,Yes,Nottingham,251,44,Very Poor,Very Good,Poor,Good
P1429,House,End-Terrace,1930-1949,Owner-occupied,Mains Gas,D,Yes,Nottingham,261,46,Very Poor,Good,Good,Good
P1430,House,Semi-Detached,1930-1949,Owner-occupied,Electricity,C,No,Nottingham,72,7,Good,Average,Average,Very Good
P1433,House,Mid-Terrace,1930-1949,Rented (social),Mains Gas,D,Yes,Nottingham,221,39,Average,Good,Good,Good
P1434,House,Semi-Detached,1983-1990,Rented (social),Mains Gas,D,Yes,Nottingham,218,35,Good,Good,Average,Good
P1435,House,Mid-Terrace,1967-1975,Rented (social),Mains Gas,C,Yes,Nottingham,178,31,Average,Good,Good,Good
P1436,House,Semi-Detached,1930-1949,Owner-occupied,Mains Gas,D,Yes,Nottingham,209,38,Poor,Good,Average,Good
P1437,House,Semi-Detached,1967-1975,Owner-occupied,Mains Gas,D,No,Nottingham,277,49,Average,Average,Average,Good
P1439,House,Mid-Terrace,1967-1975,Rented (private),Mains Gas,C,Yes,Nottingham,184,32,Average,Good,Average,Good
P1440,House,End-Terrace,1930-1949,Rented (social),Mains Gas,D,Yes,Nottingham,229,40,Average,Average,Good,Good
P1441,House,Mid-Terrace,1967-1975,Rented (social),Mains Gas,C,Yes,Nottingham,197,34,Good,Good,Good,Good
P1442,House,End-Terrace,1900-1929,Rented (private),Mains Gas,D,Yes,Nottingham,316,56,Very Poor,Good,Average,Good
P1443,House,Semi-Detached,1983-1990,Owner-occupied,Mains Gas,C,Yes,Nottingham,173,30,Good,Good,Good,Good
P1444,House,Semi-Detached,1930-1949,Rented (social),Mains Gas,C,Yes,Nottingham,190,33,Good,Good,Good,Good
P1446,House,Semi-Detached,1983-1990,Rented (social),Mains Gas,C,Yes,Nottingham,193,34,Good,Good,Good,Good
P1447,House,Mid-Terrace,1930-1949,Rented (social),Mains Gas,B,Yes,Nottingham,118,21,Good,Good,Good,Good
P1448,House,Semi-Detached,1950-1966,Rented (social),Mains Gas,D,Yes,Nottingham,219,38,Average,Good,Good,Good
P1449,House,End-Terrace,1930-1949,Owner-occupied,Mains Gas,D,Yes,Nottingham,219,40,Very Poor,Average,Poor,Good
P1450,House,Mid-Terrace,1930-1949,Rented (social),Mains Gas,D,Yes,Nottingham,295,62,Very Poor,Very Poor,Good,Good
P1451,House,Semi-Detached,1950-1966,Rented (social),Mains Gas,C,Yes,Nottingham,170,30,Average,Good,Good,Good
P1452,House,Semi-Detached,1991-1995,Rented (social),Mains Gas,C,Yes,Nottingham,196,36,Good,Good,Poor,Good
P1453,House,End-Terrace,1930-1949,Rented (social),Mains Gas,C,Yes,Nottingham,183,33,Good,Very Good,Average,Good
P1454,House,Mid-Terrace,2012-2021,Owner-occupied,Mains Gas,B,Yes,Nottingham,95,18,Good,Good,Good,Good
P1455,House,Detached,1983-1990,Rented (social),Mains Gas,C,Yes,Nottingham,180,32,Good,Good,Average,Good
P1456,House,End-Terrace,1900-1929,Rented (social),Mains Gas,E,Yes,Nottingham,382,67,Very Poor,Very Poor,Good,Good
P1457,House,Semi-Detached,1930-1949,Owner-occupied,Mains Gas,C,Yes,Nottingham,209,37,Poor,Average,Good,Good
P1458,House,Mid-Terrace,1967-1975,Rented (social),Mains Gas,C,Yes,Nottingham,153,27,Average,Good,Good,Good
P1459,House,Semi-Detached,1983-1990,Owner-occupied,Mains Gas,C,Yes,Nottingham,164,28,Good,Good,Average,Good
P1461,House,End-Terrace,1930-1949,Rented (social),Mains Gas,C,Yes,Nottingham,187,33,Good,Good,Good,Good
P1462,House,Semi-Detached,1950-1966,Rented (private),Mains Gas,D,Yes,Nottingham,168,28,Good,Good,Average,Good
P1463,House,Mid-Terrace,1930-1949,Rented (social),Mains Gas,C,Yes,Nottingham,202,35,Good,Good,Good,Good
P1465,House,Semi-Detached,1950-1966,Rented (private),Mains Gas,C,Yes,Nottingham,290,51,Average,Average,Good,Good
P1466,House,End-Terrace,1930-1949,Rented (social),Mains Gas,D,Yes,Nottingham,227,38,Good,Good,Poor,Good
P1467,House,Mid-Terrace,1900-1929,Rented (private),Mains Gas,D,Yes,Nottingham,217,39,Very Poor,Good,Poor,Good
P1468,House,Semi-Detached,1950-1966,Rented (private),Mains Gas,C,Yes,Nottingham,183,32,Good,Very Poor,Average,Good
P1470,House,Mid-Terrace,1967-1975,Owner-occupied,Mains Gas,D,Yes,Nottingham,239,42,Poor,Very Poor,Average,Good
P1471,House,Mid-Terrace,1930-1949,Rented (social),Mains Gas,D,Yes,Nottingham,223,39,Very Poor,Good,Good,Good
P1472,House,End-Terrace,1967-1975,Rented (social),Community Heating,D,Yes,Nottingham,255,12,Very Poor,Good,Good,Good
P1475,House,Mid-Terrace,1967-1975,Owner-occupied,Mains Gas,C,Yes,Nottingham,192,34,Average,Good,Average,Good
P1476,House,Detached,1930-1949,Owner-occupied,Mains Gas,D,Yes,Nottingham,199,36,Poor,Very Good,Average,Good
P1477,House,Detached,1967-1975,Owner-occupied,Mains Gas,D,Yes,Nottingham,216,38,Average,Average,Average,Good
P1478,House,End-Terrace,1900-1929,Rented (social),Mains Gas,D,Yes,Nottingham,313,55,Very Poor,Good,Good,Good
P1479,House,End-Terrace,1900-1929,Owner-occupied,Mains Gas,D,Yes,Nottingham,241,44,Poor,Poor,Average,Good
P1480,House,Semi-Detached,1930-1949,Rented (social),Mains Gas,C,Yes,Nottingham,162,28,Good,Good,Good,Good
P1482,House,Mid-Terrace,1930-1949,Rented (social),Mains Gas,B,Yes,Nottingham,135,24,Average,Good,Average,Good
P1483,House,Semi-Detached,1930-1949,Rented (social),Mains Gas,D,Yes,Nottingham,284,50,Very Poor,Good,Good,Good
P1485,House,End-Terrace,1967-1975,Rented (social),Mains Gas,C,Yes,Nottingham,184,32,Good,Good,Average,Good
P1486,House,End-Terrace,1930-1949,Rented (social),Mains Gas,C,Yes,Nottingham,184,32,Good,Good,Good,Good
P1487,House,Mid-Terrace,1930-1949,Rented (social),Mains Gas,C,Yes,Nottingham,189,33,Good,Good,Good,Good
P1488,House,Semi-Detached,1950-1966,Rented (social),Mains Gas,D,Yes,Nottingham,204,36,Average,Good,Good,Good
P1490,House,End-Terrace,1991-1995,Owner-occupied,Mains Gas,C,Yes,Nottingham,173,30,Good,Good,Average,Good
P1491,House,Mid-Terrace,1900-1929,Owner-occupied,Mains Gas,C,Yes,Nottingham,208,37,Very Poor,Average,Average,Good
P1493,House,End-Terrace,1950-1966,Rented (social),Mains Gas,C,Yes,Nottingham,172,30,Good,Good,Good,Good
P1494,House,Semi-Detached,1983-1990,Owner-occupied,Mains Gas,C,Yes,Nottingham,184,32,Good,Very Good,Good,Good
P1495,House,Mid-Terrace,1930-1949,Rented (social),Mains Gas,D,Yes,Nottingham,223,39,Average,Good,Good,Good
P1496,House,End-Terrace,1967-1975,Rented (social),Mains Gas,C,Yes,Nottingham,179,32,Average,Good,Good,Good
P1497,House,Detached,1967-1975,Rented (social),Mains Gas,D,Yes,Nottingham,291,51,Average,Poor,Good,Good
P1498,House,Semi-Detached,1950-1966,Rented (social),Mains Gas,C,Yes,Nottingham,172,30,Good,Good,Good,Good
P1499,House,Mid-Terrace,1930-1949,Owner-occupied,Mains Gas,D,Yes,Nottingham,285,50,Average,Average,Average,Good
P1500,House,Semi-Detached,1930-1949,Rented (social),Mains Gas,D,Yes,Nottingham,235,41,Average,Good,Good,Good
P1501,House,End-Terrace,1930-1949,Rented (social),Mains Gas,C,Yes,Nottingham,216,38,Average,Good,Good,Good
P1502,House,Mid-Terrace,1930-1949,Rented (social),Mains Gas,D,Yes,Nottingham,272,48,Very Poor,Good,Good,Good
P1503,House,Mid-Terrace,1900-1929,Rented (private),Mains Gas,D,Yes,Nottingham,295,52,Very Poor,Very Poor,Average,Good
P1505,House,Mid-Terrace,1950-1966,Rented (private),Mains Gas,C,Yes,Nottingham,161,28,Good,Average,Poor,Good
P1506,House,Mid-Terrace,1950-1966,Owner-occupied,Mains Gas,D,Yes,Nottingham,207,37,Very Poor,Good,Poor,Good
P1508,House,Semi-Detached,1930-1949,Rented (social),Mains Gas,C,Yes,Nottingham,185,33,Good,Good,Good,Good
P1509,House,End-Terrace,1976-1982,Rented (social),Mains Gas,C,Yes,Nottingham,189,33,Good,Good,Good,Good
P1510,House,Mid-Terrace,1900-1929,Owner-occupied,Mains Gas,D,Yes,Nottingham,185,33,Very Poor,Good,Poor,Good
P1511,House,End-Terrace,1967-1975,Rented (social),Mains Gas,E,Yes,Nottingham,321,58,Very Poor,Average,Poor,Average
P1512,House,End-Terrace,1930-1949,Rented (social),Mains Gas,D,Yes,Nottingham,246,43,Average,Good,Good,Good
P1513,House,Mid-Terrace,1950-1966,Owner-occupied,Mains Gas,C,Yes,Nottingham,124,22,Good,Good,Average,Good
P1514,House,Mid-Terrace,1967-1975,Rented (social),Mains Gas,B,Yes,Nottingham,107,19,Average,Good,Good,Good
P1515,House,Mid-Terrace,1976-1982,Rented (social),Mains Gas,D,Yes,Nottingham,182,31,Average,Good,Average,Good
P1516,House,Mid-Terrace,1930-1949,Rented (social),Mains Gas,C,Yes,Nottingham,183,32,Good,Very Good,Average,Good
P1517,House,Semi-Detached,1900-1929,Owner-occupied,Mains Gas,D,Yes,Nottingham,256,47,Poor,Average,Poor,Good
P1518,House,Semi-Detached,1950-1966,Owner-occupied,Community Heating,D,No,Nottingham,252,86,Average,Good,Average,Average
P1520,House,Semi-Detached,1930-1949,Rented (social),Mains Gas,C,Yes,Nottingham,211,37,Average,Good,Good,Good
P1521,House,Detached,1930-1949,Owner-occupied,Mains Gas,D,Yes,Nottingham,230,41,Very Poor,Good,Good,Good
P1522,House,Semi-Detached,1930-1949,Rented (social),Mains Gas,D,Yes,Nottingham,194,34,Good,Average,Average,Good
P1523,House,End-Terrace,1930-1949,Rented (social),Mains Gas,D,Yes,Nottingham,235,41,Average,Very Good,Good,Good
P1524,House,Semi-Detached,1930-1949,Rented (social),Mains Gas,D,Yes,Nottingham,231,40,Average,Good,Good,Good
P1525,House,Semi-Detached,1976-1982,Owner-occupied,Mains Gas,C,Yes,Nottingham,178,32,Average,Good,Poor,Good
P1526,House,Mid-Terrace,1930-1949,Rented (social),Mains Gas,D,Yes,Nottingham,317,56,Very Poor,Very Poor,Good,Good
P1527,House,Semi-Detached,1900-1929,Rented (social),Mains Gas,D,Yes,Nottingham,268,47,Very Poor,Good,Good,Good
P1528,House,End-Terrace,1930-1949,Rented (social),Mains Gas,C,Yes,Nottingham,206,36,Good,Good,Good,Good
P1530,House,Mid-Terrace,1900-1929,Rented (social),Mains Gas,D,Yes,Nottingham,202,34,Very Poor,Average,Average,Good
P1532,House,Mid-Terrace,1976-1982,Rented (social),Mains Gas,C,Yes,Nottingham,157,28,Good,Good,Average,Good
P1533,House,Semi-Detached,1930-1949,Rented (social),Mains Gas,C,Yes,Nottingham,216,38,Average,Good,Average,Good
P1534,House,Semi-Detached,1976-1982,Rented (social),Mains Gas,C,Yes,Nottingham,179,33,Average,Good,Average,Good
P1535,House,Semi-Detached,1950-1966,Rented (social),Mains Gas,B,Yes,Nottingham,125,22,Good,Good,Good,Good
P1537,House,Detached,1930-1949,Owner-occupied,Electricity,D,No,Nottingham,91,9,Very Poor,Very Good,Average,Very Good
P1538,House,Mid-Terrace,1900-1929,Owner-occupied,Mains Gas,D,Yes,Nottingham,203,36,Very Poor,Good,Average,Good
P1539,House,Semi-Detached,1930-1949,Rented (social),Mains Gas,C,Yes,Nottingham,190,33,Good,Good,Good,Good
P1541,House,Semi-Detached,1930-1949,Rented (social),Mains Gas,D,Yes,Nottingham,235,41,Average,Good,Good,Good
P1544,House,Semi-Detached,1930-1949,Rented (social),Mains Gas,D,Yes,Nottingham,235,41,Average,Good,Good,Good
P1545,House,End-Terrace,1930-1949,Rented (social),Mains Gas,C,Yes,Nottingham,185,33,Average,Good,Good,Good
P1546,House,Mid-Terrace,1900-1929,Rented (social),Mains Gas,C,Yes,Nottingham,145,26,Average,Good,Good,Good
P1547,House,Semi-Detached,1930-1949,Rented (social),Mains Gas,E,Yes,Nottingham,335,59,Poor,Good,Good,Good
P1550,House,Mid-Terrace,1983-1990,Rented (private),Mains Gas,C,Yes,Nottingham,197,35,Good,Good,Average,Good
P1551,House,End-Terrace,1930-1949,Rented (social),Mains Gas,C,Yes,Nottingham,225,40,Average,Good,Average,Good
P1552,House,End-Terrace,1930-1949,Rented (social),Mains Gas,D,Yes,Nottingham,224,39,Average,Good,Good,Good
P1553,House,Mid-Terrace,2012 onwards,Owner-occupied,Mains Gas,C,Yes,Nottingham,116,20,Very Good,Very Good,Good,Good
P1556,House,Detached,1950-1966,Owner-occupied,Other,E,Yes,Nottingham,357,100,Good,Good,Poor,Poor
P1557,House,Semi-Detached,1930-1949,Rented (social),Mains Gas,C,Yes,Nottingham,234,41,Average,Good,Good,Good
P1558,House,End-Terrace,1930-1949,Rented (private),Mains Gas,C,Yes,Nottingham,175,31,Good,Very Good,Good,Good
P1559,House,Mid-Terrace,before 1900,Rented (private),Mains Gas,D,Yes,Nottingham,207,37,Poor,Average,Average,Good
P1560,House,Mid-Terrace,1900-1929,Rented (social),Mains Gas,C,Yes,Nottingham,132,23,Good,Good,Average,Good
P1561,House,Semi-Detached,1950-1966,Rented (social),Mains Gas,C,Yes,Nottingham,160,28,Good,Good,Good,Good
P1562,House,End-Terrace,1983-1990,Rented (social),Mains Gas,C,Yes,Nottingham,167,29,Good,Good,Average,Good
P1563,House,Semi-Detached,1996-2002,Rented (social),Mains Gas,C,Yes,Nottingham,207,36,Good,Very Good,Average,Good
P1564,House,End-Terrace,1950-1966,Rented (social),Mains Gas,C,Yes,Nottingham,160,28,Good,Good,Good,Good
P1565,House,End-Terrace,1930-1949,Rented (social),Mains Gas,D,Yes,Nottingham,229,40,Average,Very Good,Good,Good
P1566,House,Semi-Detached,1930-1949,Owner-occupied,Mains Gas,D,Yes,Nottingham,257,45,Very Poor,Good,Average,Good
P1567,House,Mid-Terrace,1976-1982,Rented (private),Mains Gas,C,Yes,Nottingham,183,32,Good,Very Good,Good,Good
P1568,House,End-Terrace,1967-1975,Rented (social),Mains Gas,D,Yes,Nottingham,243,44,Good,Good,Poor,Average
P1569,House,End-Terrace,1996-2002,Rented (private),Mains Gas,C,Yes,Nottingham,184,33,Good,Very Good,Very Poor,Good
P1572,House,Semi-Detached,1950-1966,Rented (social),Mains Gas,D,Yes,Nottingham,224,39,Average,Good,Good,Good
P1573,House,End-Terrace,2003-2006,Rented (private),Mains Gas,C,Yes,Nottingham,139,25,Good,Very Good,Poor,Good
P1575,House,Semi-Detached,1950-1966,Owner-occupied,Mains Gas,C,Yes,Nottingham,133,24,Good,Good,Poor,Good
P1576,House,Semi-Detached,1930-1949,Rented (social),Mains Gas,C,Yes,Nottingham,188,33,Good,Good,Good,Good
P1577,House,Mid-Terrace,1930-1949,Rented (social),Mains Gas,D,Yes,Nottingham,265,47,Very Poor,Very Poor,Good,Good
P1578,House,Semi-Detached,1950-1966,Rented (social),Mains Gas,D,Yes,Nottingham,213,37,Average,Good,Good,Good
P1580,House,End-Terrace,1930-1949,Rented (social),Mains Gas,C,Yes,Nottingham,224,39,Good,Good,Good,Good
P1582,House,End-Terrace,1930-1949,Rented (social),Mains Gas,D,Yes,Nottingham,233,41,Average,Good,Good,Good
P1583,House,Detached,1930-1949,Rented (private),Mains Gas,D,Yes,Nottingham,274,50,Poor,Average,Poor,Good
P1584,House,End-Terrace,1930-1949,Owner-occupied,Mains Gas,C,Yes,Nottingham,183,33,Good,Very Good,Average,Good
P1585,House,Mid-Terrace,before 1900,Rented (private),Mains Gas,D,Yes,Nottingham,227,40,Very Poor,Average,Poor,Good
P1590,House,Mid-Terrace,1900-1929,Rented (private),Mains Gas,C,Yes,Nottingham,139,24,Good,Very Good,Good,Good
P1591,House,Detached,1967-1975,Rented (social),Mains Gas,D,Yes,Nottingham,232,41,Average,Good,Good,Good
P1592,House,Mid-Terrace,1950-1966,Rented (private),Mains Gas,D,Yes,Nottingham,254,44,Very Poor,Average,Average,Good
P1593,House,Semi-Detached,1950-1966,Rented (social),Mains Gas,C,Yes,Nottingham,137,24,Average,Good,Good,Good
P1594,House,Mid-Terrace,1900-1929,Rented (social),Mains Gas,D,Yes,Nottingham,324,57,Very Poor,Very Poor,Good,Good
P1595,House,Detached,1967-1975,Owner-occupied,Mains Gas,C,Yes,Nottingham,213,38,Average,Good,Average,Good
P1596,House,Semi-Detached,1930-1949,Rented (social),Mains Gas,E,Yes,Nottingham,357,63,Average,Average,Good,Good
P1597,House,End-Terrace,1976-1982,Owner-occupied,Mains Gas,C,Yes,Nottingham,159,28,Good,Good,Average,Good
P1598,House,Semi-Detached,1900-1929,Rented (social),Mains Gas,E,Yes,Nottingham,333,58,Very Poor,Very Poor,Good,Good
P1599,House,Semi-Detached,2003-2006,Owner-occupied,Mains Gas,C,Yes,Nottingham,179,31,Good,Average,Very Poor,Good
P1600,House,Mid-Terrace,1983-1990,Rented (social),Mains Gas,C,Yes,Nottingham,143,24,Good,Very Good,Average,Good
P1602,House,Mid-Terrace,1900-1929,Owner-occupied,Mains Gas,D,Yes,Nottingham,238,42,Very Poor,Good,Average,Good
P1603,House,Semi-Detached,1930-1949,Rented (social),Mains Gas,C,Yes,Nottingham,228,40,Average,Good,Good,Good
P1604,House,End-Terrace,1976-1982,Rented (social),Mains Gas,C,Yes,Nottingham,160,28,Good,Good,Good,Good
P1606,House,Mid-Terrace,1930-1949,Rented (social),Mains Gas,D,Yes,Nottingham,271,48,Very Poor,Very Poor,Good,Good
P1607,House,End-Terrace,2003-2006,Owner-occupied,Mains Gas,E,Yes,Nottingham,196,30,Good,Very Good,Poor,Good
P1608,House,Semi-Detached,1930-1949,Rented (social),Mains Gas,D,Yes,Nottingham,252,44,Average,Good,Good,Good
P1609,House,Semi-Detached,1900-1929,Rented (private),Mains Gas,B,Yes,Nottingham,144,26,Very Poor,Good,Average,Good
P1610,House,Mid-Terrace,1950-1966,Rented (social),Mains Gas,D,Yes,Nottingham,207,35,Poor,Good,Poor,Good
P1611,House,Mid-Terrace,1930-1949,Rented (social),Mains Gas,D,Yes,Nottingham,248,43,Average,Good,Good,Good
P1612,House,Semi-Detached,1930-1949,Owner-occupied,Mains Gas,D,Yes,Nottingham,281,49,Average,Average,Average,Good
P1613,House,Semi-Detached,1991-1995,Rented (private),Mains Gas,C,Yes,Nottingham,238,42,Good,Good,Average,Good
P1614,House,End-Terrace,1930-1949,Rented (social),Mains Gas,C,Yes,Nottingham,210,37,Good,Good,Good,Good
P1615,House,Semi-Detached,2007-2011,Owner-occupied,Mains Gas,C,Yes,Nottingham,129,23,Good,Good,Good,Good
P1616,House,End-Terrace,1967-1975,Rented (private),Mains Gas,D,Yes,Nottingham,240,42,Poor,Very Good,Average,Good
P1619,House,Mid-Terrace,1900-1929,Rented (social),Mains Gas,C,Yes,Nottingham,167,29,Good,Very Good,Poor,Good
P1620,House,Mid-Terrace,1930-1949,Rented (social),Mains Gas,D,Yes,Nottingham,304,54,Very Poor,Very Poor,Good,Good
P1621,House,Semi-Detached,1950-1966,Owner-occupied,Mains Gas,E,Yes,Nottingham,360,64,Poor,Average,Poor,Good
P1622,House,Semi-Detached,1950-1966,Rented (social),Mains Gas,D,Yes,Nottingham,188,32,Good,Very Good,Poor,Good
P1623,House,End-Terrace,1930-1949,Rented (social),Mains Gas,D,Yes,Nottingham,242,42,Average,Good,Good,Good
P1624,House,End-Terrace,1900-1929,Rented (social),Mains Gas,D,Yes,Nottingham,282,49,Very Poor,Good,Good,Good
P1625,House,End-Terrace,1976-1982,Owner-occupied,Mains Gas,C,Yes,Nottingham,120,22,Good,Good,Poor,Good
P1626,House,Mid-Terrace,1900-1929,Rented (private),Mains Gas,D,Yes,Nottingham,184,32,Very Poor,Average,Poor,Good
P1628,House,End-Terrace,1930-1949,Rented (social),Mains Gas,C,Yes,Nottingham,225,40,Average,Good,Good,Good
P1629,House,Semi-Detached,1950-1966,Rented (social),Mains Gas,C,Yes,Nottingham,181,32,Good,Good,Good,Good
P1630,House,Mid-Terrace,1900-1929,Rented (social),Mains Gas,D,Yes,Nottingham,180,31,Very Poor,Very Good,Average,Good
P1631,House,Semi-Detached,1967-1975,Owner-occupied,Electricity,F,No,Nottingham,645,109,Average,Very Poor,Good,Average
P1632,House,Semi-Detached,1930-1949,Rented (social),Mains Gas,D,Yes,Nottingham,243,43,Average,Good,Good,Good
P1634,House,Mid-Terrace,1930-1949,Rented (social),Mains Gas,B,Yes,Nottingham,110,20,Good,Good,Good,Good
P1636,House,End-Terrace,1976-1982,Rented (social),Mains Gas,C,Yes,Nottingham,175,31,Good,Good,Good,Good
P1638,House,Mid-Terrace,1976-1982,Rented (social),Other,D,No,Nottingham,258,84,Good,Good,Good,Poor
P1639,House,Semi-Detached,1950-1966,Owner-occupied,Mains Gas,C,Yes,Nottingham,189,35,Good,Average,Average,Good
P1641,House,Semi-Detached,1950-1966,Rented (private),Mains Gas,D,Yes,Nottingham,272,48,Average,Good,Very Poor,Good
P1642,House,Mid-Terrace,1950-1966,Owner-occupied,Mains Gas,C,Yes,Nottingham,148,27,Good,Good,Average,Good
P1643,House,Mid-Terrace,before 1900,Rented (private),Mains Gas,D,Yes,Nottingham,205,36,Very Poor,Very Good,Good,Good
P1644,House,Mid-Terrace,1950-1966,Rented (private),Mains Gas,D,Yes,Nottingham,222,40,Very Poor,Average,Poor,Good
P1646,House,Mid-Terrace,1991-1995,Owner-occupied,Mains Gas,C,Yes,Nottingham,135,25,Good,Good,Average,Good
P1647,House,Semi-Detached,1950-1966,Owner-occupied,Mains Gas,C,Yes,Nottingham,134,24,Average,Very Good,Good,Good
P1648,House,Mid-Terrace,1900-1929,Rented (private),Mains Gas,C,Yes,Nottingham,188,34,Very Poor,Very Good,Good,Good
P1649,House,Semi-Detached,1930-1949,Owner-occupied,Mains Gas,D,Yes,Nottingham,240,43,Very Poor,Good,Average,Good
P1650,House,Semi-Detached,1950-1966,Owner-occupied,Mains Gas,D,Yes,Nottingham,219,39,Average,Poor,Average,Good
P1651,House,End-Terrace,1983-1990,Rented (social),Mains Gas,C,Yes,Nottingham,176,31,Good,Good,Good,Good
P1652,House,Mid-Terrace,1930-1949,Rented (social),Mains Gas,C,Yes,Nottingham,225,40,Very Poor,Good,Good,Good
P1653,House,End-Terrace,1900-1929,Rented (private),Mains Gas,D,Yes,Nottingham,235,41,Very Poor,Good,Average,Good
P1655,House,End-Terrace,1950-1966,Owner-occupied,Mains Gas,D,Yes,Nottingham,185,30,Good,Good,Good,Good
P1656,House,Semi-Detached,1930-1949,Rented (social),Mains Gas,D,Yes,Nottingham,208,38,Good,Good,Poor,Good
P1657,House,End-Terrace,1930-1949,Rented (social),Mains Gas,C,Yes,Nottingham,205,36,Good,Good,Good,Good
P1658,House,Mid-Terrace,1983-1990,Rented (social),Mains Gas,C,Yes,Nottingham,185,33,Good,Good,Average,Good
P1659,House,Mid-Terrace,2012-2021,Rented (private),Mains Gas,C,Yes,Nottingham,105,19,Good,Very Good,Average,Good
P1660,House,End-Terrace,1976-1982,Owner-occupied,Mains Gas,D,Yes,Nottingham,256,47,Good,Average,Average,Good
P1662,House,End-Terrace,1991-1995,Rented (social),Mains Gas,C,Yes,Nottingham,158,27,Good,Good,Average,Good
P1663,House,Semi-Detached,1930-1949,Rented (social),Mains Gas,D,Yes,Nottingham,228,40,Good,Good,Good,Good
P1664,House,Mid-Terrace,1900-1929,Owner-occupied,Mains Gas,D,Yes,Nottingham,247,44,Poor,Very Poor,Good,Good
P1665,House,End-Terrace,1930-1949,Rented (social),Mains Gas,D,Yes,Nottingham,250,44,Average,Good,Good,Good
P1666,House,Semi-Detached,1930-1949,Rented (social),Mains Gas,D,Yes,Nottingham,278,49,Good,Good,Good,Good
P1667,House,Semi-Detached,1930-1949,Rented (social),Mains Gas,D,Yes,Nottingham,241,42,Average,Average,Good,Good
P1669,House,Semi-Detached,1930-1949,Rented (private),Mains Gas,D,Yes,Nottingham,220,39,Very Poor,Average,Average,Good
P1670,House,Semi-Detached,1930-1949,Rented (social),Mains Gas,C,Yes,Nottingham,199,35,Average,Average,Good,Good
P1672,House,Semi-Detached,1930-1949,Owner-occupied,Community Heating,G,Yes,Nottingham,325,31,Very Poor,Average,Poor,Very Poor
P1673,House,Semi-Detached,1983-1990,Rented (private),Mains Gas,C,Yes,Nottingham,202,37,Good,Average,Poor,Good
P1674,House,End-Terrace,1930-1949,Rented (social),Mains Gas,D,Yes,Nottingham,231,41,Average,Good,Good,Good
P1675,House,Mid-Terrace,1950-1966,Rented (social),Mains Gas,E,Yes,Nottingham,339,60,Average,Very Poor,Good,Good
P1677,House,Semi-Detached,1900-1929,Rented (social),Mains Gas,D,Yes,Nottingham,301,53,Very Poor,Good,Good,Good
P1678,House,Detached,1976-1982,Rented (private),Mains Gas,C,Yes,Nottingham,166,29,Good,Very Good,Average,Good
P1679,House,Semi-Detached,1900-1929,Owner-occupied,Mains Gas,D,Yes,Nottingham,253,45,Very Poor,Very Good,Average,Good
P1681,House,Semi-Detached,1930-1949,Rented (social),Mains Gas,C,Yes,Nottingham,190,33,Good,Good,Good,Good
P1684,House,Semi-Detached,1900-1929,Rented (private),Mains Gas,C,Yes,Nottingham,181,32,Good,Very Good,Average,Good
P1685,House,Detached,1930-1949,Rented (private),Mains Gas,C,Yes,Nottingham,186,33,Poor,Good,Good,Good
P1686,House,Mid-Terrace,1900-1929,Owner-occupied,Mains Gas,C,Yes,Nottingham,186,34,Very Poor,Average,Average,Good
P1688,House,End-Terrace,1930-1949,Rented (social),Mains Gas,D,Yes,Nottingham,250,44,Average,Good,Good,Good
P1689,House,End-Terrace,1930-1949,Rented (social),Mains Gas,D,Yes,Nottingham,308,54,Very Poor,Good,Good,Good
P1690,House,Semi-Detached,1983-1990,Rented (social),Mains Gas,C,Yes,Nottingham,138,25,Good,Good,Average,Good
P1691,House,Mid-Terrace,1950-1966,Rented (social),Mains Gas,C,Yes,Nottingham,174,30,Good,Good,Good,Good
P1693,House,Detached,1900-1929,Owner-occupied,Mains Gas,E,Yes,Nottingham,405,72,Very Poor,Good,Average,Good
P1694,House,Semi-Detached,1950-1966,Rented (private),Mains Gas,C,Yes,Nottingham,150,26,Good,Average,Poor,Good
P1695,House,End-Terrace,1967-1975,Rented (social),Mains Gas,C,Yes,Nottingham,169,30,Good,Very Good,Average,Good
P1696,House,Mid-Terrace,1900-1929,Owner-occupied,Mains Gas,D,Yes,Nottingham,203,37,Very Poor,Average,Average,Good
P1697,House,Semi-Detached,1983-1990,Rented (social),Mains Gas,C,Yes,Nottingham,145,28,Good,Very Good,Average,Good
P1698,House,Mid-Terrace,1900-1929,Rented (private),Mains Gas,C,Yes,Nottingham,157,29,Very Poor,Very Good,Average,Good
P1700,House,End-Terrace,1930-1949,Rented (social),Mains Gas,D,Yes,Nottingham,219,38,Average,Good,Good,Good
P1701,House,Semi-Detached,1900-1929,Owner-occupied,Mains Gas,D,Yes,Nottingham,276,48,Very Poor,Average,Average,Good
P1702,House,End-Terrace,1967-1975,Rented (social),Mains Gas,C,Yes,Nottingham,177,31,Good,Good,Good,Good
P1704,House,Mid-Terrace,1930-1949,Rented (social),Mains Gas,C,Yes,Nottingham,157,28,Good,Average,Poor,Good
P1705,House,Semi-Detached,1930-1949,Rented (social),Mains Gas,D,Yes,Nottingham,244,43,Average,Good,Good,Good
P1706,House,Semi-Detached,1930-1949,Owner-occupied,Mains Gas,D,Yes,Nottingham,257,45,Very Poor,Good,Average,Good
P1707,House,End-Terrace,1930-1949,Rented (social),Mains Gas,C,Yes,Nottingham,205,36,Good,Good,Good,Good
P1708,House,End-Terrace,1900-1929,Rented (social),Mains Gas,D,Yes,Nottingham,290,51,Very Poor,Very Good,Good,Good
P1709,House,End-Terrace,1967-1975,Rented (social),Mains Gas,D,Yes,Nottingham,239,42,Poor,Good,Good,Good
P1710,House,Detached,1930-1949,Owner-occupied,Mains Gas,D,Yes,Nottingham,260,48,Very Poor,Very Good,Average,Good
P1711,House,Semi-Detached,1930-1949,Rented (social),Mains Gas,D,Yes,Nottingham,307,54,Very Poor,Good,Good,Good
P1712,House,Semi-Detached,1900-1929,Rented (social),Mains Gas,C,Yes,Nottingham,194,34,Good,Average,Good,Good
P1713,House,Mid-Terrace,1976-1982,Rented (private),Mains Gas,D,Yes,Nottingham,253,45,Average,Good,Good,Good
P1714,House,Mid-Terrace,1900-1929,Rented (social),Mains Gas,D,Yes,Nottingham,222,39,Average,Very Poor,Good,Good
P1715,House,Mid-Terrace,1967-1975,Rented (social),Mains Gas,C,Yes,Nottingham,160,28,Good,Good,Good,Good
P1717,House,End-Terrace,1930-1949,Rented (social),Mains Gas,D,Yes,Nottingham,229,40,Average,Good,Good,Good
P1719,House,Semi-Detached,1976-1982,Rented (social),Mains Gas,D,Yes,Nottingham,266,47,Average,Good,Good,Good
P1720,House,Detached,1950-1966,Owner-occupied,Mains Gas,C,Yes,Nottingham,171,31,Good,Very Good,Poor,Good
P1721,House,Mid-Terrace,1900-1929,Rented (social),Mains Gas,C,Yes,Nottingham,162,29,Very Poor,Very Good,Good,Good
P1723,House,Mid-Terrace,1967-1975,Rented (social),Mains Gas,C,Yes,Nottingham,175,31,Average,Good,Good,Good
P1724,House,Semi-Detached,1930-1949,Rented (social),Mains Gas,C,Yes,Nottingham,173,30,Good,Good,Good,Good
P1725,House,Semi-Detached,1930-1949,Rented (social),Mains Gas,D,Yes,Nottingham,227,40,Good,Good,Good,Good
P1726,House,Mid-Terrace,1900-1929,Rented (private),Mains Gas,C,Yes,Nottingham,197,38,Very Poor,Very Good,Good,Good
P1728,House,Semi-Detached,2003-2006,Rented (social),Mains Gas,C,Yes,Nottingham,134,23,Very Good,Good,Good,Good
P1729,House,Mid-Terrace,1930-1949,Rented (social),Mains Gas,C,Yes,Nottingham,178,31,Good,Good,Good,Good
P1730,House,Detached,1930-1949,Owner-occupied,Mains Gas,D,Yes,Nottingham,265,47,Very Poor,Good,Average,Good
P1732,House,End-Terrace,1930-1949,Rented (social),Mains Gas,D,Yes,Nottingham,236,42,Average,Average,Good,Good
P1733,House,Semi-Detached,1930-1949,Rented (private),Mains Gas,C,Yes,Nottingham,175,30,Good,Good,Average,Good
P1734,House,Mid-Terrace,1967-1975,Rented (social),Mains Gas,C,Yes,Nottingham,187,33,Good,Good,Good,Good
P1736,House,End-Terrace,1930-1949,Rented (social),Mains Gas,D,Yes,Nottingham,238,42,Average,Good,Good,Good
P1737,House,Semi-Detached,1930-1949,Rented (social),Mains Gas,D,Yes,Nottingham,242,42,Average,Good,Good,Good
P1738,House,Semi-Detached,1950-1966,Rented (social),Mains Gas,C,Yes,Nottingham,177,32,Good,Average,Average,Good
P1740,House,Mid-Terrace,1976-1982,Rented (social),Mains Gas,C,Yes,Nottingham,197,35,Good,Poor,Good,Good
P1741,House,Semi-Detached,1930-1949,Owner-occupied,Mains Gas,F,Yes,Nottingham,525,93,Average,Very Poor,Average,Good
P1742,House,Semi-Detached,1983-1990,Rented (social),Mains Gas,D,Yes,Nottingham,224,39,Good,Good,Good,Good
P1743,House,Mid-Terrace,1967-1975,Rented (private),Mains Gas,C,Yes,Nottingham,159,28,Very Poor,Good,Good,Good
P1744,House,End-Terrace,1900-1929,Owner-occupied,Mains Gas,E,Yes,Nottingham,399,70,Very Poor,Average,Poor,Good
P1745,House,Mid-Terrace,1930-1949,Rented (social),Mains Gas,D,Yes,Nottingham,238,42,Poor,Good,Good,Good
P1746,House,Semi-Detached,1930-1949,Rented (social),Mains Gas,D,Yes,Nottingham,250,44,Average,Good,Good,Good
P1748,House,Semi-Detached,1950-1966,Owner-occupied,Mains Gas,D,Yes,Nottingham,255,45,Very Poor,Good,Good,Good
P1749,House,End-Terrace,1930-1949,Rented (social),Mains Gas,C,Yes,Nottingham,218,38,Average,Good,Good,Good
P1750,House,Mid-Terrace,1900-1929,Rented (social),Mains Gas,D,Yes,Nottingham,175,30,Very Poor,Good,Average,Good
P1751,House,Mid-Terrace,1950-1966,Owner-occupied,Mains Gas,C,Yes,Nottingham,147,26,Good,Very Good,Average,Good
P1752,House,Semi-Detached,1930-1949,Owner-occupied,Mains Gas,C,Yes,Nottingham,215,39,Poor,Very Good,Poor,Good
P1753,House,Semi-Detached,1930-1949,Rented (social),Mains Gas,D,Yes,Nottingham,255,45,Good,Good,Good,Good
P1754,House,Mid-Terrace,1930-1949,Rented (social),Mains Gas,C,Yes,Nottingham,168,29,Good,Good,Good,Good
P1756,House,Mid-Terrace,1967-1975,Owner-occupied,Electricity,E,No,Nottingham,468,79,Average,Very Poor,Good,Average
P1757,House,Mid-Terrace,1950-1966,Owner-occupied,Mains Gas,C,Yes,Nottingham,157,28,Good,Good,Average,Good
P1758,House,Detached,1983-1990,Owner-occupied,Mains Gas,C,Yes,Nottingham,159,29,Good,Average,Average,Good
P1760,House,End-Terrace,1930-1949,Rented (private),Mains Gas,C,Yes,Nottingham,198,35,Good,Good,Average,Good
P1761,House,Mid-Terrace,1900-1929,Owner-occupied,Mains Gas,C,Yes,Nottingham,182,33,Poor,Good,Good,Good
P1763,House,Detached,1983-1990,Owner-occupied,Mains Gas,D,Yes,Nottingham,240,42,Good,Good,Average,Good
P1764,House,Semi-Detached,1930-1949,Owner-occupied,Mains Gas,D,Yes,Nottingham,224,39,Good,Very Good,Average,Good
P1765,House,Mid-Terrace,1930-1949,Rented (social),Mains Gas,C,Yes,Nottingham,179,31,Good,Good,Good,Good
P1766,House,Mid-Terrace,2007-2011,Rented (private),Mains Gas,B,Yes,Nottingham,98,17,Good,Good,Good,Good
P1768,House,Mid-Terrace,1930-1949,Rented (social),Mains Gas,C,Yes,Nottingham,215,38,Average,Good,Good,Good
P1769,House,End-Terrace,1976-1982,Owner-occupied,Mains Gas,C,Yes,Nottingham,163,28,Good,Very Good,Average,Good
P1771,House,Semi-Detached,1991-1995,Owner-occupied,Mains Gas,B,Yes,Nottingham,127,24,Good,Good,Poor,Good
P1772,House,Semi-Detached,1900-1929,Rented (social),Mains Gas,D,Yes,Nottingham,292,52,Very Poor,Good,Average,Good
P1773,House,Semi-Detached,1930-1949,Rented (social),Mains Gas,D,Yes,Nottingham,248,43,Average,Good,Average,Good
P1774,House,End-Terrace,1930-1949,Rented (social),Mains Gas,D,Yes,Nottingham,262,46,Poor,Good,Good,Good
P1775,House,Mid-Terrace,1930-1949,Rented (social),Mains Gas,C,Yes,Nottingham,211,37,Good,Good,Good,Good
P1776,House,Mid-Terrace,1930-1949,Rented (social),Mains Gas,D,Yes,Nottingham,254,45,Average,Good,Average,Good
P1777,House,Semi-Detached,1930-1949,Owner-occupied,Mains Gas,D,Yes,Nottingham,172,30,Poor,Average,Poor,Good
P1778,House,Semi-Detached,1930-1949,Owner-occupied,Mains Gas,D,Yes,Nottingham,206,35,Very Poor,Good,Average,Good
P1779,House,Semi-Detached,1930-1949,Rented (social),Mains Gas,C,Yes,Nottingham,201,35,Average,Good,Good,Good
P1780,House,Mid-Terrace,1900-1929,Rented (private),Mains Gas,D,Yes,Nottingham,190,35,Good,Good,Average,Good
P1782,House,Semi-Detached,1930-1949,Rented (social),Mains Gas,B,Yes,Nottingham,129,23,Average,Good,Good,Good
P1783,House,Semi-Detached,1991-1995,Rented (social),Mains Gas,C,Yes,Nottingham,212,37,Good,Good,Average,Good
P1784,House,Mid-Terrace,1930-1949,Rented (social),Mains Gas,D,Yes,Nottingham,291,51,Very Poor,Very Poor,Good,Good
P1785,House,Semi-Detached,1930-1949,Rented (social),Mains Gas,C,Yes,Nottingham,212,37,Average,Good,Good,Good
P1786,House,Mid-Terrace,1900-1929,Rented (private),Mains Gas,D,Yes,Nottingham,200,37,Very Poor,Average,Average,Good
P1787,House,Detached,1950-1966,Rented (private),Mains Gas,E,Yes,Nottingham,385,68,Very Poor,Very Poor,Average,Good
P1788,House,End-Terrace,1900-1929,Owner-occupied,Mains Gas,D,Yes,Nottingham,299,53,Very Poor,Good,Average,Good
P1790,House,Semi-Detached,1930-1949,Rented (social),Mains Gas,C,Yes,Nottingham,225,40,Average,Good,Average,Good
P1791,House,Mid-Terrace,1900-1929,Rented (private),Mains Gas,D,Yes,Nottingham,182,32,Very Poor,Good,Poor,Good
P1792,House,Semi-Detached,1967-1975,Rented (social),Mains Gas,C,Yes,Nottingham,162,28,Good,Good,Good,Good
P1793,House,Mid-Terrace,1900-1929,Rented (social),Mains Gas,D,Yes,Nottingham,233,42,Very Poor,Very Good,Poor,Good
P1794,House,Mid-Terrace,1930-1949,Rented (social),Mains Gas,D,Yes,Nottingham,232,41,Average,Average,Good,Good
P1796,House,Mid-Terrace,1900-1929,Owner-occupied,Mains Gas,C,Yes,Nottingham,166,29,Poor,Good,Poor,Good
P1797,House,Mid-Terrace,1930-1949,Rented (social),Mains Gas,C,Yes,Nottingham,157,28,Good,Very Good,Average,Good
P1798,House,End-Terrace,1930-1949,Rented (social),Mains Gas,D,Yes,Nottingham,229,40,Average,Poor,Good,Good
P1799,House,Semi-Detached,1950-1966,Rented (social),Mains Gas,D,Yes,Nottingham,253,44,Good,Very Poor,Good,Good
P1800,House,Semi-Detached,1930-1949,Rented (social),Mains Gas,D,Yes,Nottingham,272,48,Very Poor,Good,Good,Good
P1801,House,Semi-Detached,1930-1949,Rented (social),Mains Gas,D,Yes,Nottingham,314,55,Average,Good,Good,Good
P1804,House,Semi-Detached,1950-1966,Rented (social),Mains Gas,C,Yes,Nottingham,224,39,Poor,Good,Average,Good
P1805,House,Mid-Terrace,1930-1949,Rented (social),Mains Gas,C,Yes,Nottingham,214,38,Average,Good,Good,Good
P1806,House,Mid-Terrace,1976-1982,Rented (social),Mains Gas,C,Yes,Nottingham,125,22,Good,Good,Good,Good
P1807,House,Semi-Detached,1930-1949,Rented (social),Mains Gas,D,Yes,Nottingham,247,44,Average,Good,Good,Good
P1808,House,End-Terrace,1950-1966,Rented (social),Mains Gas,C,Yes,Nottingham,186,33,Average,Good,Good,Good
P1809,House,End-Terrace,1950-1966,Owner-occupied,Mains Gas,C,Yes,Nottingham,167,30,Good,Good,Poor,Good
P1813,House,Semi-Detached,1950-1966,Owner-occupied,Mains Gas,E,Yes,Nottingham,381,66,Very Poor,Good,Average,Good
P1814,House,End-Terrace,1967-1975,Rented (private),Mains Gas,C,Yes,Nottingham,210,37,Very Poor,Very Good,Average,Good
P1815,House,Semi-Detached,1930-1949,Rented (social),Mains Gas,D,Yes,Nottingham,242,42,Average,Good,Good,Good
P1816,House,Semi-Detached,1930-1949,Rented (social),Mains Gas,D,Yes,Nottingham,224,39,Average,Good,Good,Good
P1817,House,Mid-Terrace,2003-2006,Rented (private),Mains Gas,C,Yes,Nottingham,166,30,Good,Good,Average,Good
P1820,House,Mid-Terrace,1900-1929,Owner-occupied,Mains Gas,D,Yes,Nottingham,337,62,Very Poor,Very Good,Poor,Good
P1823,House,Semi-Detached,1900-1929,Rented (private),Mains Gas,D,Yes,Nottingham,214,39,Very Poor,Very Good,Average,Good
P1824,House,Mid-Terrace,1950-1966,Rented (private),Mains Gas,C,Yes,Nottingham,160,28,Good,Good,Average,Good
P1825,House,Semi-Detached,1930-1949,Rented (social),Mains Gas,C,Yes,Nottingham,198,35,Good,Good,Good,Good
P1826,House,Mid-Terrace,1900-1929,Rented (social),Mains Gas,B,Yes,Nottingham,144,26,Very Poor,Very Good,Average,Good
P1828,House,Mid-Terrace,1967-1975,Rented (social),Mains Gas,C,Yes,Nottingham,182,32,Average,Good,Good,Good
P1829,House,End-Terrace,1967-1975,Rented (social),Mains Gas,C,Yes,Nottingham,139,22,Very Good,Very Good,Average,Good
P1830,House,Semi-Detached,1930-1949,Owner-occupied,Mains Gas,D,Yes,Nottingham,310,55,Poor,Average,Average,Good
P1831,House,Semi-Detached,1950-1966,Owner-occupied,Mains Gas,D,Yes,Nottingham,251,44,Very Poor,Very Good,Average,Good
P1832,House,Mid-Terrace,1900-1929,Owner-occupied,Mains Gas,D,Yes,Nottingham,254,46,Very Poor,Average,Poor,Good
P1834,House,Semi-Detached,1950-1966,Rented (social),Mains Gas,C,Yes,Nottingham,170,30,Good,Good,Good,Good
P1835,House,Mid-Terrace,1930-1949,Rented (social),Mains Gas,D,Yes,Nottingham,230,40,Average,Good,Good,Good
P1836,House,Mid-Terrace,1930-1949,Rented (private),Mains Gas,C,Yes,Nottingham,201,35,Very Poor,Very Good,Average,Good
P1837,House,Mid-Terrace,1996-2002,Rented (private),Mains Gas,C,Yes,Nottingham,168,30,Good,Very Good,Average,Good
P1838,House,Semi-Detached,1967-1975,Owner-occupied,Mains Gas,C,Yes,Nottingham,189,34,Good,Average,Poor,Good
P1839,House,Semi-Detached,1950-1966,Owner-occupied,Mains Gas,D,Yes,Nottingham,235,41,Good,Very Poor,Average,Good
P1841,House,Semi-Detached,2003-2006,Owner-occupied,Mains Gas,C,Yes,Nottingham,142,26,Good,Good,Average,Good
P1842,House,Semi-Detached,1950-1966,Owner-occupied,Mains Gas,D,Yes,Nottingham,254,45,Average,Good,Average,Good
P1843,House,Semi-Detached,1976-1982,Rented (private),Mains Gas,D,Yes,Nottingham,226,40,Average,Average,Average,Good
P1844,House,Mid-Terrace,1930-1949,Owner-occupied,Mains Gas,C,Yes,Nottingham,224,39,Very Poor,Average,Average,Good
P1846,House,Semi-Detached,1950-1966,Owner-occupied,Mains Gas,C,Yes,Nottingham,191,34,Poor,Average,Average,Good
P1847,House,Detached,1930-1949,Owner-occupied,Mains Gas,D,Yes,Nottingham,243,45,Poor,Good,Very Poor,Good
P1848,House,End-Terrace,1900-1929,Owner-occupied,Mains Gas,F,Yes,Nottingham,632,112,Very Poor,Very Poor,Average,Good
P1849,House,Semi-Detached,1950-1966,Rented (private),Mains Gas,C,Yes,Nottingham,200,35,Average,Good,Good,Good
P1850,House,End-Terrace,1967-1975,Rented (social),Electricity,D,No,Nottingham,406,69,Average,Average,Good,Average
P1851,House,End-Terrace,1930-1949,Rented (social),Mains Gas,D,Yes,Nottingham,241,42,Average,Good,Good,Good
P1853,House,Semi-Detached,1930-1949,Rented (private),Mains Gas,D,Yes,Nottingham,243,43,Poor,Good,Average,Good
P1854,House,Detached,1983-1990,Owner-occupied,Mains Gas,C,Yes,Nottingham,144,26,Good,Very Good,Average,Good
P1855,House,Detached,1983-1990,Rented (private),Mains Gas,D,Yes,Nottingham,226,40,Good,Average,Good,Good
P1857,House,Semi-Detached,1900-1929,Rented (private),Mains Gas,D,Yes,Nottingham,224,39,Poor,Average,Average,Good
P1858,House,End-Terrace,1930-1949,Rented (social),Mains Gas,D,Yes,Nottingham,235,41,Average,Average,Good,Good
P1859,House,End-Terrace,1976-1982,Owner-occupied,Mains Gas,C,Yes,Nottingham,128,22,Good,Very Good,Poor,Good
P1862,House,Semi-Detached,1930-1949,Rented (social),Mains Gas,D,Yes,Nottingham,248,44,Poor,Very Good,Good,Good
P1863,House,End-Terrace,1930-1949,Owner-occupied,Mains Gas,D,Yes,Nottingham,270,48,Very Poor,Very Good,Average,Good
P1864,House,Semi-Detached,1930-1949,Rented (social),Mains Gas,D,Yes,Nottingham,327,58,Very Poor,Very Poor,Good,Good
P1865,House,End-Terrace,1930-1949,Rented (social),Mains Gas,D,Yes,Nottingham,237,42,Average,Very Good,Good,Good
P1868,House,Mid-Terrace,1930-1949,Rented (social),Mains Gas,D,Yes,Nottingham,230,40,Very Poor,Good,Good,Good
P1870,House,Mid-Terrace,1930-1949,Rented (social),Mains Gas,C,Yes,Nottingham,216,38,Very Poor,Good,Good,Good
P1871,House,Detached,1991-1995,Owner-occupied,Mains Gas,C,Yes,Nottingham,185,34,Good,Good,Average,Good
P1872,House,Mid-Terrace,before 1900,Rented (private),Mains Gas,E,Yes,Nottingham,384,68,Very Poor,Good,Average,Good
P1873,House,Semi-Detached,1967-1975,Rented (private),Mains Gas,C,Yes,Nottingham,209,37,Average,Good,Average,Good
P1876,House,Detached,1930-1949,Owner-occupied,Mains Gas,D,Yes,Nottingham,292,52,Very Poor,Good,Average,Good
P1877,House,End-Terrace,1930-1949,Rented (social),Mains Gas,D,Yes,Nottingham,221,39,Average,Good,Good,Good
P1878,House,Mid-Terrace,1900-1929,Rented (private),Mains Gas,C,Yes,Nottingham,202,37,Very Poor,Average,Poor,Good
P1879,House,Mid-Terrace,1930-1949,Rented (social),Mains Gas,C,Yes,Nottingham,212,38,Very Poor,Good,Good,Good
P1880,House,Mid-Terrace,1900-1929,Owner-occupied,Mains Gas,D,Yes,Nottingham,194,33,Very Poor,Average,Average,Good
P1881,House,Detached,1930-1949,Owner-occupied,Mains Gas,D,Yes,Nottingham,275,49,Poor,Good,Average,Good
P1882,House,Semi-Detached,1930-1949,Rented (social),Mains Gas,D,Yes,Nottingham,237,42,Average,Good,Good,Good
P1883,House,Semi-Detached,1900-1929,Rented (social),Mains Gas,D,Yes,Nottingham,285,50,Very Poor,Very Poor,Good,Good
P1885,House,Mid-Terrace,1900-1929,Rented (social),Mains Gas,E,Yes,Nottingham,310,54,Very Poor,Very Poor,Good,Good
P1886,House,Semi-Detached,1930-1949,Rented (social),Mains Gas,D,Yes,Nottingham,245,43,Average,Good,Good,Good
P1887,House,Mid-Terrace,1950-1966,Rented (social),Mains Gas,B,Yes,Nottingham,83,15,Good,Good,Average,Good
P1888,House,Semi-Detached,1991-1995,Rented (social),Mains Gas,D,Yes,Nottingham,269,48,Good,Very Good,Good,Good
P1889,House,Detached,1967-1975,Owner-occupied,Mains Gas,D,Yes,Nottingham,258,45,Average,Average,Good,Good
P1890,House,Semi-Detached,1950-1966,Rented (social),Mains Gas,D,Yes,Nottingham,242,42,Good,Very Poor,Good,Good
P1891,House,Semi-Detached,1900-1929,Rented (social),Mains Gas,D,Yes,Nottingham,271,48,Very Poor,Good,Good,Good
P1892,House,Mid-Terrace,1930-1949,Rented (social),Mains Gas,D,Yes,Nottingham,214,38,Average,Good,Good,Good
P1893,House,Mid-Terrace,1996-2002,Rented (social),Mains Gas,C,Yes,Nottingham,150,27,Good,Good,Average,Good
P1894,House,End-Terrace,1930-1949,Rented (social),Mains Gas,C,Yes,Nottingham,222,39,Average,Average,Good,Good
P1895,House,Mid-Terrace,1900-1929,Owner-occupied,Mains Gas,C,Yes,Nottingham,122,22,Good,Very Good,Average,Good
P1896,House,Mid-Terrace,1930-1949,Rented (social),Mains Gas,D,Yes,Nottingham,231,40,Average,Good,Good,Good
P1897,House,Semi-Detached,1930-1949,Rented (social),Mains Gas,D,Yes,Nottingham,244,43,Average,Good,Good,Good
P1898,House,Mid-Terrace,1967-1975,Rented (social),Community Heating,C,No,Nottingham,185,10,Good,Good,Good,Good
P1900,House,End-Terrace,1967-1975,Rented (social),Mains Gas,C,Yes,Nottingham,184,33,Very Poor,Good,Good,Good
P1901,House,Mid-Terrace,1930-1949,Rented (social),Mains Gas,C,Yes,Nottingham,169,30,Good,Good,Good,Good
P1902,House,Semi-Detached,1930-1949,Rented (social),Mains Gas,D,Yes,Nottingham,240,42,Average,Good,Good,Good
P1905,House,Semi-Detached,1900-1929,Rented (social),Mains Gas,D,Yes,Nottingham,270,48,Very Poor,Good,Good,Good
P1906,House,End-Terrace,1930-1949,Rented (social),Mains Gas,D,Yes,Nottingham,249,44,Very Poor,Good,Good,Good
P1907,House,Mid-Terrace,1967-1975,Rented (social),Mains Gas,C,Yes,Nottingham,168,29,Good,Good,Good,Good
P1908,House,End-Terrace,1930-1949,Rented (social),Mains Gas,C,Yes,Nottingham,227,40,Average,Good,Good,Good
P1909,House,Semi-Detached,1930-1949,Rented (social),Mains Gas,D,Yes,Nottingham,245,43,Average,Good,Good,Good
P1910,House,Semi-Detached,1950-1966,Not defined - use in the case of a new dwelling for which the intended tenure in not known. It is not to be used for an existing dwelling,Mains Gas,C,Yes,Nottingham,102,18,Very Good,Average,Good,Good
P1912,House,Mid-Terrace,2007-2011,Owner-occupied,Mains Gas,C,Yes,Nottingham,116,20,Good,Very Good,Good,Good
P1913,House,Semi-Detached,1930-1949,Rented (private),Mains Gas,C,Yes,Nottingham,205,36,Good,Good,Average,Good
P1914,House,Mid-Terrace,1930-1949,Rented (social),Mains Gas,C,Yes,Nottingham,209,37,Very Poor,Good,Average,Good
P1915,House,Mid-Terrace,1930-1949,Rented (social),Mains Gas,D,Yes,Nottingham,228,40,Very Poor,Good,Good,Good
P1916,House,Mid-Terrace,1967-1975,Rented (social),Mains Gas,C,Yes,Nottingham,177,33,Good,Good,Average,Good
P1917,House,Mid-Terrace,1900-1929,Owner-occupied,Mains Gas,C,Yes,Nottingham,178,32,Very Poor,Very Good,Average,Good
P1919,House,End-Terrace,1930-1949,Rented (social),Mains Gas,D,Yes,Nottingham,239,42,Average,Good,Good,Good
P1920,House,End-Terrace,1983-1990,Rented (private),Mains Gas,D,Yes,Nottingham,218,38,Good,Very Good,Average,Good
P1921,House,Semi-Detached,1950-1966,Rented (private),Mains Gas,C,Yes,Nottingham,137,24,Very Good,Good,Poor,Good
P1922,House,Mid-Terrace,1976-1982,Rented (social),Mains Gas,C,Yes,Nottingham,163,28,Good,Good,Good,Good
P1923,House,Semi-Detached,1930-1949,Rented (social),Mains Gas,D,Yes,Nottingham,245,43,Average,Average,Good,Good
P1924,House,Mid-Terrace,1900-1929,Rented (private),Mains Gas,C,Yes,Nottingham,190,35,Very Poor,Good,Poor,Good
P1925,House,End-Terrace,1930-1949,Rented (social),Mains Gas,D,Yes,Nottingham,218,38,Average,Good,Good,Good
P1926,House,Semi-Detached,1930-1949,Rented (social),Mains Gas,D,Yes,Nottingham,286,50,Very Poor,Good,Good,Good
P1927,House,Mid-Terrace,1950-1966,Rented (private),Mains Gas,C,Yes,Nottingham,210,37,Very Poor,Very Good,Good,Good
P1928,House,Semi-Detached,1983-1990,Owner-occupied,Electricity,D,Yes,Nottingham,178,16,Good,Very Good,Poor,Good
P1930,House,Semi-Detached,1930-1949,Rented (social),Mains Gas,C,Yes,Nottingham,204,36,Good,Good,Good,Good
P1931,House,Mid-Terrace,1900-1929,Rented (private),Mains Gas,C,Yes,Nottingham,195,34,Very Poor,Good,Average,Good
P1932,House,Semi-Detached,1930-1949,Rented (social),Mains Gas,D,Yes,Nottingham,239,42,Average,Good,Good,Good
P1936,House,Semi-Detached,1900-1929,Owner-occupied,Mains Gas,F,Yes,Nottingham,482,88,Very Poor,Very Good,Poor,Good
P1938,House,Mid-Terrace,1967-1975,Owner-occupied,Mains Gas,D,Yes,Nottingham,306,54,Average,Average,Average,Good
P1939,House,Semi-Detached,1967-1975,Rented (social),Mains Gas,C,Yes,Nottingham,185,32,Average,Good,Average,Good
P1940,House,Semi-Detached,1930-1949,Rented (social),Mains Gas,D,Yes,Nottingham,213,37,Average,Good,Good,Good
P1942,House,End-Terrace,1930-1949,Rented (social),Mains Gas,D,Yes,Nottingham,251,44,Average,Good,Good,Good
P1943,House,Semi-Detached,1930-1949,Rented (social),Mains Gas,C,Yes,Nottingham,161,28,Very Good,Good,Good,Good
P1944,House,Semi-Detached,1950-1966,Rented (social),Mains Gas,C,Yes,Nottingham,195,34,Average,Good,Good,Good
P1945,House,Semi-Detached,1976-1982,Rented (social),Mains Gas,C,Yes,Nottingham,170,30,Good,Good,Average,Good
P1946,House,End-Terrace,1950-1966,Owner-occupied,Mains Gas,E,Yes,Nottingham,439,77,Very Poor,Very Poor,Average,Good
P1947,House,Mid-Terrace,1900-1929,Owner-occupied,Mains Gas,C,Yes,Nottingham,189,33,Very Poor,Good,Average,Good
P1948,House,End-Terrace,before 1900,Rented (private),Mains Gas,D,Yes,Nottingham,262,47,Very Poor,Average,Poor,Good
P1949,House,Mid-Terrace,1950-1966,Rented (social),Mains Gas,C,Yes,Nottingham,144,25,Good,Good,Good,Good
P1950,House,Semi-Detached,1950-1966,Rented (social),Mains Gas,D,No,Nottingham,253,45,Average,Good,Average,Good
P1952,House,Semi-Detached,1930-1949,Rented (social),Mains Gas,B,Yes,Nottingham,105,19,Very Good,Good,Good,Good
P1953,House,End-Terrace,1930-1949,Rented (social),Mains Gas,C,Yes,Nottingham,186,33,Good,Good,Good,Good
P1954,House,End-Terrace,1930-1949,Rented (social),Mains Gas,D,Yes,Nottingham,243,43,Average,Good,Average,Good
P1957,House,Mid-Terrace,1930-1949,Rented (social),Mains Gas,D,Yes,Nottingham,227,40,Average,Good,Good,Good
P1958,House,Mid-Terrace,1950-1966,Rented (private),Mains Gas,C,Yes,Nottingham,178,29,Good,Good,Average,Good
P1959,House,Mid-Terrace,1983-1990,Rented (social),Mains Gas,B,Yes,Nottingham,109,20,Good,Good,Average,Good
P1960,House,End-Terrace,1930-1949,Rented (social),Mains Gas,D,Yes,Nottingham,234,41,Average,Good,Good,Good
P1961,House,End-Terrace,1930-1949,Rented (social),Mains Gas,D,Yes,Nottingham,251,44,Poor,Good,Good,Good
P1962,House,Semi-Detached,1983-1990,Rented (social),Mains Gas,D,Yes,Nottingham,215,38,Good,Good,Good,Good
P1963,House,Semi-Detached,1930-1949,Rented (social),Mains Gas,D,Yes,Nottingham,306,54,Good,Average,Good,Good
P1964,House,End-Terrace,1976-1982,Rented (social),Mains Gas,C,Yes,Nottingham,175,31,Good,Good,Good,Good
P1965,House,Mid-Terrace,1950-1966,Rented (social),Mains Gas,C,Yes,Nottingham,194,34,Average,Good,Good,Good
P1966,Bungalow,Semi-Detached,1967-1975,Rented (social),Mains Gas,B,Yes,Nottingham,186,31,Good,Good,Poor,Good
P1968,Bungalow,Detached,1967-1975,Owner-occupied,Mains Gas,C,Yes,Nottingham,202,37,Good,Very Good,Poor,Good
P1969,Bungalow,Detached,1983-1990,Rented (social),Mains Gas,D,Yes,Nottingham,228,40,Good,Good,Good,Good
P1970,Bungalow,End-Terrace,1967-1975,Rented (social),Mains Gas,C,Yes,Nottingham,252,46,Very Poor,Very Poor,Average,Good
P1971,Bungalow,End-Terrace,1996-2002,Rented (social),Mains Gas,C,Yes,Nottingham,177,32,Good,Good,Average,Good
P1972,Bungalow,Detached,1976-1982,Rented (social),Mains Gas,B,Yes,Nottingham,124,22,Good,Good,Good,Good
P1973,Bungalow,Detached,1976-1982,Rented (social),Mains Gas,D,Yes,Nottingham,254,44,Good,Good,Good,Good
P1974,Bungalow,Detached,1930-1949,Owner-occupied,Mains Gas,E,Yes,Nottingham,413,73,Very Poor,Very Poor,Average,Good
P1975,Bungalow,Semi-Detached,1967-1975,Rented (social),Mains Gas,D,Yes,Nottingham,247,44,Poor,Good,Average,Good
P1976,Bungalow,Detached,1996-2002,Rented (social),Mains Gas,D,Yes,Nottingham,236,41,Good,Good,Good,Good
P1977,Bungalow,Semi-Detached,1967-1975,Rented (social),Mains Gas,D,Yes,Nottingham,352,62,Very Poor,Good,Good,Good
P1978,Bungalow,Detached,1983-1990,Rented (social),Mains Gas,D,Yes,Nottingham,231,40,Good,Good,Average,Good
P1980,Bungalow,Mid-Terrace,1950-1966,Rented (social),Mains Gas,E,Yes,Nottingham,415,73,Poor,Very Poor,Good,Good
P1981,Bungalow,Detached,1967-1975,Rented (social),Mains Gas,D,Yes,Nottingham,258,45,Average,Good,Good,Good
P1982,Bungalow,Detached,1976-1982,Rented (social),Mains Gas,D,Yes,Nottingham,246,43,Good,Good,Good,Good
P1983,Bungalow,Detached,1967-1975,Rented (social),Mains Gas,D,Yes,Nottingham,250,44,Very Good,Very Poor,Average,Good
P1984,Bungalow,Detached,1967-1975,Rented (social),Mains Gas,C,Yes,Nottingham,220,40,Average,Good,Average,Good
P1985,Bungalow,Semi-Detached,1996-2002,Rented (social),Mains Gas,C,Yes,Nottingham,218,38,Good,Very Good,Average,Good
P1988,Bungalow,Semi-Detached,1900-1929,Rented (social),Mains Gas,C,Yes,Nottingham,197,35,Good,Good,Good,Good
P1989,Bungalow,Detached,1976-1982,Rented (social),Mains Gas,D,Yes,Nottingham,250,44,Good,Good,Good,Good
P1990,Bungalow,Detached,1983-1990,Rented (social),Mains Gas,D,Yes,Nottingham,158,25,Good,Very Good,Average,Good
P1991,Bungalow,Mid-Terrace,1950-1966,Rented (social),Mains Gas,C,Yes,Nottingham,164,29,Average,Good,Good,Good
P1992,Bungalow,Semi-Detached,1983-1990,Rented (social),Mains Gas,C,Yes,Nottingham,186,33,Good,Good,Good,Good
P1993,Bungalow,End-Terrace,1950-1966,Rented (social),Mains Gas,D,Yes,Nottingham,273,48,Good,Average,Good,Good
P1994,Bungalow,Mid-Terrace,1983-1990,Rented (social),Mains Gas,C,Yes,Nottingham,162,29,Good,Very Good,Good,Good
P1995,Bungalow,Detached,1976-1982,Rented (social),Mains Gas,D,Yes,Nottingham,250,44,Good,Good,Good,Good
P1996,Bungalow,End-Terrace,1967-1975,Rented (social),Mains Gas,C,Yes,Nottingham,208,37,Average,Good,Average,Good
P1997,Bungalow,End-Terrace,1967-1975,Rented (social),Mains Gas,C,Yes,Nottingham,199,34,Very Good,Good,Poor,Good
P1998,Bungalow,Detached,1996-2002,Rented (social),Mains Gas,C,Yes,Nottingham,217,38,Good,Good,Average,Good
P1999,Bungalow,Detached,1967-1975,Rented (social),Mains Gas,D,Yes,Nottingham,261,46,Average,Good,Good,Good
P2001,Bungalow,Semi-Detached,1991-1995,Rented (social),Mains Gas,D,Yes,Nottingham,253,45,Good,Good,Average,Good
P2002,Bungalow,Detached,1991-1995,Rented (social),Mains Gas,C,Yes,Nottingham,214,38,Good,Good,Good,Good
P2003,Bungalow,Detached,1996-2002,Rented (social),Mains Gas,B,Yes,Nottingham,127,23,Good,Good,Good,Good
P2004,Bungalow,Detached,1900-1929,Owner-occupied,Mains Gas,E,Yes,Nottingham,365,64,Very Poor,Good,Very Poor,Good
P2005,Bungalow,End-Terrace,1991-1995,Rented (social),Mains Gas,D,Yes,Nottingham,251,44,Good,Very Good,Average,Good
P2006,Bungalow,Detached,1983-1990,Owner-occupied,Mains Gas,D,Yes,Nottingham,288,50,Good,Good,Average,Good
P2007,Bungalow,Semi-Detached,1950-1966,Rented (social),Mains Gas,B,Yes,Nottingham,145,26,Average,Good,Average,Good
P2008,Bungalow,End-Terrace,1950-1966,Rented (social),Mains Gas,C,Yes,Nottingham,191,34,Average,Good,Good,Good
P2010,Bungalow,Detached,1983-1990,Rented (social),Mains Gas,D,Yes,Nottingham,262,46,Good,Good,Good,Good
P2011,Bungalow,Semi-Detached,1950-1966,Rented (social),Mains Gas,C,Yes,Nottingham,256,45,Average,Good,Good,Good
P2012,Bungalow,Detached,1996-2002,Rented (social),Mains Gas,D,Yes,Nottingham,226,40,Good,Good,Good,Good
P2013,Bungalow,End-Terrace,1991-1995,Rented (social),Mains Gas,C,Yes,Nottingham,230,41,Good,Very Good,Good,Good
P2017,Bungalow,Semi-Detached,2012 onwards,Rented (social),Mains Gas,B,Yes,Nottingham,106,19,Very Good,Very Good,Good,Good
P2021,Bungalow,Detached,1991-1995,Rented (social),Mains Gas,C,Yes,Nottingham,228,40,Good,Good,Average,Good
P2022,Bungalow,Detached,1991-1995,Rented (social),Mains Gas,D,Yes,Nottingham,265,46,Good,Good,Good,Good
P2023,Bungalow,Mid-Terrace,1991-1995,Rented (social),Mains Gas,C,Yes,Nottingham,189,34,Good,Very Good,Good,Good
P2025,Bungalow,End-Terrace,1950-1966,Rented (social),Mains Gas,C,Yes,Nottingham,211,37,Good,Good,Good,Good
P2026,Bungalow,Mid-Terrace,1950-1966,Rented (social),Mains Gas,C,Yes,Nottingham,175,31,Average,Good,Good,Good
P2027,Bungalow,End-Terrace,1996-2002,Rented (social),Mains Gas,C,Yes,Nottingham,209,37,Good,Average,Average,Good
P2028,Bungalow,Semi-Detached,1983-1990,Rented (social),Mains Gas,C,Yes,Nottingham,190,34,Good,Good,Good,Good
P2029,Bungalow,Detached,1950-1966,Rented (private),Mains Gas,D,Yes,Nottingham,199,35,Poor,Good,Average,Good
P2030,Bungalow,Detached,1991-1995,Rented (social),Mains Gas,D,Yes,Nottingham,275,48,Good,Average,Good,Good
P2031,Bungalow,Detached,1930-1949,Owner-occupied,Mains Gas,D,Yes,Nottingham,250,44,Very Poor,Very Good,Average,Good
P2032,Bungalow,Mid-Terrace,1950-1966,Rented (social),Mains Gas,C,Yes,Nottingham,239,42,Average,Good,Good,Good
P2033,Bungalow,Mid-Terrace,1991-1995,Rented (social),Mains Gas,C,Yes,Nottingham,199,35,Good,Good,Good,Good
P2034,Bungalow,Detached,1976-1982,Rented (social),Mains Gas,C,Yes,Nottingham,169,29,Good,Good,Average,Good
P2035,Bungalow,Semi-Detached,1983-1990,Rented (social),Mains Gas,D,Yes,Nottingham,262,46,Good,Good,Good,Good
P2036,Bungalow,Detached,1976-1982,Rented (social),Mains Gas,D,Yes,Nottingham,229,40,Good,Very Good,Good,Good
P2038,Bungalow,Detached,1976-1982,Rented (social),Mains Gas,D,Yes,Nottingham,275,49,Good,Good,Good,Good
P2039,Bungalow,Detached,1991-1995,Rented (social),Mains Gas,C,Yes,Nottingham,185,32,Good,Good,Poor,Good
P2040,Bungalow,Semi-Detached,1930-1949,Rented (private),Mains Gas,D,Yes,Nottingham,228,40,Good,Very Poor,Average,Good
P2041,Bungalow,Mid-Terrace,1967-1975,Rented (social),Mains Gas,C,Yes,Nottingham,243,43,Good,Very Good,Good,Good
P2042,Bungalow,Detached,1976-1982,Rented (social),Mains Gas,D,Yes,Nottingham,246,43,Good,Good,Good,Good
P2043,Bungalow,Semi-Detached,1967-1975,Rented (social),Mains Gas,C,Yes,Nottingham,237,41,Very Good,Good,Average,Good
P2044,Bungalow,Detached,1976-1982,Rented (social),Mains Gas,D,Yes,Nottingham,265,46,Good,Good,Good,Good
P2045,Bungalow,Semi-Detached,1983-1990,Rented (social),Mains Gas,D,Yes,Nottingham,295,52,Good,Good,Good,Good
P2047,Bungalow,End-Terrace,1950-1966,Rented (social),Mains Gas,C,Yes,Nottingham,167,30,Average,Very Good,Good,Good
P2048,Bungalow,End-Terrace,1967-1975,Rented (social),Mains Gas,B,Yes,Nottingham,172,31,Average,Good,Good,Good
P2049,Bungalow,Semi-Detached,1996-2002,Rented (social),Mains Gas,C,Yes,Nottingham,178,32,Good,Good,Average,Good
P2050,Bungalow,End-Terrace,1950-1966,Rented (social),Mains Gas,D,Yes,Nottingham,287,50,Average,Good,Good,Good
P2051,Bungalow,Mid-Terrace,1950-1966,Rented (social),Mains Gas,D,Yes,Nottingham,246,43,Average,Good,Good,Good
P2052,Bungalow,Detached,1967-1975,Owner-occupied,Electricity,D,Yes,Nottingham,272,46,Average,Very Good,Average,Very Good
P2055,Bungalow,Mid-Terrace,1950-1966,Rented (social),Mains Gas,C,Yes,Nottingham,156,28,Average,Good,Average,Good
P2056,Bungalow,End-Terrace,1950-1966,Rented (social),Mains Gas,C,Yes,Nottingham,237,42,Average,Good,Good,Good
P2058,Bungalow,Semi-Detached,1983-1990,Owner-occupied,Mains Gas,C,Yes,Nottingham,250,44,Good,Very Good,Average,Good
P2059,Bungalow,Detached,1967-1975,Rented (social),Mains Gas,D,Yes,Nottingham,250,44,Very Good,Very Poor,Average,Good
P2060,Bungalow,Mid-Terrace,1950-1966,Rented (social),Mains Gas,C,Yes,Nottingham,171,30,Average,Good,Good,Good
P2061,Bungalow,End-Terrace,1950-1966,Rented (social),Mains Gas,D,Yes,Nottingham,261,46,Average,Good,Good,Good
P2062,Bungalow,Detached,1991-1995,Rented (social),Mains Gas,D,Yes,Nottingham,257,45,Good,Good,Good,Good
P2063,Bungalow,Mid-Terrace,1950-1966,Rented (social),Mains Gas,B,Yes,Nottingham,93,17,Average,Good,Good,Good
P2064,Bungalow,Detached,1991-1995,Rented (social),Community Heating,D,No,Nottingham,290,27,Good,Very Good,Average,Good
P2066,Bungalow,Detached,1991-1995,Rented (social),Mains Gas,D,Yes,Nottingham,231,41,Good,Very Good,Good,Good
P2067,Bungalow,Detached,1983-1990,Rented (social),Mains Gas,C,Yes,Nottingham,213,38,Good,Good,Good,Good
P2069,Bungalow,Semi-Detached,1983-1990,Rented (social),Mains Gas,D,Yes,Nottingham,247,39,Good,Good,Average,Good
P2070,Bungalow,Detached,1996-2002,Owner-occupied,Mains Gas,C,Yes,Nottingham,154,28,Good,Average,Poor,Good
P2073,Bungalow,Semi-Detached,1967-1975,Rented (social),Mains Gas,C,Yes,Nottingham,197,35,Very Good,Good,Average,Good
P2074,Bungalow,End-Terrace,1950-1966,Rented (social),Mains Gas,B,Yes,Nottingham,133,24,Average,Good,Good,Good
P2075,Bungalow,Mid-Terrace,1996-2002,Rented (social),Mains Gas,C,Yes,Nottingham,201,35,Good,Poor,Good,Good
P2076,Bungalow,Mid-Terrace,1967-1975,Rented (social),Mains Gas,D,Yes,Nottingham,279,49,Average,Good,Good,Good
P2077,Bungalow,Detached,1976-1982,Rented (social),Mains Gas,D,Yes,Nottingham,251,44,Good,Good,Good,Good
P2078,Bungalow,Semi-Detached,1996-2002,Rented (social),Electricity,D,No,Nottingham,236,40,Good,Very Good,Average,Good
P2079,Bungalow,Semi-Detached,1983-1990,Rented (social),Mains Gas,C,Yes,Nottingham,220,39,Good,Good,Average,Good
P2080,Bungalow,Semi-Detached,1950-1966,Rented (social),Mains Gas,C,Yes,Nottingham,249,44,Average,Good,Good,Good
P2081,Bungalow,Detached,1983-1990,Rented (private),Mains Gas,C,Yes,Nottingham,236,42,Good,Good,Good,Good
P2082,Bungalow,End-Terrace,1967-1975,Owner-occupied,Electricity,D,No,Nottingham,485,82,Poor,Good,Average,Average
P2083,Bungalow,Mid-Terrace,1967-1975,Rented (social),Mains Gas,C,Yes,Nottingham,224,39,Good,Very Good,Average,Good
P2084,Bungalow,Semi-Detached,1950-1966,Rented (social),Mains Gas,B,Yes,Nottingham,138,25,Average,Good,Good,Good
P2085,Bungalow,Semi-Detached,1967-1975,Owner-occupied,Mains Gas,C,Yes,Nottingham,238,42,Poor,Very Good,Average,Good
P2086,Bungalow,Semi-Detached,1967-1975,Rented (social),Mains Gas,C,Yes,Nottingham,246,43,Very Good,Good,Average,Good
P2088,Bungalow,Detached,1996-2002,Rented (social),Mains Gas,C,Yes,Nottingham,213,37,Good,Good,Good,Good
P2089,Bungalow,Detached,1976-1982,Rented (social),Mains Gas,C,Yes,Nottingham,228,40,Good,Good,Good,Good
P2090,Bungalow,Detached,1991-1995,Rented (social),Mains Gas,C,Yes,Nottingham,234,41,Good,Good,Good,Good
P2091,Bungalow,Mid-Terrace,1967-1975,Rented (social),Mains Gas,D,Yes,Nottingham,275,48,Average,Good,Good,Good
P2092,Bungalow,End-Terrace,1983-1990,Rented (social),Mains Gas,D,Yes,Nottingham,262,46,Good,Good,Average,Good
P2093,Bungalow,Detached,1976-1982,Rented (social),Mains Gas,C,Yes,Nottingham,217,38,Good,Good,Good,Good
P2094,Bungalow,Semi-Detached,1950-1966,Rented (private),Mains Gas,C,Yes,Nottingham,233,41,Good,Good,Good,Good
P2095,Bungalow,Detached,1967-1975,Rented (social),Mains Gas,D,Yes,Nottingham,250,44,Very Good,Very Poor,Average,Good
P2097,Bungalow,End-Terrace,1967-1975,Rented (social),Mains Gas,C,Yes,Nottingham,196,35,Very Good,Very Good,Average,Good
P2098,Bungalow,Mid-Terrace,1996-2002,Rented (social),Electricity,D,No,Nottingham,190,17,Good,Very Good,Poor,Good
P2099,Bungalow,Mid-Terrace,2003-2006,Owner-occupied,Mains Gas,C,Yes,Nottingham,151,27,Good,Very Good,Average,Good
P2101,Bungalow,Semi-Detached,1976-1982,Rented (social),Mains Gas,C,Yes,Nottingham,157,28,Good,Very Good,Good,Good
P2102,Bungalow,Semi-Detached,1930-1949,Rented (social),Electricity,E,No,Nottingham,634,107,Poor,Good,Average,Average
P2103,Bungalow,Detached,1950-1966,Rented (social),Mains Gas,C,Yes,Nottingham,173,31,Average,Good,Good,Good
P2104,Bungalow,Detached,1983-1990,Rented (social),Mains Gas,D,Yes,Nottingham,223,39,Good,Good,Good,Good
P2105,Bungalow,Mid-Terrace,1967-1975,Rented (social),Mains Gas,C,Yes,Nottingham,168,33,Good,Very Good,Poor,Good
P2106,Bungalow,Semi-Detached,1983-1990,Rented (social),Mains Gas,C,Yes,Nottingham,249,44,Good,Good,Good,Good
P2107,Bungalow,Mid-Terrace,1967-1975,Rented (social),Mains Gas,C,Yes,Nottingham,260,46,Average,Good,Good,Good
P2108,Bungalow,Detached,1976-1982,Rented (social),Mains Gas,C,Yes,Nottingham,219,39,Good,Good,Good,Good
P2109,Bungalow,Semi-Detached,1900-1929,Rented (social),Mains Gas,D,Yes,Nottingham,171,28,Good,Average,Average,Good
P2110,Bungalow,Semi-Detached,1930-1949,Owner-occupied,Mains Gas,D,Yes,Nottingham,176,29,Good,Very Good,Average,Good
P2111,Bungalow,Detached,1983-1990,Rented (social),Mains Gas,D,Yes,Nottingham,232,41,Good,Good,Good,Good
P2112,Bungalow,End-Terrace,1950-1966,Rented (social),Mains Gas,B,Yes,Nottingham,142,26,Average,Good,Good,Good
P2113,Bungalow,Semi-Detached,1900-1929,Rented (social),Mains Gas,C,Yes,Nottingham,200,35,Good,Good,Average,Good
P2114,Bungalow,End-Terrace,1950-1966,Rented (social),Mains Gas,C,Yes,Nottingham,223,39,Good,Good,Good,Good
P2116,Bungalow,Mid-Terrace,1967-1975,Rented (social),Mains Gas,C,Yes,Nottingham,157,26,Very Good,Good,Average,Good
P2118,Bungalow,Mid-Terrace,1976-1982,Owner-occupied,Electricity,D,No,Nottingham,442,75,Good,Very Good,Average,Average
P2119,Bungalow,Detached,1996-2002,Rented (social),Mains Gas,C,Yes,Nottingham,214,37,Good,Good,Good,Good
P2120,Bungalow,End-Terrace,1950-1966,Rented (social),Mains Gas,C,Yes,Nottingham,271,48,Average,Good,Good,Good
P2121,Bungalow,Detached,1996-2002,Rented (social),Mains Gas,B,Yes,Nottingham,158,27,Good,Very Good,Poor,Good
P2122,Bungalow,Semi-Detached,1950-1966,Rented (social),Mains Gas,D,Yes,Nottingham,261,50,Average,Good,Good,Good
P2123,Bungalow,Detached,1976-1982,Rented (social),Mains Gas,B,Yes,Nottingham,96,18,Good,Good,Good,Good
P2124,Bungalow,Semi-Detached,1950-1966,Owner-occupied,Mains Gas,E,Yes,Nottingham,398,70,Good,Average,Average,Good
P2125,Bungalow,Semi-Detached,1950-1966,Rented (social),Mains Gas,C,Yes,Nottingham,174,31,Average,Very Good,Good,Good
P2128,Bungalow,Detached,1996-2002,Rented (social),Mains Gas,D,Yes,Nottingham,247,43,Good,Good,Good,Good
P2129,Bungalow,Detached,1983-1990,Rented (social),Mains Gas,C,Yes,Nottingham,222,39,Good,Good,Good,Good
P2130,Bungalow,Semi-Detached,1950-1966,Rented (social),Mains Gas,D,Yes,Nottingham,280,49,Average,Good,Good,Good
P2131,Bungalow,Detached,1983-1990,Rented (social),Mains Gas,D,Yes,Nottingham,216,38,Good,Good,Good,Good
P2133,Bungalow,Detached,1976-1982,Rented (social),Mains Gas,D,Yes,Nottingham,244,43,Good,Good,Good,Good
P2134,Bungalow,Mid-Terrace,1950-1966,Rented (social),Mains Gas,B,Yes,Nottingham,164,30,Average,Good,Good,Good
P2136,Bungalow,Detached,1983-1990,Rented (social),Mains Gas,C,Yes,Nottingham,213,38,Good,Good,Good,Good
P2137,Bungalow,Detached,1976-1982,Rented (social),Mains Gas,D,Yes,Nottingham,236,41,Good,Good,Good,Good
P2138,Bungalow,Detached,1950-1966,Owner-occupied,Mains Gas,D,Yes,Nottingham,260,48,Poor,Average,Poor,Good
P2139,Bungalow,Semi-Detached,1950-1966,Rented (social),Mains Gas,C,Yes,Nottingham,166,30,Average,Good,Average,Good
P2141,Bungalow,Semi-Detached,1950-1966,Rented (social),Mains Gas,D,Yes,Nottingham,256,45,Average,Good,Good,Good
P2142,Bungalow,Semi-Detached,1950-1966,Rented (social),Mains Gas,C,Yes,Nottingham,219,38,Good,Good,Good,Good
P2143,Bungalow,Detached,1967-1975,Rented (social),Mains Gas,D,Yes,Nottingham,250,44,Very Good,Very Poor,Average,Good
P2144,Bungalow,Mid-Terrace,1950-1966,Rented (social),Mains Gas,C,Yes,Nottingham,171,30,Average,Good,Good,Good
P2145,Bungalow,Detached,1991-1995,Rented (social),Mains Gas,D,Yes,Nottingham,249,44,Good,Good,Good,Good
P2146,Bungalow,Semi-Detached,1950-1966,Rented (social),Mains Gas,B,Yes,Nottingham,146,26,Average,Good,Good,Good
P2147,Bungalow,Semi-Detached,1967-1975,Rented (social),Mains Gas,B,Yes,Nottingham,168,31,Average,Average,Good,Good
P2148,Bungalow,End-Terrace,1967-1975,Rented (social),Mains Gas,C,Yes,Nottingham,245,43,Average,Good,Good,Good
P2149,Bungalow,Mid-Terrace,1950-1966,Rented (social),Mains Gas,C,Yes,Nottingham,178,32,Average,Good,Good,Good
P2150,Bungalow,Detached,1976-1982,Rented (social),Mains Gas,C,Yes,Nottingham,145,24,Good,Very Good,Poor,Good
P2151,Bungalow,Mid-Terrace,1983-1990,Owner-occupied,Mains Gas,C,Yes,Nottingham,177,30,Good,Very Good,Average,Good
P2152,Bungalow,Semi-Detached,1991-1995,Rented (social),Mains Gas,C,Yes,Nottingham,239,42,Good,Good,Average,Good
P2158,Bungalow,Detached,1967-1975,Rented (social),Mains Gas,D,Yes,Nottingham,261,46,Average,Good,Good,Good
P2159,Bungalow,Semi-Detached,1900-1929,Rented (social),Mains Gas,D,Yes,Nottingham,191,32,Good,Average,Average,Good
P2160,Bungalow,Mid-Terrace,1976-1982,Rented (social),Electricity,C,No,Nottingham,184,17,Good,Very Good,Poor,Good
P2161,Bungalow,Mid-Terrace,1950-1966,Rented (social),Mains Gas,D,Yes,Nottingham,256,45,Average,Good,Good,Good
P2162,Bungalow,Mid-Terrace,1967-1975,Rented (social),Mains Gas,B,Yes,Nottingham,131,24,Average,Good,Good,Good
P2163,Bungalow,Mid-Terrace,1967-1975,Rented (social),Mains Gas,C,Yes,Nottingham,220,39,Good,Good,Good,Good
P2164,Bungalow,End-Terrace,1967-1975,Rented (social),Mains Gas,A,Yes,Nottingham,49,10,Average,Good,Average,Good
P2165,Bungalow,Semi-Detached,1900-1929,Rented (social),Mains Gas,D,Yes,Nottingham,255,45,Very Poor,Good,Good,Good
P2166,Bungalow,Detached,1976-1982,Rented (social),Mains Gas,D,Yes,Nottingham,254,44,Good,Good,Good,Good
P2168,Bungalow,Semi-Detached,1967-1975,Owner-occupied,Mains Gas,C,Yes,Nottingham,161,29,Good,Good,Poor,Good
P2169,Bungalow,Semi-Detached,1950-1966,Rented (social),Mains Gas,C,Yes,Nottingham,193,33,Good,Very Good,Poor,Good
P2170,Bungalow,Detached,1976-1982,Rented (social),Mains Gas,B,Yes,Nottingham,139,23,Good,Very Good,Average,Good
P2172,Bungalow,Detached,1991-1995,Rented (social),Mains Gas,C,Yes,Nottingham,226,40,Good,Good,Good,Good
P2174,Bungalow,Detached,1983-1990,Rented (social),Mains Gas,D,Yes,Nottingham,232,41,Good,Good,Good,Good
P2175,Bungalow,Semi-Detached,1967-1975,Owner-occupied,Mains Gas,D,Yes,Nottingham,199,36,Very Good,Average,Average,Good
P2176,Bungalow,End-Terrace,1967-1975,Rented (social),Mains Gas,B,Yes,Nottingham,133,24,Average,Good,Average,Good
P2177,Bungalow,Mid-Terrace,1983-1990,Rented (private),Mains Gas,C,Yes,Nottingham,179,30,Good,Very Good,Poor,Good
P2179,Bungalow,Detached,1976-1982,Rented (social),Mains Gas,D,Yes,Nottingham,238,42,Good,Good,Good,Good
P2181,Bungalow,Detached,1991-1995,Rented (social),Mains Gas,B,Yes,Nottingham,116,21,Good,Good,Good,Good
P2182,Bungalow,Detached,1983-1990,Rented (social),Mains Gas,D,Yes,Nottingham,240,42,Good,Good,Good,Good
P2184,Bungalow,End-Terrace,1967-1975,Rented (social),Mains Gas,D,Yes,Nottingham,251,44,Average,Good,Good,Good
P2185,Bungalow,Detached,1996-2002,Rented (social),Mains Gas,C,Yes,Nottingham,151,27,Good,Very Good,Good,Good
P2186,Bungalow,Mid-Terrace,1967-1975,Rented (social),Mains Gas,C,Yes,Nottingham,177,33,Good,Good,Poor,Good
P2187,Bungalow,Detached,1991-1995,Rented (social),Mains Gas,C,Yes,Nottingham,189,31,Good,Good,Poor,Good
P2188,Bungalow,Semi-Detached,1991-1995,Rented (social),Mains Gas,D,Yes,Nottingham,244,43,Good,Good,Good,Good
P2189,Bungalow,Semi-Detached,1950-1966,Rented (social),Mains Gas,C,Yes,Nottingham,167,30,Average,Good,Good,Good
P2190,Bungalow,Detached,1996-2002,Rented (social),Mains Gas,C,Yes,Nottingham,215,38,Good,Good,Good,Good
P2191,Bungalow,End-Terrace,1976-1982,Rented (social),Mains Gas,C,Yes,Nottingham,214,38,Good,Good,Average,Good
P2192,Bungalow,Semi-Detached,1930-1949,Owner-occupied,Mains Gas,D,Yes,Nottingham,275,48,Very Poor,Good,Good,Good
P2193,Bungalow,Detached,1996-2002,Rented (social),Mains Gas,C,Yes,Nottingham,213,37,Good,Very Good,Average,Good
P2194,Bungalow,Detached,1976-1982,Rented (social),Mains Gas,C,Yes,Nottingham,230,41,Good,Good,Good,Good
P2195,Bungalow,Detached,1983-1990,Rented (social),Mains Gas,D,Yes,Nottingham,232,41,Good,Good,Good,Good
P2196,Bungalow,Detached,1967-1975,Rented (social),Mains Gas,D,Yes,Nottingham,258,45,Average,Good,Good,Good
P2197,Bungalow,Detached,1950-1966,Owner-occupied,Mains Gas,D,Yes,Nottingham,331,58,Poor,Poor,Average,Good
P2198,Bungalow,Detached,1983-1990,Rented (social),Mains Gas,C,Yes,Nottingham,213,38,Good,Good,Good,Good
P2199,Bungalow,End-Terrace,1967-1975,Rented (social),Mains Gas,B,Yes,Nottingham,125,23,Average,Good,Good,Good
P2200,Bungalow,Detached,2003-2006,Owner-occupied,Mains Gas,D,Yes,Nottingham,184,32,Good,Very Good,Average,Good
P2203,Bungalow,Detached,1991-1995,Rented (social),Mains Gas,C,Yes,Nottingham,163,29,Good,Good,Good,Good
P2204,Bungalow,Detached,1976-1982,Rented (social),Mains Gas,D,Yes,Nottingham,250,44,Good,Good,Good,Good
P2205,Bungalow,End-Terrace,1967-1975,Rented (social),Mains Gas,D,Yes,Nottingham,282,50,Average,Good,Good,Good
P2206,Bungalow,End-Terrace,1950-1966,Rented (social),Mains Gas,C,Yes,Nottingham,189,33,Average,Good,Good,Good
P2208,Bungalow,Semi-Detached,1950-1966,Rented (social),Mains Gas,B,Yes,Nottingham,140,25,Average,Good,Good,Good
P2210,Bungalow,Semi-Detached,1950-1966,Rented (social),Mains Gas,D,Yes,Nottingham,281,49,Average,Good,Good,Good
P2211,Bungalow,End-Terrace,1950-1966,Rented (social),Mains Gas,D,Yes,Nottingham,283,50,Average,Good,Good,Good
P2212,Bungalow,Semi-Detached,1967-1975,Rented (social),Mains Gas,D,Yes,Nottingham,257,45,Average,Average,Good,Good
P2213,Bungalow,Detached,1991-1995,Rented (social),Mains Gas,C,Yes,Nottingham,226,40,Good,Good,Good,Good
P2214,Bungalow,Detached,1991-1995,Rented (social),Mains Gas,C,Yes,Nottingham,177,30,Good,Good,Poor,Good
P2215,Bungalow,End-Terrace,1950-1966,Rented (social),Mains Gas,C,Yes,Nottingham,151,27,Average,Good,Good,Good
P2216,Bungalow,Semi-Detached,1950-1966,Rented (social),Mains Gas,D,Yes,Nottingham,264,46,Average,Good,Average,Good
P2219,Bungalow,Semi-Detached,1991-1995,Rented (social),Mains Gas,D,Yes,Nottingham,244,43,Good,Good,Average,Good
P2220,Bungalow,End-Terrace,1950-1966,Rented (social),Mains Gas,B,Yes,Nottingham,136,25,Average,Good,Good,Good
P2221,Bungalow,Semi-Detached,1950-1966,Rented (social),Mains Gas,C,Yes,Nottingham,245,43,Average,Good,Good,Good
P2222,Bungalow,Detached,1976-1982,Rented (social),Mains Gas,D,Yes,Nottingham,247,43,Good,Good,Good,Good
P2224,Bungalow,Semi-Detached,1983-1990,Rented (social),Mains Gas,D,Yes,Nottingham,270,47,Good,Good,Good,Good
P2226,Bungalow,End-Terrace,1950-1966,Rented (social),Mains Gas,D,Yes,Nottingham,276,48,Average,Good,Good,Good
P2227,Bungalow,Semi-Detached,1900-1929,Rented (social),Mains Gas,D,Yes,Nottingham,213,37,Good,Good,Average,Good
P2228,Bungalow,Mid-Terrace,1967-1975,Rented (social),Mains Gas,B,Yes,Nottingham,114,21,Average,Good,Good,Good
P2231,Bungalow,Mid-Terrace,1950-1966,Rented (social),Mains Gas,D,Yes,Nottingham,311,55,Average,Good,Good,Good
P2232,Bungalow,Detached,1991-1995,Owner-occupied,Mains Gas,C,Yes,Nottingham,203,37,Good,Very Good,Poor,Good
P2233,Bungalow,Detached,1983-1990,Rented (social),Mains Gas,C,Yes,Nottingham,221,39,Good,Very Good,Average,Good
P2234,Bungalow,Semi-Detached,1996-2002,Rented (social),Mains Gas,C,Yes,Nottingham,166,30,Good,Good,Average,Good
P2237,Bungalow,End-Terrace,1950-1966,Rented (social),Mains Gas,B,Yes,Nottingham,148,27,Average,Good,Good,Good
P2238,Bungalow,Detached,1976-1982,Rented (social),Mains Gas,D,Yes,Nottingham,290,51,Good,Good,Good,Good
P2240,Bungalow,Detached,1991-1995,Rented (social),Mains Gas,B,Yes,Nottingham,133,24,Good,Good,Good,Good
P2241,Bungalow,Detached,1996-2002,Rented (social),Mains Gas,C,Yes,Nottingham,208,37,Good,Good,Average,Good
P2243,Bungalow,Semi-Detached,1967-1975,Rented (private),Mains Gas,D,Yes,Nottingham,286,56,Average,Very Poor,Average,Good
P2244,Bungalow,Detached,1991-1995,Rented (social),Mains Gas,D,Yes,Nottingham,252,44,Good,Good,Good,Good
P2245,Bungalow,Detached,1976-1982,Rented (social),Mains Gas,B,Yes,Nottingham,148,25,Good,Good,Poor,Good
P2246,Bungalow,Semi-Detached,1900-1929,Rented (social),Mains Gas,D,Yes,Nottingham,158,26,Good,Very Good,Average,Good
P2247,Bungalow,End-Terrace,1991-1995,Rented (social),Mains Gas,C,Yes,Nottingham,218,38,Good,Good,Average,Good
P2248,Bungalow,Detached,1991-1995,Rented (social),Mains Gas,C,Yes,Nottingham,170,29,Good,Good,Poor,Good
P2249,Bungalow,End-Terrace,1900-1929,Owner-occupied,Electricity,E,No,Nottingham,641,108,Poor,Good,Average,Average
P2250,Bungalow,Detached,1983-1990,Rented (social),Mains Gas,D,Yes,Nottingham,232,41,Good,Good,Good,Good
P2251,Bungalow,Detached,1991-1995,Rented (social),Mains Gas,D,Yes,Nottingham,241,42,Good,Good,Good,Good
P2252,Bungalow,Detached,2012 onwards,Rented (social),Mains Gas,B,Yes,Nottingham,97,18,Very Good,Very Good,Good,Good
P2253,Bungalow,Detached,1976-1982,Owner-occupied,Mains Gas,D,Yes,Nottingham,269,47,Average,Average,Poor,Good
P2254,Bungalow,Detached,1976-1982,Rented (social),Mains Gas,B,Yes,Nottingham,142,24,Good,Good,Average,Good
P2255,Bungalow,Detached,1976-1982,Rented (social),Mains Gas,C,Yes,Nottingham,231,41,Good,Good,Good,Good
P2256,Bungalow,Semi-Detached,1967-1975,Rented (social),Mains Gas,C,Yes,Nottingham,219,39,Very Good,Good,Average,Good
P2257,Bungalow,Semi-Detached,1950-1966,Rented (social),Mains Gas,D,Yes,Nottingham,261,46,Average,Average,Good,Good
P2258,Bungalow,Detached,1976-1982,Rented (social),Mains Gas,D,Yes,Nottingham,254,44,Good,Good,Good,Good
P2260,Bungalow,End-Terrace,1950-1966,Rented (social),Mains Gas,C,Yes,Nottingham,240,42,Average,Good,Good,Good
P2261,Bungalow,Detached,1983-1990,Rented (social),Mains Gas,C,Yes,Nottingham,165,29,Good,Very Good,Average,Good
P2262,Bungalow,Detached,1930-1949,Owner-occupied,Mains Gas,D,Yes,Nottingham,277,49,Very Poor,Good,Average,Good
P2263,Bungalow,Detached,1996-2002,Rented (social),Mains Gas,C,Yes,Nottingham,218,38,Good,Good,Good,Good
P2264,Bungalow,Mid-Terrace,1967-1975,Rented (social),Mains Gas,C,Yes,Nottingham,209,36,Very Good,Good,Average,Good
P2265,Bungalow,Detached,1976-1982,Owner-occupied,Mains Gas,D,Yes,Nottingham,189,31,Good,Good,Average,Good
P2266,Bungalow,Detached,1996-2002,Rented (social),Mains Gas,D,Yes,Nottingham,221,39,Good,Very Good,Average,Good
P2267,Bungalow,Detached,1976-1982,Rented (social),Mains Gas,D,Yes,Nottingham,251,44,Good,Good,Good,Good
P2268,Bungalow,Detached,1950-1966,Owner-occupied,Mains Gas,D,Yes,Nottingham,201,37,Good,Average,Poor,Good
P2269,Bungalow,Detached,1983-1990,Rented (social),Mains Gas,C,Yes,Nottingham,228,40,Good,Good,Good,Good
P2270,Bungalow,Detached,1991-1995,Rented (social),Mains Gas,C,Yes,Nottingham,231,41,Good,Good,Average,Good
P2271,Bungalow,Semi-Detached,1983-1990,Rented (social),Mains Gas,B,Yes,Nottingham,127,23,Good,Good,Good,Good
P2275,Bungalow,Detached,1976-1982,Rented (social),Mains Gas,C,Yes,Nottingham,234,41,Good,Good,Good,Good
P2276,Bungalow,Detached,1996-2002,Rented (social),Mains Gas,B,Yes,Nottingham,120,22,Good,Good,Good,Good
P2277,Bungalow,Detached,1976-1982,Rented (social),Mains Gas,D,Yes,Nottingham,245,43,Good,Good,Good,Good
P2278,Bungalow,End-Terrace,1967-1975,Rented (social),Community Heating,C,Yes,Nottingham,10,1,Good,Good,Poor,Average
P2280,Bungalow,Mid-Terrace,1983-1990,Rented (social),Mains Gas,B,Yes,Nottingham,151,25,Good,Good,Poor,Good
P2281,Bungalow,Detached,1991-1995,Rented (social),Mains Gas,D,Yes,Nottingham,258,45,Good,Good,Good,Good
P2282,Bungalow,Semi-Detached,1930-1949,Owner-occupied,Mains Gas,D,Yes,Nottingham,261,46,Very Poor,Good,Average,Good
P2283,Bungalow,Detached,1967-1975,Owner-occupied,Mains Gas,D,Yes,Nottingham,241,43,Good,Average,Very Poor,Good
P2284,Bungalow,Detached,1976-1982,Rented (social),Mains Gas,C,Yes,Nottingham,169,29,Good,Good,Average,Good
P2285,Bungalow,Detached,1967-1975,Rented (social),Mains Gas,C,Yes,Nottingham,193,33,Good,Good,Average,Good
P2286,Bungalow,Detached,1976-1982,Rented (social),Mains Gas,C,Yes,Nottingham,225,40,Good,Good,Good,Good
P2287,Bungalow,End-Terrace,1967-1975,Rented (social),Mains Gas,C,Yes,Nottingham,175,30,Very Good,Good,Poor,Good
P2288,Bungalow,Semi-Detached,1967-1975,Rented (social),Mains Gas,D,Yes,Nottingham,181,30,Good,Good,Average,Good
P2290,Bungalow,End-Terrace,2003-2006,Rented (social),Mains Gas,C,Yes,Nottingham,178,31,Good,Average,Good,Good
P2291,Bungalow,Mid-Terrace,1983-1990,Rented (social),Mains Gas,D,Yes,Nottingham,251,44,Good,Good,Average,Good
P2292,Bungalow,Mid-Terrace,1950-1966,Rented (social),Mains Gas,C,Yes,Nottingham,171,31,Average,Good,Good,Good
P2294,Bungalow,Mid-Terrace,1983-1990,Owner-occupied,Electricity,E,No,Nottingham,236,23,Good,Average,Poor,Very Poor
P2295,Bungalow,Detached,1976-1982,Rented (social),Mains Gas,D,Yes,Nottingham,267,47,Good,Good,Good,Good
P2297,Bungalow,Mid-Terrace,1996-2002,Rented (social),Mains Gas,C,Yes,Nottingham,219,38,Good,Good,Average,Good
P2298,Bungalow,Semi-Detached,1967-1975,Rented (social),Mains Gas,C,Yes,Nottingham,236,42,Good,Good,Good,Good
P2299,Bungalow,Detached,1976-1982,Rented (social),Mains Gas,B,Yes,Nottingham,87,16,Good,Good,Good,Good
P2302,Flat,Not Recorded,1900-1929,Owner-occupied,Mains Gas,D,Yes,Nottingham,264,49,Poor,Poor,Very Poor,Good
P2303,Flat,Mid-Terrace,1930-1949,Rented (social),Mains Gas,C,Yes,Nottingham,187,33,Average,Good,Good,Good
P2304,Flat,Semi-Detached,1967-1975,Owner-occupied,Electricity,D,No,Nottingham,351,59,Average,Good,Average,Very Poor
P2305,Flat,Not Recorded,1983-1990,Owner-occupied,Mains Gas,C,Yes,Nottingham,143,25,Good,Average,Poor,Good
P2306,Flat,Mid-Terrace,2007-2011,Rented (private),Electricity,C,No,Nottingham,258,44,Good,Good,Good,Average
P2307,Flat,Not Recorded,2007-2011,Owner-occupied,Electricity,C,No,Nottingham,138,13,Good,Good,Average,Good
P2308,Flat,Not Recorded,1900-1929,Rented (private),Mains Gas,D,Yes,Nottingham,214,37,Very Poor,Average,Poor,Good
P2310,Flat,Detached,2007-2011,Rented (private),Mains Gas,B,Yes,Nottingham,100,18,Good,Good,Good,Good
P2311,Flat,Not Recorded,1930-1949,Rented (private),Community Heating,D,No,Nottingham,129,13,Good,Very Good,Average,Very Poor
P2312,Flat,Not Recorded,1991-1995,Owner-occupied,Electricity,C,Yes,Nottingham,325,53,Good,Average,Average,Very Poor
P2313,Flat,Semi-Detached,1996-2002,Rented (social),Mains Gas,C,Yes,Nottingham,159,28,Good,Very Good,Good,Good
P2315,Flat,Mid-Terrace,2007-2011,Owner-occupied,Electricity,C,No,Nottingham,197,33,Good,Good,Good,Very Poor
P2316,Flat,Semi-Detached,1976-1982,Rented (private),Electricity,D,No,Nottingham,290,49,Average,Average,Good,Very Poor
P2317,Flat,Enclosed End-Terrace,1967-1975,Rented (social),Mains Gas,C,Yes,Nottingham,186,33,Average,Good,Good,Good
P2319,Flat,Semi-Detached,1983-1990,Rented (social),Mains Gas,D,Yes,Nottingham,254,44,Good,Average,Average,Good
P2320,Flat,Not Recorded,1991-1995,Rented (social),Mains Gas,C,Yes,Nottingham,172,31,Good,Good,Poor,Good
P2322,Flat,Mid-Terrace,1976-1982,Rented (social),Mains Gas,C,Yes,Nottingham,165,29,Good,Good,Good,Good
P2323,Flat,Mid-Terrace,1950-1966,Rented (private),Mains Gas,D,Yes,Nottingham,356,62,Very Poor,Very Poor,Average,Good
P2324,Flat,Mid-Terrace,1950-1966,Rented (social),Mains Gas,D,Yes,Nottingham,337,59,Very Poor,Very Poor,Average,Good
P2325,Flat,Not Recorded,1930-1949,Rented (social),Mains Gas,C,Yes,Nottingham,171,28,Good,Very Good,Average,Good
P2326,Flat,Mid-Terrace,1950-1966,Rented (social),Electricity,E,No,Nottingham,533,90,Good,Very Poor,Good,Average
P2328,Flat,Enclosed Mid-Terrace,1991-1995,Rented (social),Mains Gas,C,No,Nottingham,164,29,Good,Good,Good,Good
P2329,Flat,Mid-Terrace,1950-1966,Rented (social),Mains Gas,C,Yes,Nottingham,156,27,Average,Good,Good,Good
P2330,Flat,Not Recorded,1976-1982,Rented (social),Mains Gas,C,Yes,Nottingham,106,17,Good,Very Good,Average,Good
P2331,Flat,Not Recorded,2012-2021,Rented (social),Mains Gas,C,Yes,Nottingham,117,21,Good,Good,Average,Good
P2332,Flat,End-Terrace,1976-1982,Rented (social),Mains Gas,C,Yes,Nottingham,200,35,Average,Good,Good,Good
P2334,Flat,Semi-Detached,1991-1995,Rented (social),Mains Gas,C,Yes,Nottingham,214,38,Good,Very Good,Average,Good
P2335,Flat,End-Terrace,1976-1982,Rented (social),Mains Gas,C,Yes,Nottingham,209,37,Good,Poor,Good,Good
P2336,Flat,Mid-Terrace,1996-2002,Owner-occupied,Electricity,C,No,Nottingham,200,34,Good,Good,Average,Poor
P2338,Flat,Mid-Terrace,1967-1975,Rented (social),Mains Gas,C,Yes,Nottingham,153,27,Average,Good,Good,Good
P2339,Flat,Not Recorded,1900-1929,Rented (private),Mains Gas,D,Yes,Nottingham,254,46,Poor,Average,Poor,Good
P2341,Flat,Detached,2003-2006,Owner-occupied,Electricity,D,No,Nottingham,293,49,Good,Good,Average,Very Poor
P2342,Flat,Not Recorded,1900-1929,Owner-occupied,Mains Gas,C,Yes,Nottingham,191,35,Poor,Average,Poor,Good
P2343,Flat,Not Recorded,1976-1982,Owner-occupied,Mains Gas,D,Yes,Nottingham,235,42,Good,Poor,Average,Average
P2345,Flat,Not Recorded,1983-1990,Rented (social),Mains Gas,C,Yes,Nottingham,201,35,Good,Good,Average,Average
P2346,Flat,Detached,1967-1975,Rented (social),Mains Gas,D,Yes,Nottingham,360,64,Very Poor,Very Poor,Good,Good
P2347,Flat,Semi-Detached,1900-1929,Rented (social),Mains Gas,C,Yes,Nottingham,215,38,Poor,Good,Average,Good
P2348,Flat,Not Recorded,2003-2006,Rented (private),Electricity,C,No,Nottingham,228,38,Good,Very Good,Average,Very Poor
P2349,Flat,Not Recorded,2012-2021,Rented (private),Mains Gas,C,Yes,Nottingham,113,20,Good,Good,Average,Good
P2350,Flat,Not Recorded,1930-1949,Rented (private),Mains Gas,C,Yes,Nottingham,189,34,Poor,Very Good,Average,Good
P2353,Flat,Not Recorded,1976-1982,Rented (social),Mains Gas,C,Yes,Nottingham,158,28,Good,Average,Poor,Good
P2354,Flat,Semi-Detached,1950-1966,Rented (social),Mains Gas,C,Yes,Nottingham,234,41,Average,Good,Good,Good
P2355,Flat,Mid-Terrace,1900-1929,Rented (private),Mains Gas,C,Yes,Nottingham,157,28,Poor,Very Good,Average,Good
P2356,Flat,Not Recorded,2003-2006,Rented (private),Electricity,C,No,Nottingham,109,10,Good,Good,Average,Poor
P2357,Flat,Not Recorded,before 1900,Rented (private),Mains Gas,E,Yes,Nottingham,334,60,Very Poor,Very Poor,Average,Good
P2360,Flat,Not Recorded,1900-1929,Rented (private),Electricity,B,No,Nottingham,72,7,Good,Very Good,Average,Average
P2362,Flat,Not Recorded,1991-1995,Rented (social),Mains Gas,C,Yes,Nottingham,178,30,Good,Good,Average,Good
P2363,Flat,Not Recorded,1900-1929,Rented (private),Mains Gas,D,Yes,Nottingham,241,44,Very Poor,Average,Very Poor,Good
P2365,Flat,End-Terrace,2007-2011,Owner-occupied,Electricity,C,No,Nottingham,244,41,Good,Good,Good,Average
P2368,Flat,End-Terrace,1900-1929,Rented (social),Mains Gas,E,Yes,Nottingham,375,66,Very Poor,Very Poor,Good,Good
P2369,Flat,Mid-Terrace,1950-1966,Rented (social),Mains Gas,C,Yes,Nottingham,196,34,Average,Good,Good,Good
P2370,Flat,Semi-Detached,1950-1966,Rented (social),Mains Gas,C,Yes,Nottingham,220,38,Average,Good,Good,Good
P2371,Flat,Mid-Terrace,1950-1966,Rented (social),Mains Gas,C,Yes,Nottingham,187,33,Average,Good,Good,Good
P2372,Flat,Not Recorded,1983-1990,Not defined - use in the case of a new dwelling for which the intended tenure in not known. It is not to be used for an existing dwelling,Mains Gas,C,Yes,Nottingham,170,31,Good,Average,Average,Good
P2373,Flat,Mid-Terrace,2012 onwards,Owner-occupied,Electricity,C,No,Nottingham,215,36,Very Good,Good,Good,Very Poor
P2374,Flat,Mid-Terrace,1976-1982,Rented (social),Mains Gas,C,Yes,Nottingham,187,33,Average,Good,Good,Good
P2375,Flat,Semi-Detached,1967-1975,Rented (social),Mains Gas,C,Yes,Nottingham,212,37,Average,Good,Good,Good
P2376,Flat,End-Terrace,1967-1975,Rented (social),Mains Gas,C,Yes,Nottingham,237,42,Poor,Good,Average,Good
P2377,Flat,Mid-Terrace,1900-1929,Rented (private),Mains Gas,D,Yes,Nottingham,237,42,Very Poor,Good,Poor,Average
P2378,Flat,Semi-Detached,1930-1949,Rented (social),Mains Gas,D,No,Nottingham,291,51,Poor,Good,Average,Good
P2379,Flat,Not Recorded,2003-2006,Owner-occupied,Electricity,C,No,Nottingham,227,37,Good,Good,Average,Very Poor
P2380,Flat,Semi-Detached,2007-2011,Rented (private),Mains Gas,C,Yes,Nottingham,152,27,Good,Good,Good,Good
P2381,Flat,Semi-Detached,1991-1995,Owner-occupied,Electricity,C,No,Nottingham,400,68,Good,Average,Average,Average
P2382,Flat,Not Recorded,1900-1929,Rented (private),Mains Gas,C,Yes,Nottingham,115,19,Poor,Good,Poor,Good
P2383,Flat,Not Recorded,1900-1929,Rented (private),Mains Gas,C,Yes,Nottingham,158,34,Poor,Good,Very Poor,Good
P2384,Flat,Mid-Terrace,1900-1929,Rented (private),Electricity,C,No,Nottingham,101,10,Good,Good,Good,Poor
P2385,Flat,End-Terrace,1976-1982,Rented (private),Electricity,D,No,Nottingham,349,59,Good,Good,Average,Very Poor
P2386,Flat,Mid-Terrace,1967-1975,Rented (private),Mains Gas,C,Yes,Nottingham,198,35,Very Poor,Average,Average,Good
P2388,Flat,Detached,1967-1975,Rented (social),Mains Gas,C,Yes,Nottingham,230,40,Average,Good,Good,Good
P2389,Flat,Semi-Detached,1900-1929,Rented (private),Mains Gas,D,No,Nottingham,511,90,Very Poor,Very Poor,Good,Good
P2390,Flat,Detached,1991-1995,Rented (social),Electricity,A,No,Nottingham,212,36,Good,Very Good,Average,Average
P2391,Flat,End-Terrace,1967-1975,Rented (social),Mains Gas,C,Yes,Nottingham,229,40,Very Poor,Good,Good,Good
P2392,Flat,Not Recorded,1900-1929,Rented (private),Mains Gas,C,Yes,Nottingham,187,34,Poor,Very Good,Poor,Good
P2394,Flat,Semi-Detached,1967-1975,Rented (social),Mains Gas,C,Yes,Nottingham,224,39,Good,Good,Good,Good
P2395,Flat,Enclosed Mid-Terrace,1967-1975,Rented (private),Electricity,D,No,Nottingham,502,85,Average,Very Poor,Average,Very Poor
P2396,Flat,End-Terrace,1976-1982,Rented (social),Mains Gas,C,Yes,Nottingham,157,28,Good,Good,Good,Good
P2397,Flat,End-Terrace,1967-1975,Rented (social),Mains Gas,C,Yes,Nottingham,226,40,Average,Good,Good,Good
P2398,Flat,Semi-Detached,1967-1975,Rented (social),Mains Gas,C,Yes,Nottingham,217,38,Average,Good,Good,Good
P2401,Flat,Not Recorded,2012-2021,Rented (social),Mains Gas,B,Yes,Nottingham,99,18,Good,Good,Average,Good
P2402,Flat,Not Recorded,1976-1982,Rented (social),Mains Gas,C,Yes,Nottingham,146,25,Average,Good,Average,Good
P2403,Flat,Not Recorded,1900-1929,Rented (social),Mains Gas,C,Yes,Nottingham,185,32,Very Poor,Average,Poor,Good
P2404,Flat,Semi-Detached,1900-1929,Rented (private),Electricity,C,No,Nottingham,169,14,Very Poor,Very Good,Poor,Good
P2406,Flat,Semi-Detached,before 1900,Owner-occupied,Mains Gas,D,Yes,Nottingham,335,59,Very Poor,Very Poor,Poor,Good
P2407,Flat,Semi-Detached,1930-1949,Rented (private),Mains Gas,C,Yes,Nottingham,233,41,Very Poor,Good,Average,Good
P2408,Flat,End-Terrace,1900-1929,Rented (private),Mains Gas,C,Yes,Nottingham,220,40,Very Poor,Good,Poor,Good
P2409,Flat,Detached,1967-1975,Rented (social),Mains Gas,D,Yes,Nottingham,318,56,Average,Very Poor,Good,Good
P2410,Flat,Not Recorded,1900-1929,Rented (social),Mains Gas,D,Yes,Nottingham,252,46,Very Poor,Average,Average,Good
P2411,Flat,Not Recorded,1900-1929,Rented (private),Mains Gas,D,Yes,Nottingham,209,38,Very Poor,Average,Average,Good
P2412,Flat,Semi-Detached,1900-1929,Rented (social),Mains Gas,C,Yes,Nottingham,218,38,Very Poor,Very Good,Average,Good
P2413,Flat,Semi-Detached,2012 onwards,Rented (social),Mains Gas,C,No,Nottingham,136,24,Very Good,Good,Good,Good
P2414,Flat,End-Terrace,1900-1929,Rented (private),Mains Gas,C,Yes,Nottingham,221,39,Very Poor,Very Good,Average,Good
P2415,Flat,Not Recorded,1976-1982,Owner-occupied,Electricity,D,No,Nottingham,123,12,Good,Good,Average,Very Poor
P2417,Flat,Not Recorded,2003-2006,Owner-occupied,Electricity,C,No,Nottingham,285,48,Good,Good,Average,Very Poor
P2418,Flat,Not Recorded,1967-1975,Owner-occupied,Mains Gas,D,Yes,Nottingham,258,46,Poor,Poor,Poor,Good
P2419,Flat,Not Recorded,1983-1990,Rented (social),Mains Gas,C,Yes,Nottingham,153,26,Good,Good,Poor,Average
P2420,Flat,Semi-Detached,1950-1966,Rented (social),Mains Gas,C,Yes,Nottingham,173,30,Average,Good,Good,Good
P2421,Flat,Not Recorded,1950-1966,Owner-occupied,Mains Gas,C,Yes,Nottingham,139,25,Good,Average,Average,Good
P2422,Flat,End-Terrace,1900-1929,Rented (private),Mains Gas,D,Yes,Nottingham,405,71,Very Poor,Poor,Good,Good
P2423,Flat,Semi-Detached,1976-1982,Owner-occupied,Mains Gas,C,Yes,Nottingham,137,24,Good,Very Good,Average,Good
P2424,Flat,Semi-Detached,1900-1929,Rented (social),Mains Gas,D,Yes,Nottingham,269,47,Poor,Very Poor,Average,Good
P2425,Flat,Semi-Detached,1967-1975,Rented (social),Mains Gas,C,Yes,Nottingham,210,37,Poor,Good,Average,Good
P2427,Flat,Not Recorded,1900-1929,Rented (private),Mains Gas,C,Yes,Nottingham,198,36,Very Poor,Good,Poor,Good
P2428,Flat,End-Terrace,1967-1975,Rented (social),Mains Gas,C,Yes,Nottingham,169,30,Average,Good,Good,Good
P2429,Flat,Not Recorded,2003-2006,Rented (private),Electricity,C,No,Nottingham,247,42,Good,Very Good,Average,Very Poor
P2430,Flat,Enclosed End-Terrace,1900-1929,Rented (social),Electricity,B,No,Nottingham,149,25,Good,Very Good,Average,Average
P2432,Flat,Not Recorded,1976-1982,Rented (social),Mains Gas,C,Yes,Nottingham,139,24,Good,Very Good,Average,Good
P2433,Flat,Not Recorded,1991-1995,Rented (social),Mains Gas,C,Yes,Nottingham,332,61,Good,Good,Average,Average
P2434,Flat,End-Terrace,2007-2011,Owner-occupied,Mains Gas,C,Yes,Nottingham,154,27,Good,Good,Good,Good
P2435,Flat,Semi-Detached,1900-1929,Rented (social),Mains Gas,D,Yes,Nottingham,319,56,Very Poor,Good,Good,Good
P2437,Flat,Semi-Detached,1950-1966,Rented (social),Mains Gas,D,Yes,Nottingham,279,49,Good,Very Poor,Good,Good
P2439,Flat,Semi-Detached,1983-1990,Rented (social),Mains Gas,C,Yes,Nottingham,203,36,Good,Good,Average,Good
P2440,Flat,End-Terrace,1900-1929,Rented (private),Electricity,E,No,Nottingham,379,64,Good,Very Good,Average,Very Poor
P2441,Flat,End-Terrace,1950-1966,Rented (social),Electricity,E,No,Nottingham,624,105,Good,Very Poor,Good,Average
P2442,Flat,End-Terrace,1967-1975,Rented (social),Mains Gas,D,Yes,Nottingham,251,44,Very Poor,Good,Good,Good
P2446,Flat,Mid-Terrace,before 1900,Rented (social),Mains Gas,D,Yes,Nottingham,208,34,Poor,Good,Poor,Good
P2447,Flat,Mid-Terrace,1967-1975,Rented (social),Mains Gas,C,Yes,Nottingham,185,33,Average,Very Good,Good,Good
P2448,Flat,Not Recorded,1950-1966,Owner-occupied,Mains Gas,C,Yes,Nottingham,217,39,Poor,Average,Good,Good
P2449,Flat,End-Terrace,1976-1982,Rented (social),Mains Gas,C,Yes,Nottingham,252,46,Good,Average,Poor,Average
P2450,Flat,Not Recorded,1991-1995,Rented (social),Mains Gas,C,Yes,Nottingham,137,22,Good,Very Good,Poor,Good
P2451,Flat,Not Recorded,2012-2021,Rented (private),Mains Gas,C,Yes,Nottingham,96,16,Good,Good,Average,Good
P2452,Flat,Semi-Detached,1900-1929,Owner-occupied,Mains Gas,C,Yes,Nottingham,260,46,Very Poor,Average,Very Poor,Good
P2455,Flat,Semi-Detached,1930-1949,Owner-occupied,Mains Gas,E,Yes,Nottingham,415,73,Very Poor,Good,Good,Good
P2456,Flat,Mid-Terrace,1976-1982,Rented (social),Mains Gas,C,Yes,Nottingham,148,26,Good,Good,Good,Good
P2458,Flat,Not Recorded,1900-1929,Owner-occupied,Electricity,D,No,Nottingham,179,17,Poor,Good,Average,Poor
P2459,Flat,Mid-Terrace,1991-1995,Rented (private),Electricity,B,No,Nottingham,230,39,Good,Very Good,Good,Average
P2460,Flat,Detached,1983-1990,Rented (private),Mains Gas,C,Yes,Nottingham,209,37,Good,Average,Good,Good
P2461,Flat,Not Recorded,1900-1929,Rented (private),Electricity,C,No,Nottingham,180,17,Good,Average,Average,Average
P2463,Flat,Not Recorded,1983-1990,Rented (social),Mains Gas,C,Yes,Nottingham,171,30,Good,Very Good,Poor,Average
P2464,Flat,Mid-Terrace,1950-1966,Rented (social),Mains Gas,D,Yes,Nottingham,308,54,Very Poor,Very Poor,Average,Good
P2465,Flat,Semi-Detached,1976-1982,Rented (social),Community Heating,C,No,Nottingham,136,7,Good,Good,Good,Good
P2466,Flat,Not Recorded,1976-1982,Rented (private),Mains Gas,C,Yes,Nottingham,137,23,Good,Very Good,Good,Good
P2467,Flat,Not Recorded,1900-1929,Owner-occupied,Electricity,C,No,Nottingham,141,13,Good,Good,Poor,Poor
P2468,Flat,Not Recorded,1996-2002,Owner-occupied,Electricity,C,No,Nottingham,118,11,Good,Average,Average,Poor
P2469,Flat,Mid-Terrace,1983-1990,Rented (social),Mains Gas,C,Yes,Nottingham,226,41,Good,Average,Poor,Average
P2470,Flat,End-Terrace,1967-1975,Rented (social),Electricity,D,No,Nottingham,351,59,Good,Good,Good,Very Poor
P2472,Flat,Not Recorded,1967-1975,Rented (social),Electricity,D,No,Nottingham,204,19,Poor,Good,Average,Average
P2473,Flat,Mid-Terrace,1950-1966,Rented (social),Electricity,E,No,Nottingham,532,90,Good,Very Poor,Good,Average
P2474,Flat,Not Recorded,1976-1982,Rented (social),Mains Gas,C,Yes,Nottingham,143,26,Good,Good,Average,Good
P2475,Flat,Semi-Detached,1900-1929,Rented (private),Mains Gas,C,Yes,Nottingham,208,37,Very Poor,Average,Good,Good
P2476,Flat,Semi-Detached,1976-1982,Rented (social),Mains Gas,C,Yes,Nottingham,220,38,Good,Good,Good,Good
P2477,Flat,Not Recorded,before 1900,Rented (private),Mains Gas,C,Yes,Nottingham,154,28,Good,Average,Very Poor,Good
P2478,Flat,Mid-Terrace,1950-1966,Rented (social),Mains Gas,D,Yes,Nottingham,329,58,Very Poor,Very Poor,Good,Good
P2479,Maisonette,Enclosed Mid-Terrace,1900-1929,Owner-occupied,Electricity,D,No,Nottingham,460,78,Poor,Poor,Average,Average
P2480,Maisonette,Mid-Terrace,1976-1982,Rented (social),Mains Gas,C,Yes,Nottingham,146,26,Good,Average,Good,Good
P2481,Maisonette,Mid-Terrace,1976-1982,Rented (social),Mains Gas,C,Yes,Nottingham,157,28,Good,Good,Good,Good
P2482,Maisonette,Mid-Terrace,1950-1966,Rented (social),Mains Gas,C,Yes,Nottingham,159,28,Average,Good,Good,Good
P2483,Maisonette,Mid-Terrace,1950-1966,Rented (social),Electricity,E,No,Nottingham,322,54,Very Poor,Good,Average,Very Poor
P2485,Maisonette,Not Recorded,1900-1929,Rented (social),Mains Gas,D,Yes,Nottingham,298,53,Very Poor,Very Poor,Average,Good
P2486,Maisonette,Not Recorded,1976-1982,Rented (private),Mains Gas,C,Yes,Nottingham,166,30,Average,Average,Average,Good
P2487,Maisonette,End-Terrace,1967-1975,Rented (social),Mains Gas,C,Yes,Nottingham,219,39,Poor,Good,Average,Good
P2489,Maisonette,Semi-Detached,1900-1929,Owner-occupied,Mains Gas,D,Yes,Nottingham,227,40,Very Poor,Very Good,Very Poor,Good
P2490,Maisonette,Mid-Terrace,before 1900,Rented (social),Mains Gas,D,Yes,Nottingham,339,60,Very Poor,Very Poor,Average,Good
P2492,Maisonette,Not Recorded,1900-1929,Rented (private),Mains Gas,D,Yes,Nottingham,238,43,Poor,Average,Poor,Good
P2493,Maisonette,Not Recorded,1976-1982,Owner-occupied,Mains Gas,C,Yes,Nottingham,125,23,Good,Good,Poor,Good
P2494,Maisonette,Mid-Terrace,1900-1929,Rented (private),Mains Gas,D,Yes,Nottingham,265,47,Poor,Very Poor,Average,Good
P2495,Maisonette,Not Recorded,1991-1995,Rented (private),Electricity,D,No,Nottingham,160,15,Good,Good,Poor,Average
P2496,Maisonette,Mid-Terrace,1950-1966,Owner-occupied,Mains Gas,D,Yes,Nottingham,370,65,Poor,Very Poor,Average,Good
P2497,Maisonette,End-Terrace,1900-1929,Rented (private),Mains Gas,C,Yes,Nottingham,155,27,Very Poor,Very Good,Average,Good
P2498,Maisonette,Mid-Terrace,1967-1975,Rented (social),Electricity,E,No,Nottingham,553,93,Average,Good,Average,Average
P2501,Maisonette,Semi-Detached,1976-1982,Rented (social),Mains Gas,C,Yes,Nottingham,146,26,Good,Poor,Good,Good
