temp_sensor_1,temp_sensor_2,temp_sensor_3,temp_sensor_4,co2,co2_slope,occupancy_count
24.94,24.75,24.56,25.38,390,0.769230769231,1
24.94,24.75,24.56,25.44,390,0.646153846154,1
25.0,24.75,24.5,25.44,390,0.519230769231,1
25.0,24.75,24.56,25.44,390,0.388461538462,1
25.0,24.75,24.56,25.44,390,0.253846153846,1
25.0,24.81,24.56,25.44,390,0.165384615385,1
25.0,24.75,24.56,25.44,390,0.0769230769231,1
25.0,24.81,24.56,25.44,390,-0.0115384615385,1
25.0,24.81,24.56,25.5,390,-0.1,1
25.0,24.81,24.56,25.5,390,-0.188461538462,1
25.06,24.81,24.56,25.44,390,-0.276923076923,1
25.06,24.81,24.56,25.5,390,-0.365384615385,1
25.06,24.88,24.63,25.5,390,-0.453846153846,1
25.06,24.81,24.63,25.56,390,-0.542307692308,1
25.06,24.88,24.63,25.56,390,-0.630769230769,1
25.06,24.88,24.63,25.56,390,-0.719230769231,1
25.06,24.88,24.63,25.56,395,-0.711538461538,1
25.06,24.81,24.63,25.56,395,-0.653846153846,1
25.06,24.81,24.63,25.56,395,-0.542307692308,1
25.06,24.88,24.63,25.5,395,-0.373076923077,1
25.13,24.88,24.63,25.5,390,-0.238461538462,1
25.06,24.88,24.63,25.56,395,-0.0923076923077,1
25.13,24.88,24.63,25.56,395,0.0615384615385,1
25.13,24.88,24.63,25.56,400,0.319230769231,1
25.13,24.88,24.63,25.5,400,0.334615384615,1
25.13,24.88,24.69,25.5,400,0.388461538462,1
25.13,24.88,24.69,25.5,405,0.480769230769,1
25.13,24.88,24.69,25.56,410,0.607692307692,1
25.13,24.88,24.69,25.56,410,0.719230769231,1
25.13,24.88,24.69,25.56,405,0.769230769231,1
25.19,24.88,24.69,25.56,405,0.807692307692,1
25.19,24.88,24.69,25.56,400,0.788461538462,1
25.19,24.88,24.69,25.56,410,0.853846153846,1
25.19,24.88,24.69,25.56,410,0.903846153846,1
25.19,24.88,24.69,25.69,405,0.892307692308,1
25.19,24.88,24.69,25.63,410,0.915384615385,1
25.19,24.88,24.69,25.63,410,0.923076923077,1
25.19,24.94,24.69,25.56,415,0.961538461538,1
25.19,24.88,24.69,25.56,420,1.02692307692,1
25.19,24.94,24.69,25.56,425,1.11538461538,1
25.19,24.94,24.75,25.56,425,1.17692307692,1
25.19,24.94,24.69,25.63,420,1.21538461538,1
25.19,24.94,24.75,25.63,420,1.23461538462,1
25.19,24.94,24.69,25.63,420,1.23461538462,1
25.19,24.88,24.69,25.63,420,1.21538461538,1
25.19,24.94,24.75,25.63,425,1.17307692308,1
25.19,24.94,24.75,25.63,430,1.2,1
25.25,24.94,24.75,25.63,430,1.2,1
25.25,24.94,24.75,25.63,435,1.26923076923,1
25.25,24.94,24.75,25.56,425,1.21923076923,1
25.25,24.94,24.75,25.69,425,1.15,1
25.25,24.94,24.75,25.63,420,1.06538461538,1
25.25,24.94,24.75,25.63,420,1.01923076923,1
25.25,24.94,24.75,25.63,420,0.965384615385,1
25.25,24.94,24.75,25.69,430,0.946153846154,1
25.25,24.94,24.75,25.69,435,0.953846153846,1
25.25,24.94,24.81,25.63,430,0.842307692308,1
25.25,24.94,24.75,25.63,445,0.946153846154,1
25.25,24.94,24.75,25.56,440,0.976923076923,1
25.25,25.0,24.81,25.63,440,0.934615384615,1
25.25,24.94,24.81,25.69,435,0.869230769231,1
25.25,25.0,24.81,25.69,430,0.738461538462,1
25.25,25.0,24.81,25.63,435,0.688461538462,1
25.25,25.0,24.81,25.69,440,0.719230769231,1
25.31,25.0,24.81,25.69,445,0.830769230769,1
25.31,25.0,24.81,25.63,445,0.926923076923,1
25.31,25.0,24.81,25.63,445,0.957692307692,1
25.31,25.0,24.81,25.69,445,0.969230769231,1
25.31,25.0,24.81,25.75,440,0.915384615385,1
25.31,25.0,24.81,25.75,440,0.846153846154,1
25.31,25.0,24.81,25.75,445,0.857692307692,1
25.31,25.0,24.81,25.69,445,0.903846153846,1
25.31,25.0,24.81,25.75,450,0.984615384615,1
25.31,25.25,24.88,25.75,450,1.1,1
25.31,25.63,24.81,25.75,450,1.10384615385,1
25.38,25.44,24.81,25.69,450,1.08846153846,2
25.38,25.44,24.81,25.75,450,1.00384615385,2
25.38,25.44,24.88,25.75,450,0.896153846154,2
25.38,25.44,24.81,25.75,445,0.719230769231,2
25.38,25.38,24.81,25.81,445,0.623076923077,2
25.38,25.38,24.88,25.81,450,0.611538461538,2
25.38,25.44,24.81,25.81,450,0.538461538462,2
25.38,25.44,24.88,25.69,455,0.646153846154,2
25.38,25.44,24.81,25.81,455,0.696153846154,2
25.38,25.31,24.88,25.75,450,0.688461538462,2
25.38,25.38,24.88,25.75,450,0.623076923077,2
25.38,25.38,24.88,25.75,445,0.45,2
25.38,25.44,24.88,25.75,450,0.361538461538,2
25.44,25.44,24.88,25.75,450,0.311538461538,2
25.44,25.38,24.88,25.81,450,0.303846153846,2
25.44,25.38,24.88,25.81,460,0.384615384615,2
25.44,25.44,24.88,25.81,460,0.453846153846,2
25.44,25.5,24.88,25.75,475,0.65,2
25.44,25.56,24.88,25.75,480,0.819230769231,2
25.44,25.5,24.88,25.75,480,0.957692307692,2
25.44,25.56,24.94,25.75,485,1.16153846154,2
25.44,25.56,24.94,25.81,490,1.38076923077,2
25.44,25.56,24.94,25.75,500,1.70769230769,2
25.5,25.56,24.88,25.81,500,1.99615384615,2
25.5,25.56,24.88,25.81,500,2.24615384615,2
25.44,25.56,24.94,25.88,500,2.45769230769,2
25.44,25.56,24.94,25.81,510,2.72307692308,2
25.5,25.56,24.94,25.81,510,2.94230769231,2
25.5,25.56,24.94,25.75,515,3.11153846154,2
25.44,25.63,24.94,25.81,515,3.22692307692,2
25.5,25.63,24.94,25.81,515,3.33846153846,2
25.5,25.63,24.94,25.88,520,3.44615384615,2
25.5,25.63,24.94,25.81,525,3.59615384615,2
25.5,25.63,24.94,25.81,530,3.73846153846,2
25.5,25.56,24.94,25.81,540,3.86538461538,2
25.5,25.63,24.94,25.81,540,3.92307692308,2
25.5,25.63,24.94,25.81,545,3.90769230769,2
25.56,25.63,24.94,25.81,545,3.86538461538,2
25.56,25.69,25.0,25.94,545,3.75,2
25.56,25.69,25.0,25.81,550,3.60769230769,2
25.5,25.69,24.94,25.81,550,3.48846153846,2
25.56,25.69,25.0,25.81,550,3.3,2
25.56,25.69,25.0,25.81,555,3.23846153846,2
25.56,25.69,25.0,25.81,555,3.16538461538,2
25.56,25.75,25.0,25.81,555,3.03461538462,2
25.56,25.75,25.0,25.81,555,2.89615384615,2
25.56,25.75,25.0,25.88,560,2.8,1
25.56,25.69,25.0,25.88,560,2.75,1
25.56,25.75,25.0,25.88,560,2.65384615385,2
25.56,25.69,25.0,25.88,560,2.51153846154,2
25.56,25.75,25.0,25.94,565,2.36923076923,2
25.56,25.75,25.0,25.88,570,2.32307692308,2
25.56,25.69,25.0,25.94,570,2.23076923077,2
25.56,25.94,25.0,25.94,570,2.14230769231,2
25.56,26.38,25.0,25.94,580,2.10384615385,2
25.56,26.81,25.0,25.94,580,2.01538461538,2
25.56,26.81,25.06,25.88,585,1.97307692308,2
25.56,27.0,25.0,25.94,590,1.97692307692,2
25.56,26.94,25.06,26.0,585,1.93461538462,2
25.56,27.19,25.06,25.88,590,1.99615384615,2
25.56,27.25,25.0,25.94,590,2.01923076923,2
25.56,27.44,25.06,26.0,600,2.14615384615,2
25.56,27.5,25.06,26.0,600,2.23076923077,2
25.56,27.56,25.06,26.0,595,2.22692307692,2
25.56,27.75,25.06,26.0,605,2.32692307692,2
25.56,27.94,25.06,25.94,595,2.29230769231,2
25.56,27.69,25.06,26.06,595,2.22307692308,2
25.56,27.5,25.06,26.0,590,2.12307692308,2
25.56,27.44,25.06,26.06,590,1.99615384615,2
25.56,27.56,25.06,26.0,590,1.84230769231,2
25.56,27.38,25.06,25.94,590,1.66153846154,2
25.63,27.31,25.06,25.94,595,1.55,2
25.63,27.31,25.06,25.94,595,1.41153846154,2
25.63,27.38,25.06,25.94,595,1.24615384615,2
25.63,27.38,25.13,25.94,600,1.1,2
25.63,27.44,25.06,25.94,610,1.06538461538,2
25.63,27.38,25.06,25.94,605,1.0,2
25.63,27.44,25.06,25.94,610,0.953846153846,2
25.63,27.56,25.06,25.94,615,0.923076923077,2
25.63,27.5,25.06,25.94,615,0.957692307692,2
25.69,27.56,25.06,25.88,620,1.01153846154,2
25.63,27.5,25.06,25.94,625,1.13076923077,2
25.63,27.56,25.06,25.94,630,1.31538461538,2
25.63,27.63,25.13,26.0,630,1.41923076923,2
25.63,27.63,25.13,25.94,630,1.53846153846,2
25.63,27.81,25.13,26.0,630,1.62692307692,2
25.63,28.0,25.13,26.0,625,1.73846153846,2
25.69,28.19,25.13,26.0,625,1.83076923077,2
25.69,28.13,25.13,25.94,630,1.9,2
25.69,28.06,25.13,26.0,630,2.04230769231,2
25.69,27.88,25.13,26.0,625,2.01923076923,2
25.69,27.81,25.13,26.0,635,2.06538461538,2
25.69,27.75,25.13,26.0,635,2.03076923077,2
25.69,27.94,25.13,26.06,635,1.96153846154,2
25.63,28.0,25.13,26.06,630,1.81153846154,2
25.69,28.19,25.13,26.06,635,1.67692307692,2
25.69,28.13,25.13,26.06,635,1.55769230769,2
25.69,28.13,25.13,26.06,635,1.40769230769,2
25.69,28.19,25.13,26.06,635,1.22692307692,2
25.69,28.19,25.13,26.06,640,1.11153846154,2
25.69,28.13,25.13,26.06,645,1.11153846154,2
25.69,28.0,25.19,26.06,650,1.08076923077,2
25.69,28.13,25.13,26.0,645,1.01923076923,2
25.69,28.13,25.13,26.0,650,1.02692307692,2
25.69,28.31,25.13,26.0,640,0.915384615385,2
25.69,28.31,25.19,26.0,640,0.834615384615,2
25.69,28.38,25.13,26.06,645,0.834615384615,2
25.69,28.5,25.19,26.06,645,0.869230769231,2
25.69,28.5,25.19,26.0,640,0.846153846154,2
25.69,28.5,25.19,26.06,645,0.861538461538,2
25.69,28.44,25.19,26.0,640,0.819230769231,2
25.75,28.38,25.19,26.06,645,0.765384615385,2
25.69,28.25,25.19,26.0,645,0.696153846154,2
25.69,28.44,25.19,26.0,640,0.615384615385,2
25.69,28.38,25.19,26.06,640,0.526923076923,2
25.69,28.38,25.19,26.0,645,0.426923076923,2
25.69,28.44,25.19,26.0,645,0.411538461538,3
25.75,28.56,25.19,26.06,650,0.434615384615,3
25.75,28.56,25.25,26.06,645,0.4,3
25.75,28.63,25.25,26.06,655,0.4,3
25.75,28.56,25.31,26.06,655,0.430769230769,3
25.75,28.44,25.31,26.06,660,0.492307692308,3
25.75,28.31,25.31,26.0,660,0.534615384615,3
25.75,28.5,25.31,26.06,655,0.511538461538,3
25.81,28.69,25.31,26.13,660,0.569230769231,2
25.75,28.69,25.31,26.06,665,0.707692307692,2
25.75,28.63,25.31,26.06,665,0.880769230769,2
25.81,28.81,25.31,26.06,670,1.03846153846,3
25.81,28.75,25.31,26.06,680,1.31923076923,3
25.81,28.88,25.31,26.06,675,1.43076923077,3
25.81,28.81,25.38,26.06,675,1.51538461538,3
25.81,28.81,25.38,26.13,675,1.62307692308,3
25.81,28.94,25.38,26.13,675,1.70769230769,3
25.81,28.94,25.31,26.13,685,1.81153846154,3
25.81,28.94,25.38,26.13,690,1.97692307692,3
25.81,29.0,25.38,26.06,690,2.05769230769,3
25.81,28.94,25.38,26.06,695,2.19615384615,3
25.81,28.94,25.38,26.06,695,2.29615384615,3
25.81,29.0,25.38,26.06,700,2.35384615385,3
25.81,28.94,25.38,26.06,695,2.31923076923,3
25.81,28.81,25.38,26.06,695,2.29230769231,3
25.94,28.19,25.5,26.19,810,3.28846153846,3
25.94,28.13,25.5,26.19,810,4.20769230769,3
25.94,28.13,25.5,26.19,810,4.95384615385,3
25.94,28.06,25.5,26.13,815,5.71923076923,3
25.94,28.13,25.5,26.19,815,6.36153846154,3
25.94,28.25,25.5,26.19,815,6.93076923077,3
25.94,28.25,25.5,26.13,815,7.38076923077,3
25.94,28.38,25.56,26.19,820,7.70769230769,3
25.94,28.19,25.5,26.13,835,8.09615384615,3
25.94,28.19,25.56,26.13,840,8.44615384615,3
25.94,28.25,25.56,26.13,840,8.66153846154,3
25.94,28.38,25.56,26.19,845,8.83846153846,3
25.94,28.25,25.56,26.13,845,8.98076923077,3
25.94,28.19,25.56,26.13,845,8.94615384615,3
25.94,28.13,25.56,26.19,845,8.78076923077,3
25.94,28.25,25.63,26.19,840,8.43846153846,3
25.94,28.0,25.63,26.19,840,7.96923076923,3
25.94,28.0,25.63,26.19,845,7.51923076923,3
26.0,27.94,25.63,26.19,850,7.04230769231,3
25.94,28.0,25.69,26.25,855,6.48846153846,3
26.0,28.0,25.69,26.19,850,5.81153846154,3
25.94,27.94,25.69,26.19,850,5.01538461538,3
26.0,27.81,25.69,26.19,845,4.10384615385,3
25.94,27.81,25.69,26.19,845,3.03076923077,3
25.94,27.75,25.69,26.19,850,1.88846153846,3
25.94,27.81,25.69,26.19,855,1.82307692308,3
26.0,27.75,25.69,26.19,855,1.72307692308,3
25.94,27.75,25.69,26.25,860,1.63461538462,3
26.0,27.88,25.75,26.25,855,1.51153846154,3
26.0,27.81,25.75,26.25,860,1.40384615385,3
26.0,27.81,25.75,26.19,860,1.26153846154,3
26.0,27.88,25.75,26.19,860,1.08461538462,3
26.0,27.88,25.75,26.25,860,0.923076923077,3
26.0,27.88,25.81,26.19,860,0.880769230769,3
26.0,27.94,25.81,26.19,865,0.915384615385,3
26.0,27.81,25.81,26.19,865,0.930769230769,3
26.0,27.81,25.81,26.19,865,0.976923076923,3
26.0,27.75,25.81,26.19,875,1.1,3
26.0,27.69,25.81,26.19,880,1.24615384615,3
26.0,27.75,25.81,26.25,875,1.31923076923,3
26.0,27.75,25.81,26.25,880,1.36538461538,3
26.0,27.63,25.88,26.25,885,1.42692307692,2
26.0,27.63,25.88,26.19,885,1.50384615385,2
26.0,27.63,25.88,26.25,875,1.50769230769,2
26.06,27.56,25.88,26.19,870,1.49615384615,2
26.06,27.56,25.88,26.19,875,1.46923076923,2
26.0,27.5,25.88,26.31,870,1.37692307692,2
26.0,27.5,25.88,26.31,870,1.21923076923,2
26.0,27.38,25.94,26.25,870,1.04230769231,2
26.06,27.44,25.88,26.31,865,0.85,2
26.06,27.5,25.88,26.25,870,0.742307692308,2
26.06,27.44,25.88,26.31,870,0.623076923077,2
26.0,27.38,25.88,26.31,865,0.496153846154,2
26.06,27.38,25.94,26.25,860,0.269230769231,2
26.06,27.38,25.94,26.31,840,-0.0961538461538,2
26.06,27.31,25.94,26.25,845,-0.4,2
26.06,27.31,25.94,26.31,850,-0.646153846154,2
26.06,27.25,25.94,26.25,860,-0.792307692308,2
26.06,27.31,25.88,26.31,865,-0.892307692308,3
26.06,27.19,25.94,26.31,870,-0.9,3
26.06,27.19,25.88,26.31,870,-0.911538461538,3
26.06,27.25,25.94,26.25,885,-0.788461538462,3
26.06,27.25,25.94,26.25,890,-0.534615384615,2
26.06,27.31,25.94,26.31,895,-0.196153846154,2
26.06,27.38,25.94,26.31,895,0.0807692307692,3
26.06,27.38,25.94,26.31,890,0.346153846154,3
26.06,27.38,25.94,26.31,890,0.653846153846,3
26.06,27.31,25.94,26.25,880,0.865384615385,3
26.06,27.31,25.94,26.25,880,0.980769230769,3
26.06,27.25,25.94,26.31,880,1.04230769231,3
26.06,27.25,25.94,26.31,875,1.1,3
26.06,27.13,25.94,26.25,875,1.10769230769,3
26.13,27.06,26.0,26.31,875,1.11153846154,3
26.06,27.06,25.94,26.31,880,1.15769230769,3
26.06,27.0,25.94,26.25,880,1.14615384615,3
26.06,27.06,26.0,26.31,890,1.26538461538,3
26.06,26.94,26.0,26.31,900,1.46153846154,3
26.13,27.13,25.94,26.31,905,1.63076923077,3
26.06,27.13,25.94,26.31,910,1.76538461538,3
26.06,27.06,26.0,26.38,910,1.66153846154,3
26.06,27.0,26.0,26.31,910,1.55384615385,3
26.06,27.0,26.0,26.31,910,1.44615384615,3
26.13,27.06,26.0,26.31,910,1.39230769231,3
26.06,27.13,26.0,26.31,910,1.35,3
26.06,27.06,26.0,26.25,910,1.32307692308,3
26.13,27.19,26.0,26.31,910,1.26538461538,3
26.06,27.19,26.0,26.31,915,1.37307692308,3
26.13,27.19,26.0,26.31,910,1.46153846154,3
26.13,27.13,26.06,26.31,915,1.63076923077,3
26.13,27.13,26.0,26.31,920,1.83076923077,3
26.06,27.25,26.0,26.31,925,2.00769230769,3
26.13,27.19,26.0,26.25,925,2.15769230769,3
26.13,27.19,26.06,26.25,930,2.22692307692,3
26.13,27.19,26.06,26.25,935,2.30384615385,3
26.13,27.19,26.0,26.31,935,2.33846153846,3
26.13,27.06,26.06,26.31,935,2.28076923077,3
26.13,27.19,26.06,26.25,935,2.17692307692,3
26.13,27.19,26.0,26.31,935,2.02692307692,3
26.13,27.19,26.0,26.31,935,1.88076923077,3
26.13,27.19,26.0,26.38,935,1.69230769231,3
26.13,27.06,26.0,26.31,930,1.51538461538,3
26.13,27.06,26.0,26.31,925,1.36153846154,3
26.13,27.06,26.0,26.5,925,1.23846153846,3
26.19,27.13,26.06,26.38,930,1.19615384615,3
26.13,27.13,26.0,26.38,940,1.23076923077,3
26.19,27.06,26.0,26.38,940,1.24230769231,3
26.13,27.13,26.06,26.38,945,1.27692307692,3
26.13,27.19,26.0,26.38,945,1.28461538462,3
26.19,27.13,26.0,26.38,955,1.35769230769,3
26.13,27.06,26.06,26.38,960,1.44230769231,3
26.19,27.19,26.06,26.31,965,1.53461538462,3
26.19,27.31,26.0,26.38,960,1.58846153846,3
26.19,27.25,26.0,26.38,965,1.60384615385,3
26.19,27.19,26.06,26.38,970,1.67307692308,3
26.19,27.25,26.06,26.38,965,1.70384615385,3
26.19,27.25,26.06,26.31,970,1.79615384615,3
26.19,27.19,26.06,26.31,975,1.9,3
26.19,27.25,26.06,26.31,970,1.96923076923,3
26.19,27.25,26.06,26.31,965,2.01153846154,3
26.19,27.19,26.06,26.31,960,1.98461538462,3
26.19,27.25,26.06,26.38,955,1.89230769231,3
26.19,27.31,26.06,26.38,960,1.83076923077,3
26.19,27.31,26.06,26.38,965,1.79615384615,3
26.19,27.31,26.06,26.38,965,1.73846153846,3
26.19,27.31,26.13,26.44,965,1.65769230769,3
26.19,27.25,26.13,26.44,965,1.50384615385,3
26.19,27.38,26.13,26.44,960,1.22692307692,3
26.19,27.31,26.13,26.38,955,0.876923076923,3
26.19,27.25,26.13,26.38,950,0.507692307692,3
26.19,27.31,26.13,26.38,950,0.223076923077,3
26.19,27.25,26.13,26.44,950,-0.0692307692308,0
26.19,27.06,26.13,26.38,960,-0.226923076923,0
26.19,26.94,26.13,26.38,970,-0.303846153846,0
26.19,26.88,26.06,26.38,965,-0.346153846154,0
26.19,26.88,26.06,26.44,970,-0.3,0
26.13,26.81,26.13,26.44,970,-0.211538461538,0
26.19,26.81,26.06,26.38,970,-0.176923076923,0
26.19,26.81,26.06,26.44,970,-0.1,0
26.19,26.75,26.06,26.44,970,0.0230769230769,0
26.19,26.75,26.06,26.38,965,0.05,0
26.19,26.69,26.06,26.44,970,0.173076923077,0
26.19,26.63,26.06,26.38,965,0.3,0
26.13,26.63,26.06,26.38,960,0.338461538462,0
26.13,26.56,26.06,26.38,965,0.380769230769,0
26.13,26.56,26.0,26.38,965,0.373076923077,0
26.13,26.56,26.0,26.38,965,0.311538461538,0
26.06,26.56,26.0,26.44,975,0.384615384615,0
26.13,26.56,26.0,26.38,975,0.496153846154,0
26.06,26.56,26.0,26.44,975,0.6,0
26.13,26.56,26.0,26.38,970,0.65,0
26.13,26.5,26.0,26.38,965,0.65,0
26.13,26.5,26.0,26.38,960,0.553846153846,0
26.06,26.5,26.0,26.31,960,0.407692307692,0
26.13,26.44,26.0,26.38,955,0.161538461538,0
26.06,26.44,26.0,26.38,945,-0.180769230769,0
26.06,26.44,26.0,26.38,945,-0.519230769231,0
26.06,26.44,25.94,26.38,950,-0.707692307692,0
26.06,26.44,25.94,26.44,950,-0.788461538462,0
26.06,26.5,25.94,26.38,940,-0.996153846154,0
26.06,26.44,25.94,26.38,930,-1.22692307692,0
26.06,26.44,25.94,26.38,920,-1.51923076923,0
26.06,26.38,25.94,26.31,910,-1.86538461538,0
26.06,26.38,25.94,26.38,900,-2.25769230769,0
26.06,26.38,25.88,26.38,890,-2.68846153846,0
26.06,26.38,25.88,26.38,880,-3.2,0
26.06,26.38,25.88,26.38,870,-3.68846153846,0
26.06,26.38,25.88,26.38,865,-4.19615384615,0
26.06,26.38,25.88,26.38,855,-4.76923076923,0
26.06,26.31,25.88,26.38,850,-5.25769230769,0
26.06,26.31,25.88,26.38,845,-5.70384615385,0
26.06,26.31,25.88,26.38,850,-6.01153846154,0
26.06,26.31,25.88,26.38,845,-6.17692307692,0
26.0,26.31,25.88,26.38,840,-6.28846153846,0
26.0,26.25,25.88,26.38,840,-6.29615384615,0
26.0,26.25,25.88,26.38,835,-6.29615384615,0
26.06,26.25,25.88,26.38,835,-6.24230769231,0
26.0,26.25,25.88,26.38,835,-6.13846153846,0
26.0,26.25,25.88,26.38,835,-5.93846153846,0
26.0,26.25,25.88,26.38,830,-5.73846153846,0
26.0,26.19,25.88,26.31,830,-5.54230769231,0
26.0,26.19,25.81,26.31,830,-5.25769230769,0
26.0,26.25,25.88,26.38,830,-4.83461538462,0
26.0,26.19,25.81,26.38,830,-4.31923076923,0
26.0,26.13,25.81,26.38,820,-3.90384615385,0
26.0,26.19,25.88,26.38,820,-3.49615384615,0
26.0,26.19,25.88,26.38,815,-3.15,0
26.0,26.19,25.88,26.38,815,-2.82307692308,0
26.0,26.19,25.88,26.31,815,-2.52307692308,0
26.0,26.13,25.81,26.38,805,-2.35,0
26.0,26.19,25.81,26.31,805,-2.21153846154,0
26.0,26.19,25.81,26.31,800,-2.16153846154,0
25.94,26.13,25.81,26.31,795,-2.15384615385,0
26.0,26.13,25.88,26.31,785,-2.28461538462,0
25.94,26.13,25.88,26.31,775,-2.50384615385,0
26.0,26.13,25.81,26.38,770,-2.76153846154,0
26.0,26.13,25.81,26.38,770,-2.91153846154,0
26.0,26.13,25.81,26.38,765,-3.09615384615,0
25.94,26.13,25.81,26.38,760,-3.31538461538,0
26.0,26.13,25.81,26.31,760,-3.47307692308,0
26.0,26.13,25.81,26.31,755,-3.66538461538,0
25.94,26.13,25.81,26.38,750,-3.84230769231,0
25.94,26.13,25.81,26.31,755,-3.90769230769,0
25.94,26.13,25.81,26.38,750,-3.95769230769,0
25.94,26.06,25.81,26.38,750,-3.99230769231,0
25.94,26.13,25.81,26.38,755,-3.91923076923,0
25.94,26.06,25.81,26.31,755,-3.78846153846,0
25.94,26.06,25.75,26.31,750,-3.64615384615,0
25.94,26.06,25.75,26.38,755,-3.39615384615,0
25.94,26.06,25.81,26.38,750,-3.23461538462,0
25.94,26.06,25.75,26.38,740,-3.11153846154,0
25.94,26.06,25.75,26.38,730,-3.06923076923,0
25.94,26.06,25.75,26.31,730,-2.96153846154,0
25.94,26.06,25.75,26.31,720,-2.88076923077,0
25.94,26.06,25.81,26.31,715,-2.87307692308,0
25.94,26.06,25.75,26.31,710,-2.84230769231,0
25.88,26.06,25.75,26.31,715,-2.74230769231,0
25.94,26.06,25.75,26.38,715,-2.62692307692,0
25.94,26.0,25.75,26.31,715,-2.55,0
25.94,26.0,25.75,26.31,715,-2.51923076923,0
25.94,26.0,25.75,26.31,715,-2.49230769231,0
25.88,26.0,25.75,26.31,705,-2.51538461538,0
25.88,26.0,25.75,26.38,705,-2.53846153846,0
25.88,26.0,25.75,26.31,705,-2.56538461538,0
25.88,26.0,25.75,26.31,705,-2.55,0
25.88,26.0,25.75,26.31,695,-2.63461538462,0
25.88,26.0,25.75,26.31,690,-2.76923076923,0
25.88,26.0,25.75,26.31,690,-2.80769230769,0
25.88,26.0,25.75,26.31,695,-2.8,0
25.88,25.94,25.75,26.31,690,-2.79615384615,0
25.88,25.94,25.75,26.38,685,-2.74230769231,0
25.81,25.94,25.75,26.31,680,-2.68076923077,0
25.88,25.94,25.75,26.31,685,-2.56538461538,0
25.88,25.94,25.75,26.31,690,-2.30384615385,0
25.88,25.94,25.75,26.31,685,-2.08846153846,0
25.88,25.94,25.75,26.31,685,-1.92307692308,0
25.88,25.94,25.75,26.31,680,-1.86153846154,0
25.88,25.94,25.75,26.31,675,-1.80769230769,0
25.88,25.94,25.75,26.31,680,-1.76538461538,0
25.88,25.94,25.75,26.31,675,-1.78846153846,0
25.88,25.94,25.75,26.31,675,-1.83076923077,0
25.81,25.94,25.75,26.31,675,-1.79615384615,0
25.88,25.88,25.69,26.31,675,-1.73076923077,0
25.81,25.94,25.75,26.31,670,-1.68076923077,0
25.81,25.88,25.69,26.31,655,-1.73461538462,0
25.88,25.88,25.69,26.31,655,-1.74230769231,0
25.81,25.88,25.69,26.38,650,-1.85,0
25.88,25.94,25.69,26.38,650,-1.91538461538,0
25.81,25.88,25.75,26.31,640,-2.03076923077,0
25.81,25.88,25.69,26.38,640,-2.09615384615,0
25.88,25.88,25.69,26.31,640,-2.21153846154,0
25.81,25.88,25.75,26.31,635,-2.38076923077,0
25.81,25.88,25.69,26.38,625,-2.6,0
25.81,25.88,25.69,26.31,630,-2.67307692308,0
25.81,25.88,25.69,26.38,625,-2.79230769231,0
25.81,25.88,25.69,26.31,620,-2.95769230769,0
25.88,25.88,25.69,26.31,615,-3.16923076923,0
25.81,25.88,25.69,26.31,610,-3.32692307692,0
25.81,25.88,25.69,26.31,600,-3.46923076923,0
25.81,25.88,25.69,26.31,600,-3.59230769231,0
25.81,25.88,25.69,26.31,595,-3.69615384615,0
25.81,25.88,25.69,26.38,600,-3.73461538462,0
25.81,25.88,25.69,26.31,600,-3.76153846154,0
25.81,25.88,25.69,26.31,600,-3.68076923077,0
25.81,25.88,25.69,26.25,595,-3.63461538462,1
25.81,25.88,25.69,26.31,595,-3.52692307692,1
25.81,25.88,25.69,26.31,595,-3.35769230769,1
25.88,25.88,25.69,26.31,590,-3.17307692308,1
25.88,25.88,25.69,26.31,590,-2.97307692308,1
25.88,25.88,25.69,26.31,595,-2.81538461538,1
25.88,25.88,25.69,26.25,585,-2.70384615385,1
25.88,25.88,25.69,26.31,590,-2.54230769231,1
25.88,25.88,25.63,26.31,595,-2.28846153846,1
25.88,25.88,25.69,26.25,595,-2.09230769231,1
25.88,25.88,25.63,26.31,590,-1.90769230769,1
25.88,25.88,25.63,26.25,580,-1.77692307692,1
25.88,25.88,25.63,26.38,580,-1.65,1
25.94,25.88,25.63,26.31,580,-1.58076923077,1
25.94,25.88,25.63,26.31,580,-1.42692307692,1
25.94,25.88,25.63,26.31,580,-1.28461538462,1
25.88,25.88,25.63,26.31,580,-1.15769230769,1
25.94,25.88,25.63,26.31,575,-1.09615384615,1
25.94,25.88,25.63,26.38,575,-1.05384615385,1
25.88,25.81,25.56,26.31,570,-1.13076923077,1
25.94,25.81,25.63,26.31,570,-1.18461538462,1
25.94,25.81,25.63,26.38,570,-1.26538461538,1
25.94,25.88,25.63,26.31,570,-1.27692307692,1
25.94,25.88,25.63,26.31,575,-1.21923076923,1
25.94,25.88,25.63,26.31,570,-1.18846153846,1
25.94,25.81,25.63,26.31,575,-1.13846153846,1
25.94,25.81,25.63,26.31,575,-1.07307692308,1
25.94,25.81,25.63,26.25,575,-0.992307692308,1
25.94,25.81,25.63,26.31,575,-0.946153846154,1
26.0,25.81,25.63,26.31,575,-0.888461538462,1
25.94,25.81,25.63,26.31,565,-0.861538461538,1
25.94,25.81,25.63,26.31,570,-0.865384615385,1
25.94,25.81,25.63,26.31,575,-0.761538461538,1
26.0,25.88,25.63,26.25,565,-0.688461538462,1
26.0,25.81,25.63,26.31,570,-0.546153846154,1
25.94,25.81,25.63,26.25,570,-0.434615384615,1
25.94,25.81,25.63,26.25,570,-0.407692307692,1
26.0,25.81,25.63,26.25,565,-0.419230769231,1
26.0,25.81,25.63,26.25,565,-0.419230769231,1
26.0,25.81,25.63,26.31,565,-0.407692307692,1
26.0,25.81,25.63,26.25,560,-0.430769230769,1
26.0,25.81,25.63,26.25,560,-0.438461538462,1
26.0,25.81,25.63,26.31,565,-0.434615384615,1
26.0,25.81,25.63,26.31,570,-0.376923076923,1
26.0,25.81,25.63,26.31,565,-0.411538461538,1
26.0,25.81,25.63,26.31,570,-0.396153846154,1
26.0,25.81,25.63,26.31,575,-0.334615384615,1
26.0,25.81,25.69,26.31,580,-0.230769230769,1
26.06,25.81,25.63,26.31,575,-0.130769230769,1
26.06,25.81,25.69,26.31,580,-0.0346153846154,1
26.0,25.81,25.63,26.25,585,0.15,1
26.0,25.81,25.63,26.25,585,0.326923076923,1
26.0,25.81,25.63,26.25,590,0.542307692308,1
26.06,25.81,25.69,26.31,590,0.746153846154,1
26.0,25.81,25.63,26.25,590,0.938461538462,1
26.0,25.81,25.63,26.25,590,1.01923076923,1
26.0,25.75,25.63,26.31,590,1.13076923077,1
26.06,25.75,25.63,26.31,585,1.23076923077,1
26.06,25.75,25.56,26.31,595,1.31538461538,1
26.0,25.75,25.63,26.38,600,1.47307692308,1
26.0,25.75,25.56,26.31,600,1.60769230769,1
26.0,25.81,25.63,26.31,595,1.67307692308,1
26.0,25.81,25.56,26.31,595,1.66923076923,1
26.0,25.81,25.56,26.31,595,1.64230769231,1
26.0,25.81,25.63,26.31,595,1.59230769231,1
26.0,25.75,25.56,26.31,590,1.42307692308,1
26.0,25.81,25.56,26.31,595,1.27692307692,1
26.06,25.81,25.56,26.31,595,1.15384615385,1
26.0,25.75,25.56,26.31,595,1.05769230769,1
26.0,25.81,25.56,26.25,595,0.892307692308,1
26.06,25.75,25.63,26.31,590,0.707692307692,1
26.06,25.75,25.63,26.25,590,0.557692307692,1
26.06,25.75,25.56,26.31,595,0.492307692308,1
26.0,25.75,25.56,26.38,595,0.365384615385,1
26.06,25.75,25.63,26.31,595,0.273076923077,1
26.06,25.75,25.56,26.31,595,0.219230769231,1
26.06,25.75,25.56,26.25,595,0.157692307692,1
26.06,25.75,25.56,26.31,605,0.230769230769,1
26.06,25.75,25.56,26.31,605,0.292307692308,1
26.06,25.75,25.56,26.31,605,0.342307692308,1
26.06,25.75,25.56,26.38,600,0.334615384615,1
26.06,25.75,25.56,26.31,595,0.273076923077,1
26.06,25.75,25.56,26.31,595,0.157692307692,1
26.06,25.75,25.56,26.38,595,0.134615384615,1
26.06,25.75,25.56,26.31,595,0.161538461538,1
26.06,25.75,25.56,26.31,600,0.238461538462,1
26.06,25.75,25.56,26.31,605,0.311538461538,1
26.06,25.75,25.56,26.31,605,0.376923076923,1
26.06,25.75,25.56,26.38,605,0.434615384615,1
26.06,25.75,25.56,26.38,605,0.484615384615,1
26.06,25.75,25.56,26.44,605,0.476923076923,1
26.0,25.75,25.56,26.31,615,0.6,1
26.06,25.75,25.56,26.31,610,0.661538461538,1
26.06,25.75,25.56,26.31,615,0.757692307692,1
26.06,25.75,25.56,26.31,620,0.884615384615,1
26.06,25.75,25.63,26.31,615,0.896153846154,1
26.06,25.75,25.56,26.31,610,0.842307692308,1
26.06,25.69,25.63,26.31,615,0.869230769231,1
26.13,25.75,25.56,26.31,605,0.788461538462,1
26.06,25.75,25.56,26.31,610,0.746153846154,1
26.06,25.75,25.56,26.31,610,0.692307692308,1
26.06,25.75,25.56,26.31,610,0.626923076923,1
26.06,25.75,25.56,26.31,620,0.742307692308,1
26.06,25.75,25.56,26.31,620,0.846153846154,1
26.06,25.75,25.56,26.31,620,0.938461538462,1
26.06,25.75,25.56,26.38,615,0.923076923077,1
26.06,25.69,25.56,26.31,620,0.892307692308,1
26.06,25.75,25.56,26.31,625,0.888461538462,1
26.06,25.75,25.56,26.31,615,0.769230769231,1
26.06,25.75,25.63,26.25,620,0.680769230769,1
26.06,25.75,25.63,26.31,620,0.623076923077,1
26.06,25.75,25.56,26.31,620,0.6,1
26.06,25.75,25.56,26.38,620,0.565384615385,1
26.13,25.75,25.56,26.25,620,0.519230769231,1
26.06,25.75,25.56,26.31,615,0.415384615385,1
26.13,25.69,25.56,26.31,620,0.35,1
26.13,25.75,25.56,26.31,615,0.326923076923,1
26.13,25.75,25.56,26.31,615,0.253846153846,1
26.06,25.75,25.56,26.31,615,0.226923076923,1
26.13,25.75,25.56,26.38,620,0.296153846154,1
26.13,25.69,25.56,26.31,625,0.361538461538,1
26.06,25.69,25.56,26.38,630,0.415384615385,1
26.13,25.75,25.56,26.31,630,0.503846153846,1
26.13,25.69,25.56,26.38,625,0.434615384615,1
26.13,25.69,25.56,26.38,625,0.4,1
26.13,25.69,25.56,26.31,625,0.353846153846,1
26.06,25.75,25.56,26.31,625,0.296153846154,1
26.06,25.75,25.56,26.38,625,0.326923076923,1
26.06,25.75,25.56,26.25,625,0.353846153846,2
26.13,25.75,25.63,26.25,615,0.284615384615,2
26.13,25.75,25.56,26.25,615,0.169230769231,2
26.13,25.81,25.63,26.31,615,0.103846153846,2
26.13,25.75,25.56,26.31,620,0.138461538462,2
26.06,25.81,25.63,26.31,620,0.0769230769231,2
26.13,25.75,25.63,26.31,625,0.107692307692,2
26.13,25.75,25.63,26.25,625,0.134615384615,2
26.13,25.75,25.63,26.25,635,0.25,2
26.13,25.75,25.63,26.25,630,0.307692307692,2
26.13,25.75,25.63,26.25,630,0.357692307692,2
26.13,25.75,25.63,26.25,630,0.35,2
26.13,25.75,25.63,26.25,630,0.380769230769,2
26.13,25.75,25.63,26.25,630,0.353846153846,2
26.13,25.75,25.69,26.25,625,0.269230769231,2
26.13,25.75,25.69,26.25,630,0.223076923077,2
26.13,25.75,25.69,26.25,625,0.169230769231,2
26.13,25.75,25.69,26.25,630,0.207692307692,2
26.13,25.75,25.69,26.19,625,0.246153846154,2
26.13,25.75,25.75,26.25,630,0.334615384615,2
26.13,25.75,25.69,26.25,630,0.373076923077,2
26.13,25.75,25.75,26.19,635,0.453846153846,2
26.13,25.75,25.69,26.38,635,0.526923076923,2
26.13,25.75,25.75,26.31,640,0.638461538462,2
26.13,25.75,25.75,26.31,645,0.784615384615,2
26.13,25.75,25.75,26.25,645,0.915384615385,2
26.13,25.75,25.75,26.25,645,0.930769230769,2
26.13,25.75,25.75,26.25,655,1.01538461538,2
26.13,25.75,25.75,26.25,655,1.06923076923,2
26.13,25.75,25.75,26.25,655,1.14230769231,2
26.13,25.75,25.75,26.25,650,1.14230769231,2
26.13,25.75,25.75,26.25,665,1.30769230769,2
26.13,25.75,25.75,26.31,660,1.39615384615,2
26.13,25.75,25.75,26.25,670,1.65,2
26.13,25.75,25.69,26.31,670,1.82692307692,2
26.13,25.75,25.69,26.31,670,1.97307692308,2
26.13,25.75,25.69,26.31,675,2.13461538462,2
26.13,25.75,25.75,26.31,680,2.30769230769,2
26.19,25.75,25.75,26.31,680,2.44230769231,2
26.19,25.75,25.75,26.31,680,2.48846153846,2
26.19,25.75,25.69,26.31,685,2.58846153846,2
26.13,25.75,25.69,26.31,690,2.64230769231,2
26.13,25.75,25.69,26.31,690,2.69615384615,2
26.19,25.75,25.75,26.31,690,2.65384615385,2
26.13,25.75,25.75,26.25,690,2.61153846154,2
26.19,25.75,25.75,26.25,690,2.52307692308,2
26.19,25.75,25.75,26.25,695,2.48461538462,2
26.19,25.75,25.75,26.25,700,2.44615384615,2
26.13,25.75,25.75,26.25,700,2.40769230769,2
26.19,25.75,25.75,26.25,700,2.37307692308,2
26.19,25.75,25.75,26.31,700,2.29615384615,2
26.19,25.75,25.75,26.25,710,2.26923076923,2
26.19,25.75,25.75,26.31,710,2.29230769231,2
26.19,25.75,25.75,26.31,710,2.27307692308,2
26.19,25.75,25.75,26.31,710,2.21153846154,2
26.19,25.75,25.75,26.31,705,2.01153846154,2
26.19,25.75,25.75,26.25,715,2.01153846154,2
26.19,25.75,25.75,26.31,715,1.92307692308,2
26.19,25.75,25.75,26.25,715,1.89230769231,2
26.19,25.75,25.75,26.25,720,1.87307692308,2
26.19,25.75,25.75,26.38,720,1.81538461538,2
26.19,25.75,25.75,26.31,720,1.76923076923,2
26.19,25.75,25.75,26.31,725,1.78461538462,2
26.13,25.75,25.75,26.31,725,1.76538461538,2
26.19,25.75,25.75,26.31,725,1.71153846154,2
26.13,25.75,25.75,26.31,730,1.71923076923,2
26.19,25.75,25.75,26.31,725,1.69615384615,2
26.19,25.75,25.75,26.38,725,1.64615384615,2
26.19,25.75,25.75,26.31,730,1.61538461538,2
26.19,25.75,25.75,26.31,730,1.55384615385,2
26.19,25.69,25.75,26.31,730,1.46153846154,2
26.19,25.75,25.75,26.31,735,1.43461538462,2
26.19,25.75,25.75,26.31,735,1.42692307692,2
26.19,25.75,25.75,26.31,735,1.39230769231,2
26.19,25.75,25.75,26.31,735,1.33076923077,2
26.19,25.75,25.75,26.31,740,1.28846153846,2
26.19,25.75,25.75,26.31,740,1.31538461538,2
26.19,25.75,25.75,26.38,740,1.31923076923,2
26.19,25.75,25.81,26.38,745,1.34615384615,2
26.19,25.75,25.81,26.38,745,1.34615384615,2
26.19,25.75,25.81,26.31,750,1.31538461538,2
26.19,25.75,25.81,26.31,750,1.35,2
26.19,25.75,25.81,26.31,745,1.31153846154,2
26.19,25.75,25.81,26.38,745,1.25,2
26.19,25.75,25.81,26.44,745,1.21538461538,2
26.19,25.75,25.81,26.44,750,1.20769230769,2
26.19,25.75,25.75,26.38,750,1.17692307692,2
26.19,25.81,25.81,26.31,750,1.17307692308,2
26.19,25.75,25.81,26.31,750,1.15,2
26.19,25.75,25.75,26.31,755,1.15384615385,2
26.19,25.75,25.81,26.31,760,1.23076923077,2
26.19,25.75,25.81,26.31,755,1.18846153846,2
26.19,25.75,25.81,26.31,760,1.16923076923,2
26.19,25.75,25.81,26.38,760,1.17307692308,2
26.19,25.75,25.81,26.38,765,1.2,2
26.19,25.75,25.81,26.31,765,1.2,2
26.19,25.75,25.81,26.31,770,1.26923076923,2
26.19,25.75,25.81,26.31,770,1.31153846154,2
26.19,25.75,25.81,26.31,770,1.32692307692,2
26.19,25.75,25.81,26.31,775,1.36153846154,2
26.19,25.81,25.81,26.31,775,1.41538461538,2
26.19,25.75,25.81,26.31,775,1.44230769231,2
26.19,25.81,25.81,26.31,785,1.53461538462,2
26.19,25.75,25.75,26.31,790,1.68846153846,2
26.19,25.81,25.75,26.31,795,1.85384615385,2
26.19,25.75,25.81,26.31,800,2.07692307692,2
26.13,25.75,25.81,26.31,800,2.26153846154,2
26.19,25.75,25.81,26.31,795,2.31153846154,2
26.19,25.81,25.81,26.31,795,2.32307692308,2
26.19,25.75,25.81,26.31,795,2.29615384615,2
26.19,25.81,25.81,26.31,795,2.28076923077,2
26.19,25.75,25.81,26.31,790,2.18461538462,2
26.25,25.75,25.75,26.31,800,2.15,2
26.19,25.75,25.81,26.31,805,2.12307692308,2
26.19,25.81,25.81,26.31,805,2.10384615385,2
26.19,25.81,25.81,26.31,805,2.09615384615,2
26.25,25.75,25.88,26.31,800,1.95769230769,2
26.25,25.81,25.88,26.31,805,1.88076923077,2
26.19,25.81,25.88,26.31,810,1.81538461538,2
26.19,25.81,25.88,26.25,810,1.76153846154,2
26.19,25.75,25.88,26.25,810,1.67307692308,2
26.19,25.81,25.88,26.31,815,1.64615384615,3
26.25,25.94,25.88,26.25,815,1.58461538462,3
26.19,25.88,25.88,26.25,820,1.53461538462,3
26.19,25.88,25.81,26.25,825,1.54230769231,3
26.25,25.88,25.81,26.31,830,1.55769230769,3
26.25,25.88,25.81,26.31,825,1.48461538462,3
26.25,25.88,25.88,26.31,830,1.51923076923,3
26.25,25.88,25.88,26.31,830,1.56923076923,3
26.19,25.81,25.94,26.31,835,1.68461538462,3
26.19,25.88,25.94,26.38,835,1.81923076923,3
26.25,25.88,25.94,26.31,830,1.88076923077,3
26.25,25.88,25.94,26.31,830,1.86923076923,3
26.25,25.88,25.94,26.38,830,1.83076923077,3
26.19,25.88,25.94,26.31,830,1.76538461538,3
26.25,25.88,25.88,26.31,825,1.62692307692,3
26.25,25.88,25.88,26.31,820,1.36923076923,3
26.25,25.88,25.88,26.31,820,1.18846153846,3
26.19,25.88,25.94,26.31,820,1.04230769231,3
26.25,25.88,25.88,26.38,830,0.976923076923,3
26.25,25.88,25.88,26.38,835,0.938461538462,3
26.25,25.88,25.88,26.38,840,0.873076923077,3
26.19,25.88,25.88,26.38,845,0.873076923077,3
26.25,25.94,25.88,26.38,850,0.938461538462,3
26.25,25.94,25.88,26.38,860,1.06538461538,3
26.19,25.94,25.88,26.31,860,1.15384615385,3
26.25,25.94,25.88,26.31,860,1.25384615385,3
26.19,25.94,25.88,26.31,860,1.31923076923,3
26.25,25.88,25.88,26.31,860,1.4,3
26.25,25.94,25.94,26.31,855,1.45384615385,3
26.25,25.94,25.94,26.38,860,1.58076923077,3
26.25,25.94,25.94,26.31,865,1.68076923077,3
26.25,25.94,25.88,26.38,865,1.8,3
26.25,25.94,25.94,26.44,870,1.93846153846,3
26.31,25.94,25.88,26.38,870,2.09615384615,3
26.25,26.25,25.94,26.44,875,2.27307692308,3
26.25,26.5,25.94,26.38,880,2.41538461538,3
26.25,26.75,25.94,26.31,885,2.56538461538,3
26.25,27.0,25.88,26.38,890,2.71923076923,3
26.25,27.13,25.94,26.38,895,2.87307692308,3
26.25,27.56,25.88,26.31,890,2.88076923077,3
26.25,27.5,25.94,26.38,890,2.78846153846,3
26.25,27.13,25.94,26.44,890,2.64230769231,3
26.25,27.0,25.88,26.38,890,2.44230769231,3
26.25,26.81,25.94,26.38,895,2.33461538462,3
26.31,26.75,25.94,26.38,895,2.22692307692,3
26.25,26.63,25.94,26.38,900,2.16923076923,3
26.25,26.56,25.94,26.38,905,2.16153846154,3
26.31,26.56,26.0,26.38,905,2.15769230769,3
26.25,26.5,25.94,26.38,920,2.35,3
26.31,26.5,25.94,26.38,930,2.58846153846,3
26.31,26.5,25.94,26.38,935,2.81923076923,3
26.31,26.44,25.94,26.38,940,3.03846153846,3
26.31,26.44,25.94,26.38,950,3.28846153846,3
26.31,26.44,26.0,26.38,955,3.46538461538,3
26.31,26.38,25.94,26.38,960,3.66153846154,3
26.31,26.38,26.0,26.38,965,3.87692307692,3
26.31,26.38,25.94,26.44,965,4.01538461538,3
26.31,26.31,25.94,26.38,970,4.17307692308,3
26.31,26.38,26.0,26.38,975,4.3,3
26.31,26.44,26.0,26.38,970,4.35,3
26.31,26.44,26.0,26.38,975,4.42307692308,3
26.31,26.44,26.0,26.38,975,4.47307692308,3
26.31,26.44,26.0,26.44,980,4.55,3
26.31,26.44,26.0,26.38,985,4.65384615385,3
26.25,26.38,26.0,26.38,985,4.63846153846,3
26.25,26.38,26.0,26.38,985,4.55,3
26.31,26.31,26.0,26.38,995,4.48076923077,3
26.31,26.38,26.06,26.38,995,4.33076923077,3
26.25,26.38,26.06,26.38,995,4.15,3
26.31,26.38,26.0,26.31,995,3.89230769231,3
26.31,26.38,26.0,26.38,995,3.60769230769,3
26.25,26.38,26.0,26.31,1000,3.34615384615,3
26.31,26.38,26.0,26.38,1000,3.01153846154,3
26.31,26.38,26.0,26.31,1010,2.84615384615,3
26.25,26.38,26.0,26.38,1015,2.75769230769,3
26.25,26.31,26.0,26.38,1015,2.65384615385,3
26.25,26.31,26.0,26.31,1015,2.53846153846,3
26.31,26.31,26.0,26.44,1015,2.46538461538,3
26.31,26.31,26.0,26.38,1025,2.48461538462,3
26.25,26.38,26.0,26.38,1025,2.5,3
26.31,26.31,26.0,26.38,1025,2.51538461538,3
26.31,26.38,26.0,26.38,1025,2.48461538462,3
26.31,26.38,26.0,26.5,1030,2.50384615385,3
26.25,26.38,26.0,26.44,1040,2.61923076923,3
26.25,26.38,25.94,26.38,1035,2.58846153846,3
26.31,26.38,25.94,26.38,1035,2.55769230769,3
26.31,26.31,26.0,26.38,1045,2.57307692308,3
26.25,26.38,26.0,26.38,1050,2.63076923077,3
26.25,26.38,26.0,26.5,1055,2.73076923077,3
26.25,26.31,26.0,26.44,1055,2.77692307692,3
26.25,26.31,26.0,26.38,1060,2.81538461538,3
26.25,26.31,26.0,26.38,1060,2.89615384615,3
26.25,26.31,26.0,26.44,1055,2.88076923077,3
26.31,26.44,26.0,26.44,1055,2.81923076923,3
26.25,26.38,26.0,26.38,1060,2.75769230769,3
26.25,26.44,26.0,26.38,1065,2.69230769231,3
26.25,26.56,25.94,26.38,1065,2.62307692308,3
26.25,26.81,25.94,26.38,1070,2.55,3
26.25,26.75,26.0,26.38,1075,2.56923076923,3
26.25,26.63,25.94,26.44,1070,2.54230769231,3
26.25,26.63,25.94,26.38,1080,2.56538461538,3
26.25,26.63,25.94,26.44,1080,2.53846153846,3
26.25,26.56,25.94,26.38,1085,2.50769230769,3
26.25,26.56,26.0,26.38,1085,2.52307692308,3
26.25,26.56,25.94,26.38,1080,2.44615384615,3
26.25,26.63,26.0,26.44,1080,2.32692307692,3
26.25,26.63,25.94,26.38,1085,2.21153846154,3
26.25,26.63,25.94,26.44,1090,2.14615384615,3
26.25,26.63,25.94,26.44,1095,2.18076923077,3
26.25,26.63,26.0,26.38,1105,2.21538461538,3
26.25,26.63,25.94,26.38,1105,2.19615384615,3
26.25,26.63,26.0,26.44,1105,2.22307692308,3
26.25,26.56,25.94,26.38,1110,2.3,3
26.25,26.63,25.94,26.38,1110,2.38076923077,3
26.31,26.63,25.94,26.44,1110,2.41923076923,3
26.25,26.63,25.94,26.38,1105,2.41923076923,3
26.31,26.63,25.94,26.38,1100,2.33846153846,3
26.25,26.63,26.0,26.44,1115,2.31538461538,3
26.31,26.63,25.94,26.44,1115,2.24615384615,3
26.31,26.63,26.0,26.44,1115,2.18076923077,3
26.25,26.69,26.0,26.38,1120,2.16923076923,3
26.31,26.63,26.0,26.38,1120,2.11538461538,3
26.31,26.63,26.06,26.44,1130,2.16153846154,3
26.31,26.69,26.0,26.44,1135,2.25769230769,3
26.31,26.63,26.06,26.44,1145,2.35,3
26.31,26.69,26.06,26.44,1150,2.53076923077,3
26.31,26.69,26.06,26.5,1160,2.75,3
26.31,26.69,26.06,26.44,1160,2.95769230769,3
26.31,26.69,26.0,26.38,1165,3.15384615385,3
26.31,26.63,26.06,26.38,1165,3.23846153846,3
26.31,26.63,26.0,26.44,1165,3.25769230769,3
26.31,26.63,26.06,26.38,1160,3.21538461538,3
26.31,26.69,26.06,26.44,1160,3.16538461538,3
26.31,26.63,26.0,26.38,1155,3.06538461538,3
26.31,26.63,26.0,26.44,1155,3.01923076923,3
26.31,26.63,26.0,26.38,1155,2.93461538462,3
26.31,26.63,26.06,26.44,1160,2.85769230769,3
26.31,26.63,26.06,26.38,1165,2.83461538462,3
26.31,26.63,26.06,26.44,1170,2.81538461538,3
26.31,26.63,26.06,26.44,1170,2.75,3
26.31,26.63,26.06,26.44,1170,2.58846153846,3
26.31,26.94,26.06,26.38,1180,2.41923076923,3
26.31,27.13,26.0,26.38,1185,2.38461538462,3
26.31,27.38,26.0,26.44,1195,2.38846153846,3
26.31,27.5,26.06,26.38,1185,2.23846153846,3
26.31,27.63,26.06,26.44,1195,2.17692307692,3
26.31,27.44,26.06,26.44,1200,2.10384615385,3
26.31,27.5,26.06,26.44,1205,2.11538461538,3
26.31,27.5,26.06,26.38,1200,2.07307692308,3
26.31,27.5,26.06,26.38,1200,2.08076923077,3
26.31,27.5,26.06,26.38,1210,2.18846153846,3
26.31,27.56,26.06,26.38,1210,2.35,3
26.31,27.56,26.06,26.44,1200,2.38076923077,3
26.31,27.63,26.06,26.44,1190,2.33846153846,3
26.25,27.69,26.06,26.44,1190,2.27692307692,3
26.31,27.69,26.06,26.38,1195,2.24230769231,3
26.31,27.75,26.06,26.38,1200,2.18076923077,3
26.31,27.69,26.06,26.38,1195,2.04230769231,3
26.31,27.69,26.06,26.38,1195,1.82692307692,3
26.31,27.75,26.06,26.38,1195,1.58076923077,3
26.31,27.75,26.06,26.44,1190,1.25769230769,3
26.31,27.81,26.06,26.44,1195,1.00384615385,3
26.31,27.81,26.06,26.44,1200,0.819230769231,3
26.31,27.88,26.06,26.38,1205,0.703846153846,3
26.31,27.94,26.06,26.38,1205,0.561538461538,3
26.31,27.94,26.06,26.44,1215,0.484615384615,3
26.31,27.94,26.06,26.44,1210,0.426923076923,3
26.31,27.88,26.06,26.44,1205,0.35,3
26.31,27.88,26.06,26.38,1205,0.357692307692,3
26.31,27.94,26.0,26.44,1205,0.257692307692,3
26.31,28.0,26.06,26.44,1205,0.242307692308,3
26.31,27.94,26.06,26.44,1215,0.361538461538,3
26.31,28.0,26.06,26.44,1215,0.519230769231,3
26.38,27.94,26.06,26.44,1215,0.619230769231,3
26.31,27.94,26.06,26.44,1225,0.8,3
26.31,28.0,26.06,26.44,1220,1.01538461538,3
26.31,27.94,26.06,26.44,1225,1.26923076923,3
26.31,27.94,26.06,26.44,1220,1.36538461538,3
26.31,27.88,26.06,26.44,1220,1.34615384615,3
26.31,27.94,26.06,26.44,1225,1.35,3
26.31,27.94,26.06,26.38,1220,1.33076923077,3
26.38,28.0,26.06,26.38,1220,1.34230769231,3
26.31,27.94,26.06,26.38,1220,1.28846153846,3
26.31,27.94,26.06,26.38,1220,1.21538461538,3
26.31,27.94,26.06,26.44,1210,1.03076923077,3
26.31,27.94,26.06,26.44,1210,0.784615384615,3
26.31,27.94,26.06,26.44,1205,0.526923076923,3
26.31,27.94,26.06,26.44,1205,0.311538461538,3
26.31,27.88,26.06,26.44,1200,0.0961538461538,3
26.31,27.94,26.06,26.44,1195,-0.161538461538,3
26.38,27.88,26.06,26.44,1200,-0.265384615385,3
26.38,27.94,26.06,26.44,1200,-0.407692307692,3
26.31,27.94,26.06,26.5,1210,-0.5,3
26.31,27.88,26.06,26.44,1220,-0.503846153846,3
26.31,27.94,26.06,26.44,1220,-0.519230769231,3
26.31,27.94,26.06,26.44,1225,-0.5,3
26.31,27.94,26.06,26.44,1220,-0.442307692308,3
26.38,28.06,26.06,26.44,1215,-0.434615384615,3
26.31,28.13,26.06,26.44,1210,-0.473076923077,3
26.31,28.25,26.13,26.44,1210,-0.407692307692,3
26.31,28.25,26.06,26.5,1215,-0.334615384615,3
26.38,28.25,26.06,26.44,1225,-0.115384615385,3
26.38,28.25,26.13,26.44,1215,-0.0384615384615,3
26.38,28.13,26.13,26.44,1215,0.0423076923077,3
26.38,28.06,26.13,26.56,1210,0.130769230769,3
26.38,28.13,26.13,26.5,1220,0.273076923077,3
26.38,28.06,26.13,26.5,1220,0.415384615385,3
26.38,27.94,26.13,26.5,1225,0.603846153846,3
26.31,28.0,26.13,26.44,1220,0.742307692308,3
26.31,27.94,26.13,26.44,1225,0.826923076923,3
26.31,27.94,26.19,26.44,1225,0.9,3
26.31,28.0,26.13,26.44,1225,0.911538461538,3
26.31,28.06,26.13,26.44,1225,0.907692307692,3
26.31,28.0,26.13,26.44,1225,0.838461538462,3
26.31,28.06,26.13,26.44,1235,0.792307692308,3
26.31,27.94,26.13,26.44,1240,0.811538461538,3
26.38,28.06,26.13,26.44,1245,0.846153846154,3
26.31,28.13,26.13,26.44,1250,0.992307692308,3
26.31,28.06,26.13,26.44,1245,1.16153846154,3
26.31,28.06,26.13,26.44,1250,1.35769230769,3
26.31,28.0,26.13,26.44,1260,1.67307692308,3
26.38,28.06,26.13,26.44,1265,1.95769230769,3
26.31,27.94,26.13,26.44,1265,2.15769230769,3
26.31,28.13,26.13,26.44,1270,2.31538461538,3
26.38,28.13,26.13,26.38,1255,2.28846153846,3
26.38,28.19,26.13,26.44,1245,2.18461538462,3
26.38,28.13,26.19,26.44,1245,2.15769230769,3
26.38,27.56,26.06,26.38,1265,2.2,3
26.38,27.56,26.13,26.38,1265,2.20384615385,3
26.31,27.5,26.13,26.44,1270,2.16538461538,3
26.31,27.06,26.06,26.31,1240,1.90384615385,0
26.31,27.06,26.0,26.38,1240,1.62692307692,0
26.31,27.06,26.06,26.31,1250,1.47692307692,0
26.31,26.94,26.0,26.38,1255,1.30384615385,0
26.31,26.94,26.0,26.38,1250,1.10769230769,0
26.31,26.88,26.0,26.38,1245,0.846153846154,0
26.31,26.88,26.0,26.31,1230,0.430769230769,0
26.31,26.88,26.0,26.31,1215,-0.126923076923,0
26.31,26.81,26.0,26.38,1210,-0.723076923077,0
26.25,26.81,25.94,26.31,1205,-1.25384615385,0
26.25,26.75,26.0,26.31,1200,-1.75769230769,0
26.25,26.75,26.0,26.31,1195,-2.22692307692,0
26.25,26.69,25.94,26.25,1180,-2.74615384615,0
26.25,26.69,25.94,26.25,1175,-3.30769230769,0
26.25,26.69,25.94,26.25,1165,-3.85769230769,0
26.25,26.69,25.94,26.25,1165,-4.24230769231,0
26.19,26.63,25.94,26.25,1165,-4.50384615385,0
26.19,26.63,25.94,26.25,1165,-4.68846153846,0
26.19,26.63,25.88,26.25,1165,-4.74615384615,0
26.19,26.63,25.94,26.25,1155,-4.96538461538,0
26.19,26.56,25.94,26.38,1155,-5.20769230769,0
26.19,26.56,25.88,26.38,1150,-5.42692307692,0
26.19,26.56,25.88,26.38,1140,-5.46538461538,0
26.19,26.5,25.81,26.31,1135,-5.45384615385,0
26.19,26.5,25.88,26.31,1125,-5.38461538462,0
26.19,26.5,25.88,26.31,1125,-5.50384615385,0
26.13,26.5,25.88,26.31,1125,-5.53461538462,0
26.13,26.44,25.88,26.25,1120,-5.42307692308,0
26.13,26.44,25.81,26.31,1110,-5.25384615385,0
26.13,26.44,25.81,26.31,1110,-5.02307692308,0
26.19,26.38,25.81,26.31,1110,-4.73461538462,0
26.13,26.44,25.81,26.31,1105,-4.53846153846,0
26.13,26.44,25.81,26.25,1105,-4.39615384615,0
26.13,26.44,25.81,26.31,1095,-4.31153846154,0
26.13,26.44,25.81,26.25,1085,-4.28076923077,0
26.13,26.44,25.81,26.25,1075,-4.3,0
26.13,26.44,25.81,26.19,1075,-4.27307692308,0
26.06,26.38,25.75,26.25,1070,-4.35,0
26.06,26.38,25.75,26.19,1060,-4.48461538462,0
26.13,26.38,25.75,26.19,1055,-4.67692307692,0
26.13,26.31,25.81,26.19,1055,-4.78461538462,0
26.06,26.31,25.75,26.19,1045,-4.9,0
26.06,26.31,25.81,26.25,1040,-4.96923076923,0
26.06,26.31,25.81,26.25,1030,-5.03461538462,0
26.06,26.31,25.75,26.19,1035,-5.05,0
26.06,26.31,25.81,26.19,1030,-5.01923076923,0
26.06,26.31,25.75,26.19,1030,-4.94230769231,0
26.06,26.31,25.81,26.25,1030,-4.87307692308,0
26.06,26.25,25.75,26.25,1025,-4.81538461538,0
26.0,26.25,25.75,26.19,1020,-4.81923076923,0
26.06,26.25,25.75,26.19,1025,-4.69615384615,0
26.0,26.25,25.75,26.19,1020,-4.54230769231,0
26.0,26.25,25.75,26.25,1025,-4.31153846154,0
26.06,26.25,25.69,26.19,1015,-4.2,0
26.0,26.19,25.75,26.19,1020,-3.96923076923,0
26.0,26.19,25.75,26.19,1015,-3.71538461538,0
26.0,26.19,25.75,26.19,1010,-3.48461538462,0
26.0,26.19,25.75,26.19,1005,-3.22692307692,0
26.0,26.19,25.69,26.13,995,-3.08461538462,0
26.0,26.19,25.75,26.19,990,-3.01153846154,0
26.0,26.19,25.69,26.19,995,-2.91923076923,0
26.0,26.19,25.69,26.19,995,-2.76538461538,0
26.0,26.19,25.69,26.19,990,-2.64615384615,0
26.0,26.19,25.69,26.13,985,-2.61153846154,0
26.0,26.19,25.69,26.13,990,-2.52307692308,0
26.0,26.19,25.69,26.13,990,-2.38461538462,0
26.0,26.19,25.69,26.13,985,-2.34230769231,0
26.0,26.13,25.69,26.06,985,-2.30384615385,0
25.94,26.13,25.69,26.06,975,-2.41538461538,0
26.0,26.13,25.63,26.13,975,-2.43461538462,0
25.94,26.13,25.63,26.13,970,-2.50384615385,0
25.94,26.13,25.63,26.19,970,-2.52692307692,0
25.94,26.13,25.69,26.19,965,-2.55,0
25.94,26.13,25.69,26.13,965,-2.57307692308,0
25.94,26.13,25.69,26.13,960,-2.64615384615,0
25.94,26.13,25.69,26.13,950,-2.71538461538,0
25.94,26.13,25.63,26.13,950,-2.77692307692,0
25.94,26.13,25.63,26.13,940,-2.82692307692,0
25.94,26.06,25.63,26.13,945,-2.86538461538,0
25.94,26.06,25.63,26.06,940,-2.84615384615,0
25.94,26.06,25.63,26.06,940,-2.81538461538,0
25.94,26.06,25.63,26.13,930,-2.86923076923,0
25.94,26.06,25.63,26.06,930,-2.91153846154,0
25.94,26.06,25.63,26.06,925,-3.04230769231,0
25.94,26.06,25.63,26.06,915,-3.26153846154,0
25.94,26.06,25.63,26.06,910,-3.41923076923,0
25.94,26.06,25.56,26.06,910,-3.51153846154,0
25.88,26.06,25.63,26.06,910,-3.58846153846,0
25.88,26.06,25.56,26.06,910,-3.65384615385,0
25.94,26.0,25.56,26.13,910,-3.61153846154,0
25.94,26.06,25.56,26.06,905,-3.55384615385,0
25.94,26.0,25.56,26.0,895,-3.57307692308,0
25.88,26.0,25.56,26.06,890,-3.56923076923,0
25.88,26.0,25.56,26.06,890,-3.59230769231,0
25.88,26.0,25.56,26.06,890,-3.55,0
25.88,26.0,25.56,26.06,885,-3.53846153846,0
25.88,26.0,25.56,26.06,880,-3.50769230769,0
25.88,26.0,25.56,26.06,880,-3.45769230769,0
25.88,26.06,25.56,26.13,875,-3.38846153846,0
25.88,26.0,25.63,26.19,865,-3.39230769231,0
25.88,26.0,25.56,26.13,865,-3.42307692308,0
25.88,26.0,25.56,26.13,860,-3.43461538462,0
25.88,26.0,25.56,26.13,855,-3.52307692308,0
25.88,26.0,25.5,26.13,860,-3.45,0
25.88,25.94,25.56,26.06,855,-3.40769230769,0
25.88,26.0,25.56,26.06,850,-3.34615384615,0
25.88,25.94,25.56,26.13,850,-3.31538461538,0
25.88,25.94,25.56,26.06,840,-3.31538461538,0
25.88,26.0,25.56,26.13,840,-3.29615384615,0
25.88,25.94,25.56,26.06,835,-3.35769230769,0
25.88,25.94,25.56,26.06,825,-3.5,0
25.81,26.0,25.56,26.06,830,-3.53076923077,0
25.81,25.94,25.5,26.06,830,-3.5,0
25.88,25.94,25.56,26.06,830,-3.40769230769,0
25.81,25.94,25.56,26.06,820,-3.34615384615,0
25.88,25.94,25.5,26.13,825,-3.21923076923,0
25.81,25.94,25.56,26.06,825,-3.13076923077,0
25.88,25.94,25.5,26.13,820,-3.08461538462,0
25.81,25.94,25.5,26.13,810,-3.07692307692,0
25.81,25.94,25.5,26.06,815,-2.96153846154,0
25.81,25.94,25.5,26.06,810,-2.88461538462,0
25.81,25.94,25.5,26.06,805,-2.84615384615,0
25.81,25.94,25.5,26.06,800,-2.79615384615,0
25.88,25.94,25.5,26.06,795,-2.78076923077,0
25.88,25.94,25.5,26.06,800,-2.75769230769,0
25.81,25.88,25.5,26.0,795,-2.73076923077,0
25.81,25.88,25.5,26.0,795,-2.7,0
25.81,25.88,25.5,26.0,795,-2.66923076923,0
25.81,25.94,25.5,26.0,800,-2.49615384615,0
25.81,25.88,25.5,26.06,795,-2.37307692308,0
25.81,25.88,25.44,26.06,795,-2.25384615385,0
25.81,25.88,25.5,26.06,795,-2.09230769231,0
25.81,25.88,25.44,26.0,795,-1.98846153846,0
25.81,25.88,25.5,26.06,785,-1.94230769231,0
25.81,25.88,25.44,26.06,780,-1.95,0
25.81,25.88,25.44,26.0,775,-2.06153846154,0
25.81,25.88,25.44,26.06,775,-2.08461538462,0
25.81,25.88,25.5,26.0,775,-2.06538461538,0
25.75,25.88,25.5,26.0,770,-2.05,0
25.81,25.88,25.5,26.06,765,-2.13461538462,0
25.75,25.88,25.44,26.0,770,-2.08076923077,0
25.81,25.88,25.44,26.0,765,-2.03076923077,0
25.75,25.88,25.44,26.06,765,-1.98461538462,0
25.81,25.88,25.44,26.06,760,-2.04230769231,0
25.75,25.88,25.44,26.06,755,-2.05769230769,0
25.75,25.88,25.44,26.06,750,-2.12307692308,0
25.81,25.88,25.44,26.06,750,-2.19230769231,0
25.81,25.88,25.44,26.0,755,-2.22307692308,0
25.81,25.81,25.44,26.06,755,-2.26923076923,0
25.81,25.88,25.44,26.0,750,-2.28076923077,0
25.75,25.81,25.44,26.0,750,-2.30384615385,0
25.81,25.88,25.44,25.94,740,-2.38461538462,0
25.75,25.81,25.44,26.0,740,-2.42307692308,0
25.75,25.88,25.44,25.94,735,-2.41538461538,0
25.75,25.81,25.44,26.0,735,-2.40769230769,0
25.75,25.81,25.44,26.0,735,-2.35384615385,0
25.75,25.81,25.38,26.0,735,-2.25384615385,0
25.75,25.81,25.44,25.94,735,-2.10769230769,0
25.75,25.81,25.44,25.94,730,-2.06153846154,0
25.75,25.81,25.44,25.94,725,-2.06923076923,0
25.75,25.81,25.38,25.94,720,-2.13076923077,0
25.75,25.81,25.44,26.0,720,-2.15,0
25.75,25.81,25.38,25.94,715,-2.17307692308,0
25.75,25.81,25.38,25.94,715,-2.2,0
25.75,25.81,25.38,25.94,720,-2.18846153846,0
25.75,25.81,25.38,25.94,720,-2.09230769231,0
25.75,25.81,25.38,25.94,715,-2.05384615385,0
25.75,25.81,25.38,25.88,715,-1.97692307692,0
25.75,25.75,25.38,25.94,715,-1.91153846154,0
25.75,25.81,25.38,26.0,705,-1.95384615385,0
25.75,25.81,25.38,25.94,700,-2.05384615385,0
25.75,25.81,25.38,25.94,700,-2.11538461538,0
25.69,25.81,25.38,25.94,705,-2.04230769231,0
25.75,25.81,25.38,25.94,705,-1.93076923077,0
25.75,25.81,25.38,25.94,700,-1.87692307692,0
25.69,25.81,25.38,26.0,690,-1.87692307692,0
25.75,25.75,25.38,25.94,685,-1.97692307692,0
25.69,25.75,25.38,25.94,685,-2.03461538462,0
25.69,25.81,25.38,25.94,680,-2.14615384615,0
25.75,25.75,25.38,25.94,680,-2.21538461538,0
25.69,25.75,25.38,25.94,675,-2.28846153846,0
25.69,25.75,25.38,25.94,675,-2.31538461538,0
25.69,25.75,25.38,25.94,685,-2.20384615385,0
25.69,25.75,25.38,25.88,680,-2.15,0
25.69,25.75,25.38,25.94,675,-2.15384615385,0
25.69,25.75,25.38,25.94,670,-2.21538461538,0
25.69,25.75,25.38,25.94,665,-2.28461538462,0
25.75,25.75,25.38,25.94,665,-2.36153846154,0
25.75,25.75,25.38,25.94,665,-2.4,0
25.69,25.75,25.38,25.94,655,-2.44230769231,0
25.69,25.75,25.38,25.88,655,-2.43461538462,0
25.69,25.75,25.38,25.88,655,-2.42692307692,0
25.69,25.75,25.38,25.88,655,-2.37307692308,0
25.69,25.75,25.38,25.94,650,-2.31923076923,0
25.69,25.75,25.38,25.88,650,-2.31538461538,0
25.69,25.75,25.38,25.88,650,-2.31923076923,0
25.69,25.75,25.38,25.88,650,-2.28461538462,0
25.69,25.75,25.31,25.94,645,-2.20769230769,0
25.69,25.75,25.31,25.94,640,-2.13076923077,0
25.69,25.75,25.38,25.88,640,-2.05384615385,0
25.69,25.75,25.38,25.88,640,-2.03076923077,0
25.69,25.75,25.31,25.94,635,-2.06538461538,0
25.69,25.75,25.31,25.94,630,-2.10769230769,0
25.69,25.75,25.31,25.94,625,-2.20384615385,0
25.69,25.75,25.38,25.94,630,-2.21153846154,0
25.69,25.69,25.31,25.88,630,-2.23076923077,0
25.69,25.69,25.31,25.88,625,-2.26153846154,0
25.69,25.69,25.31,25.88,620,-2.2,0
25.69,25.69,25.31,25.88,620,-2.13846153846,0
25.69,25.69,25.31,25.88,620,-2.08076923077,0
25.69,25.69,25.31,25.88,620,-2.03076923077,0
25.69,25.69,25.31,25.88,620,-1.99230769231,0
25.69,25.69,25.31,25.88,615,-1.96538461538,0
25.69,25.69,25.31,25.94,615,-1.9,0
25.69,25.69,25.31,25.88,610,-1.94230769231,0
25.69,25.69,25.31,25.88,605,-1.99615384615,0
25.69,25.69,25.31,25.88,605,-2.01153846154,0
25.69,25.69,25.31,25.94,605,-1.98846153846,0
25.63,25.69,25.31,25.94,595,-2.06923076923,0
25.69,25.69,25.31,25.88,595,-2.10769230769,0
25.69,25.69,25.31,25.88,595,-2.10384615385,0
25.63,25.69,25.31,25.88,590,-2.10384615385,0
25.69,25.69,25.31,25.94,600,-2.01538461538,0
25.69,25.69,25.31,25.88,595,-1.98846153846,0
25.69,25.69,25.31,25.88,590,-1.97307692308,0
25.69,25.69,25.31,25.88,595,-1.87307692308,0
25.63,25.69,25.31,25.81,590,-1.83461538462,0
25.69,25.69,25.25,25.88,595,-1.76538461538,0
25.63,25.69,25.31,25.88,590,-1.76538461538,0
25.63,25.69,25.25,25.88,585,-1.73461538462,0
25.63,25.69,25.25,25.88,580,-1.71538461538,0
25.69,25.69,25.25,25.88,575,-1.75384615385,0
25.63,25.69,25.31,25.88,575,-1.80384615385,0
25.63,25.69,25.31,25.88,575,-1.81923076923,0
25.69,25.69,25.31,25.81,575,-1.8,0
25.69,25.63,25.25,25.88,575,-1.74615384615,0
25.69,25.69,25.25,25.88,575,-1.65769230769,0
25.63,25.69,25.25,25.88,575,-1.58461538462,0
25.63,25.63,25.25,25.94,570,-1.52692307692,0
25.63,25.63,25.25,25.88,555,-1.62307692308,0
25.63,25.69,25.25,25.88,555,-1.72692307692,0
25.63,25.69,25.25,25.88,560,-1.74615384615,0
25.63,25.63,25.25,25.88,560,-1.73076923077,0
25.63,25.69,25.25,25.94,560,-1.78076923077,0
25.63,25.69,25.25,25.88,555,-1.85,0
25.63,25.63,25.25,25.88,555,-1.88846153846,0
25.63,25.69,25.25,25.88,550,-1.99230769231,0
25.63,25.69,25.25,25.88,545,-2.01153846154,0
25.63,25.63,25.25,25.81,550,-1.99230769231,0
25.63,25.69,25.25,25.81,550,-1.98846153846,0
25.63,25.63,25.25,25.94,550,-1.90384615385,0
25.63,25.63,25.25,25.88,545,-1.88076923077,0
25.63,25.63,25.25,25.88,545,-1.77307692308,0
25.63,25.63,25.25,25.88,540,-1.72307692308,0
25.63,25.63,25.25,25.94,540,-1.68461538462,0
25.63,25.63,25.25,25.88,535,-1.70769230769,0
25.63,25.63,25.25,25.88,535,-1.74615384615,0
25.63,25.63,25.25,25.88,530,-1.8,0
25.63,25.63,25.25,25.81,530,-1.81923076923,0
25.63,25.63,25.25,25.81,525,-1.85,0
25.63,25.63,25.19,25.81,525,-1.84230769231,0
25.63,25.63,25.25,25.81,525,-1.79615384615,0
25.63,25.63,25.25,25.81,525,-1.71153846154,0
25.63,25.63,25.25,25.88,515,-1.73076923077,0
25.63,25.63,25.25,25.81,515,-1.85769230769,0
25.63,25.63,25.25,25.81,510,-2.0,0
25.63,25.63,25.19,25.81,515,-2.01153846154,0
25.56,25.63,25.25,25.88,510,-2.03461538462,0
25.63,25.63,25.25,25.81,510,-2.01923076923,0
25.63,25.63,25.19,25.88,505,-2.06153846154,0
25.63,25.63,25.19,25.81,505,-2.06538461538,0
25.63,25.63,25.25,25.81,505,-2.08076923077,0
25.63,25.63,25.25,25.81,505,-2.11153846154,0
25.63,25.63,25.19,25.81,505,-2.06153846154,0
25.63,25.63,25.25,25.81,500,-2.02307692308,0
25.63,25.63,25.19,25.81,500,-1.94615384615,0
25.63,25.63,25.25,25.88,500,-1.88076923077,0
25.56,25.63,25.19,25.88,500,-1.78076923077,0
25.56,25.63,25.25,25.88,505,-1.65,0
25.56,25.63,25.19,25.81,500,-1.53846153846,0
25.56,25.63,25.25,25.81,495,-1.49230769231,0
25.63,25.56,25.19,25.94,490,-1.46153846154,0
25.56,25.63,25.19,25.88,490,-1.44615384615,0
25.63,25.63,25.19,25.81,485,-1.44615384615,0
25.63,25.63,25.19,25.88,485,-1.46153846154,0
25.63,25.63,25.25,25.88,485,-1.44615384615,0
25.56,25.63,25.25,25.94,485,-1.4,0
25.56,25.63,25.19,25.94,480,-1.36923076923,0
25.56,25.56,25.19,25.88,480,-1.40384615385,0
25.56,25.63,25.19,25.94,485,-1.36538461538,0
25.56,25.63,25.19,25.88,480,-1.4,0
25.56,25.63,25.19,25.94,480,-1.36153846154,0
25.63,25.63,25.19,25.88,480,-1.34615384615,0
25.56,25.63,25.19,25.94,480,-1.30769230769,0
25.56,25.63,25.19,25.94,475,-1.34230769231,0
25.56,25.63,25.19,25.88,475,-1.35384615385,0
25.56,25.56,25.19,25.88,470,-1.38846153846,0
25.56,25.63,25.19,25.88,470,-1.39615384615,0
25.56,25.56,25.19,25.88,465,-1.42307692308,0
25.63,25.63,25.19,25.81,470,-1.42307692308,0
25.56,25.63,25.19,25.81,470,-1.4,0
25.56,25.56,25.19,25.81,470,-1.35384615385,0
25.56,25.56,25.19,25.81,465,-1.33076923077,0
25.56,25.56,25.19,25.88,470,-1.18461538462,0
25.56,25.56,25.19,25.88,465,-1.10769230769,0
25.56,25.56,25.19,25.88,465,-1.05384615385,0
25.56,25.63,25.19,25.88,465,-1.02692307692,0
25.56,25.56,25.19,25.81,465,-0.980769230769,0
25.56,25.56,25.19,25.81,460,-1.01153846154,0
25.56,25.56,25.19,25.81,460,-1.02307692308,0
25.56,25.56,25.19,25.81,460,-1.01538461538,0
25.56,25.56,25.13,25.81,460,-0.988461538462,0
25.56,25.56,25.13,25.81,460,-0.992307692308,0
25.56,25.63,25.19,25.88,455,-1.02692307692,0
25.56,25.56,25.19,25.88,455,-0.992307692308,0
25.56,25.56,25.19,25.81,450,-1.03076923077,0
25.56,25.56,25.19,25.81,450,-1.04615384615,0
25.56,25.56,25.13,25.88,455,-0.992307692308,0
25.56,25.56,25.19,25.88,450,-0.965384615385,0
25.56,25.56,25.13,25.88,450,-0.965384615385,0
25.56,25.56,25.13,25.88,450,-0.946153846154,0
25.56,25.56,25.19,25.81,440,-1.05,0
25.56,25.56,25.13,25.88,440,-1.13076923077,0
25.56,25.56,25.13,25.81,445,-1.19230769231,0
25.56,25.56,25.13,25.88,440,-1.23461538462,0
25.56,25.56,25.19,25.94,445,-1.20769230769,0
25.56,25.56,25.13,25.81,440,-1.20769230769,0
25.5,25.56,25.13,25.88,440,-1.23461538462,0
25.56,25.56,25.13,25.81,440,-1.19230769231,0
25.56,25.56,25.13,25.81,435,-1.22307692308,0
25.56,25.56,25.13,25.81,435,-1.23076923077,0
25.56,25.56,25.13,25.88,435,-1.21538461538,0
25.56,25.56,25.13,25.88,440,-1.13076923077,0
25.5,25.56,25.13,25.88,435,-1.12307692308,0
25.5,25.56,25.13,25.88,430,-1.14230769231,0
25.5,25.56,25.13,25.88,430,-1.13846153846,0
25.5,25.56,25.13,25.81,430,-1.11153846154,0
25.56,25.56,25.13,25.88,425,-1.10769230769,0
25.56,25.56,25.13,25.88,430,-1.08076923077,0
25.5,25.56,25.13,25.88,425,-1.08076923077,0
25.5,25.56,25.13,25.88,425,-1.10769230769,0
25.56,25.56,25.13,25.81,425,-1.11538461538,0
25.5,25.56,25.13,25.81,420,-1.1,0
25.56,25.56,25.13,25.81,420,-1.10769230769,0
25.56,25.56,25.13,25.81,415,-1.13846153846,0
25.56,25.5,25.13,25.81,415,-1.14230769231,0
25.5,25.56,25.13,25.88,415,-1.21923076923,0
25.5,25.56,25.13,25.88,420,-1.23076923077,0
25.5,25.5,25.13,25.88,415,-1.22307692308,0
25.5,25.5,25.13,25.94,415,-1.24230769231,0
25.56,25.56,25.13,25.88,415,-1.19230769231,0
25.5,25.56,25.13,25.81,410,-1.21538461538,0
25.56,25.5,25.13,25.81,415,-1.16923076923,0
25.5,25.5,25.13,25.88,415,-1.10384615385,0
25.5,25.56,25.13,25.94,405,-1.16153846154,0
25.5,25.56,25.13,25.94,400,-1.24230769231,0
25.56,25.5,25.13,25.88,405,-1.25,0
25.5,25.56,25.06,25.88,410,-1.13846153846,0
25.5,25.56,25.13,25.88,410,-1.05384615385,0
25.5,25.5,25.06,25.88,405,-1.04615384615,0
25.5,25.5,25.06,25.94,405,-1.01923076923,0
25.5,25.56,25.06,25.88,410,-0.926923076923,0
25.5,25.5,25.06,25.88,410,-0.869230769231,0
25.5,25.5,25.13,25.88,410,-0.75,0
25.5,25.5,25.13,25.88,410,-0.665384615385,0
25.5,25.5,25.13,25.94,405,-0.615384615385,0
25.5,25.5,25.13,25.88,405,-0.55,0
25.5,25.5,25.06,25.88,400,-0.565384615385,0
25.5,25.5,25.06,25.88,405,-0.519230769231,0
25.5,25.5,25.13,25.81,395,-0.603846153846,0
25.5,25.5,25.06,25.81,390,-0.719230769231,0
25.5,25.5,25.13,25.88,390,-0.815384615385,0
25.5,25.5,25.06,25.94,395,-0.796153846154,0
25.5,25.5,25.13,25.88,395,-0.807692307692,0
25.5,25.5,25.13,25.88,390,-0.85,0
25.5,25.5,25.13,25.88,390,-0.873076923077,0
25.5,25.5,25.06,25.81,390,-0.926923076923,0
25.5,25.5,25.06,25.81,390,-0.915384615385,0
25.5,25.5,25.06,25.81,390,-0.884615384615,0
25.5,25.5,25.06,25.81,390,-0.934615384615,0
25.5,25.5,25.06,25.81,390,-1.02307692308,0
25.5,25.5,25.06,25.81,390,-1.05384615385,0
25.44,25.5,25.06,25.88,390,-1.02307692308,0
25.5,25.5,25.06,25.81,390,-0.976923076923,0
25.5,25.5,25.06,25.81,390,-0.965384615385,0
25.44,25.5,25.13,25.81,390,-0.942307692308,0
25.5,25.5,25.06,25.88,390,-0.857692307692,0
25.5,25.5,25.06,25.88,390,-0.757692307692,0
25.5,25.5,25.06,25.88,390,-0.642307692308,0
25.5,25.5,25.06,25.88,390,-0.511538461538,0
25.5,25.5,25.06,25.81,390,-0.415384615385,0
25.5,25.5,25.06,25.88,390,-0.307692307692,0
25.5,25.5,25.06,25.88,390,-0.238461538462,0
25.44,25.5,25.06,25.88,390,-0.111538461538,0
25.44,25.5,25.06,25.81,390,-0.0730769230769,0
25.5,25.5,25.06,25.81,390,-0.0807692307692,0
25.5,25.5,25.06,25.81,390,-0.0884615384615,0
25.44,25.5,25.06,25.88,390,-0.0461538461538,0
25.5,25.5,25.06,25.88,390,0.0,0
25.5,25.5,25.06,25.88,390,0.0,0
25.5,25.5,25.06,25.81,390,0.0,0
25.5,25.5,25.06,25.81,390,0.0,0
25.44,25.5,25.06,25.88,390,0.0,0
25.5,25.5,25.06,25.81,390,0.0,0
25.5,25.5,25.06,25.81,390,0.0,0
25.5,25.5,25.06,25.88,390,0.0,0
25.5,25.5,25.06,25.81,390,0.0,0
25.5,25.5,25.06,25.81,390,0.0,0
25.5,25.5,25.06,25.88,390,0.0,0
25.5,25.5,25.06,25.81,390,0.0,0
25.44,25.5,25.06,25.88,390,0.0,0
25.44,25.5,25.06,25.81,390,0.0,0
25.44,25.5,25.06,25.81,390,0.0,0
25.5,25.5,25.06,25.81,390,0.0,0
25.5,25.44,25.06,25.81,390,0.0,0
25.44,25.5,25.06,25.81,390,0.0,0
25.44,25.5,25.06,25.75,390,0.0,0
25.44,25.5,25.06,25.81,385,-0.0461538461538,0
25.44,25.5,25.06,25.75,385,-0.0884615384615,0
25.44,25.5,25.06,25.75,390,-0.0807692307692,0
25.44,25.5,25.06,25.81,385,-0.119230769231,0
25.44,25.5,25.06,25.81,385,-0.153846153846,0
25.5,25.5,25.06,25.81,385,-0.184615384615,0
25.44,25.5,25.06,25.75,385,-0.211538461538,0
25.44,25.5,25.0,25.81,385,-0.234615384615,0
25.44,25.5,25.0,25.81,385,-0.253846153846,0
25.44,25.44,25.0,25.75,385,-0.269230769231,0
25.44,25.5,25.0,25.75,385,-0.280769230769,0
25.44,25.44,25.0,25.75,385,-0.288461538462,0
25.44,25.44,25.06,25.75,385,-0.292307692308,0
25.44,25.5,25.0,25.81,385,-0.292307692308,0
25.44,25.44,25.0,25.75,385,-0.288461538462,0
25.44,25.44,25.0,25.75,385,-0.280769230769,0
25.44,25.44,25.06,25.75,385,-0.269230769231,0
25.44,25.44,25.0,25.75,385,-0.253846153846,0
25.44,25.44,25.0,25.69,385,-0.234615384615,0
25.44,25.44,25.0,25.69,385,-0.211538461538,0
25.5,25.5,25.0,25.75,385,-0.184615384615,0
25.44,25.44,25.0,25.69,385,-0.153846153846,0
25.44,25.44,25.0,25.75,385,-0.119230769231,0
25.44,25.5,25.0,25.75,385,-0.0807692307692,0
25.44,25.5,25.0,25.75,385,-0.0384615384615,0
25.44,25.44,25.0,25.75,385,-0.0423076923077,0
25.44,25.44,25.0,25.81,385,-0.0461538461538,0
25.44,25.44,25.06,25.75,385,0.0,0
25.44,25.44,25.06,25.81,385,0.0,0
25.44,25.44,25.06,25.81,385,0.0,0
25.44,25.44,25.0,25.81,385,0.0,0
25.44,25.44,25.0,25.81,385,0.0,0
25.44,25.44,25.0,25.81,385,0.0,0
25.44,25.44,25.06,25.81,385,0.0,0
25.44,25.44,25.06,25.81,385,0.0,0
25.44,25.5,25.0,25.75,385,0.0,0
25.44,25.44,25.0,25.81,385,0.0,0
25.44,25.44,25.06,25.81,385,0.0,0
25.44,25.44,25.0,25.81,385,0.0,0
25.44,25.44,25.0,25.81,385,0.0,0
25.44,25.44,25.0,25.81,385,0.0,0
25.44,25.44,25.0,25.81,385,0.0,0
25.44,25.44,25.0,25.81,385,0.0,0
25.44,25.44,25.06,25.88,385,0.0,0
25.44,25.44,25.0,25.81,385,0.0,0
25.44,25.44,25.0,25.81,385,0.0,0
25.44,25.44,25.0,25.81,385,0.0,0
25.44,25.44,25.0,25.81,385,0.0,0
25.44,25.44,25.0,25.81,385,0.0,0
25.44,25.44,25.0,25.81,385,0.0,0
25.44,25.44,25.0,25.75,380,-0.0461538461538,0
25.44,25.44,25.0,25.75,380,-0.0884615384615,0
25.44,25.44,25.0,25.75,380,-0.126923076923,0
25.44,25.44,25.0,25.75,380,-0.161538461538,0
25.44,25.44,25.0,25.75,380,-0.192307692308,0
25.44,25.44,25.0,25.75,380,-0.219230769231,0
25.44,25.44,25.0,25.75,380,-0.242307692308,0
25.44,25.44,25.0,25.81,380,-0.261538461538,0
25.44,25.44,25.0,25.81,380,-0.276923076923,0
25.44,25.44,25.0,25.75,380,-0.288461538462,0
25.44,25.44,25.0,25.69,380,-0.296153846154,0
25.44,25.44,25.0,25.69,380,-0.3,0
25.44,25.44,25.0,25.69,380,-0.3,0
25.44,25.44,25.0,25.69,380,-0.296153846154,0
25.44,25.44,25.0,25.75,380,-0.288461538462,0
25.44,25.44,25.0,25.81,380,-0.276923076923,0
25.44,25.44,25.0,25.81,380,-0.261538461538,0
25.44,25.44,25.0,25.81,380,-0.242307692308,0
25.38,25.44,25.0,25.81,380,-0.219230769231,0
25.44,25.44,25.0,25.81,380,-0.192307692308,0
25.44,25.44,25.0,25.75,380,-0.161538461538,0
25.44,25.44,25.0,25.81,380,-0.126923076923,0
25.44,25.44,25.0,25.75,380,-0.0884615384615,0
25.44,25.44,25.0,25.75,380,-0.0461538461538,0
25.44,25.44,25.0,25.75,380,0.0,0
25.44,25.44,25.0,25.75,380,0.0,0
25.44,25.44,25.0,25.75,380,0.0,0
25.44,25.44,25.0,25.75,380,0.0,0
25.44,25.44,25.0,25.81,380,0.0,0
25.44,25.44,24.94,25.75,380,0.0,0
25.38,25.44,25.0,25.75,380,0.0,0
25.44,25.44,25.0,25.75,380,0.0,0
25.44,25.44,25.0,25.75,380,0.0,0
25.38,25.44,25.0,25.75,380,0.0,0
25.44,25.44,24.94,25.75,380,0.0,0
25.44,25.44,25.0,25.81,380,0.0,0
25.44,25.44,24.94,25.81,380,0.0,0
25.44,25.44,24.94,25.81,380,0.0,0
25.38,25.44,25.0,25.81,380,0.0,0
25.38,25.44,25.0,25.81,380,0.0,0
25.38,25.44,25.0,25.81,380,0.0,0
25.38,25.44,25.0,25.81,380,0.0,0
25.38,25.44,25.0,25.81,380,0.0,0
25.38,25.38,25.0,25.81,380,0.0,0
25.38,25.44,25.0,25.75,380,0.0,0
25.44,25.44,25.0,25.75,380,0.0,0
25.38,25.44,24.94,25.75,380,0.0,0
25.44,25.44,25.0,25.75,380,0.0,0
25.44,25.44,25.0,25.81,380,0.0,0
25.38,25.44,25.0,25.75,380,0.0,0
25.38,25.38,25.0,25.75,380,0.0,0
25.38,25.44,25.0,25.75,380,0.0,0
25.44,25.44,25.0,25.75,380,0.0,0
25.38,25.44,25.0,25.75,380,0.0,0
25.38,25.44,24.94,25.75,380,0.0,0
25.44,25.44,24.94,25.75,380,0.0,0
25.38,25.44,24.94,25.75,380,0.0,0
25.38,25.44,25.0,25.75,380,0.0,0
25.38,25.44,24.94,25.75,380,0.0,0
25.38,25.44,24.94,25.81,380,0.0,0
25.38,25.38,24.94,25.81,380,0.0,0
25.38,25.44,24.94,25.75,375,-0.0461538461538,0
25.38,25.44,25.0,25.75,375,-0.0884615384615,0
25.44,25.44,24.94,25.81,375,-0.126923076923,0
25.38,25.38,24.94,25.81,375,-0.161538461538,0
25.38,25.38,24.94,25.81,375,-0.192307692308,0
25.38,25.44,24.94,25.81,375,-0.219230769231,0
25.38,25.38,24.94,25.81,375,-0.242307692308,0
25.44,25.44,24.94,25.81,375,-0.261538461538,0
25.38,25.38,25.0,25.88,375,-0.276923076923,0
25.38,25.38,25.0,25.88,375,-0.288461538462,0
25.38,25.44,25.0,25.75,375,-0.296153846154,0
25.38,25.44,24.94,25.75,375,-0.3,0
25.38,25.44,24.94,25.81,375,-0.3,0
25.38,25.38,24.94,25.75,375,-0.296153846154,0
25.38,25.38,24.94,25.75,380,-0.242307692308,0
25.38,25.44,24.94,25.75,375,-0.234615384615,0
25.38,25.44,24.94,25.75,375,-0.223076923077,0
25.38,25.44,24.94,25.75,375,-0.207692307692,0
25.38,25.44,24.94,25.75,375,-0.188461538462,0
25.38,25.44,24.94,25.69,375,-0.165384615385,0
25.38,25.44,24.94,25.69,375,-0.138461538462,0
25.38,25.44,24.94,25.75,375,-0.107692307692,0
25.38,25.38,24.94,25.75,375,-0.0730769230769,0
25.38,25.38,24.94,25.75,375,-0.0346153846154,0
25.38,25.44,24.94,25.75,375,0.00769230769231,0
25.38,25.38,24.94,25.69,375,0.00384615384615,0
25.38,25.38,24.94,25.75,375,-7.69801162017e-19,0
25.38,25.44,24.94,25.69,375,-0.00384615384615,0
25.38,25.38,24.94,25.69,375,-0.00769230769231,0
25.38,25.38,24.94,25.75,375,-0.0115384615385,0
25.38,25.38,24.94,25.69,375,-0.0153846153846,0
25.38,25.38,24.94,25.69,375,-0.0192307692308,0
25.38,25.38,24.94,25.69,375,-0.0230769230769,0
25.38,25.38,24.94,25.69,375,-0.0269230769231,0
25.38,25.38,24.94,25.69,375,-0.0307692307692,0
25.38,25.38,24.94,25.63,375,-0.0346153846154,0
25.38,25.38,24.94,25.69,375,-0.0384615384615,0
25.38,25.38,24.94,25.75,375,-0.0423076923077,0
25.38,25.38,24.94,25.75,375,-0.0461538461538,0
25.38,25.44,24.94,25.69,375,0.0,0
25.38,25.44,24.94,25.75,375,0.0,0
25.38,25.38,24.94,25.69,375,0.0,0
25.38,25.38,24.94,25.69,375,0.0,0
25.38,25.38,24.94,25.69,375,0.0,0
25.38,25.38,24.94,25.75,375,0.0,0
25.38,25.38,24.94,25.69,375,0.0,0
25.38,25.38,24.94,25.69,375,0.0,0
25.38,25.38,24.94,25.69,375,0.0,0
25.31,25.38,24.94,25.63,375,0.0,0
25.38,25.38,24.94,25.69,375,0.0,0
25.38,25.38,24.94,25.69,375,0.0,0
25.38,25.38,24.94,25.63,375,0.0,0
25.38,25.38,24.94,25.63,375,0.0,0
25.38,25.38,24.88,25.63,375,0.0,0
25.38,25.38,24.94,25.75,375,0.0,0
25.38,25.38,24.94,25.75,375,0.0,0
25.31,25.38,24.94,25.75,375,0.0,0
25.38,25.44,24.94,25.75,375,0.0,0
25.38,25.38,24.94,25.75,375,0.0,0
25.38,25.44,24.94,25.75,375,0.0,0
25.38,25.38,24.94,25.75,375,0.0,0
25.38,25.38,24.94,25.75,375,0.0,0
25.38,25.38,24.94,25.75,375,0.0,0
25.38,25.38,24.88,25.75,375,0.0,0
25.38,25.38,24.94,25.69,375,0.0,0
25.38,25.38,24.94,25.75,375,0.0,0
25.38,25.38,24.94,25.75,375,0.0,0
25.38,25.38,24.94,25.75,375,0.0,0
25.38,25.38,24.94,25.69,375,0.0,0
25.38,25.38,24.88,25.69,375,0.0,0
25.38,25.38,24.94,25.75,375,0.0,0
25.31,25.38,24.88,25.75,375,0.0,0
25.31,25.38,24.94,25.75,375,0.0,0
25.31,25.38,24.94,25.69,375,0.0,0
25.31,25.38,24.94,25.81,375,0.0,0
25.38,25.38,24.88,25.81,375,0.0,0
25.38,25.38,24.94,25.75,375,0.0,0
25.38,25.38,24.94,25.75,375,0.0,0
25.38,25.38,24.88,25.75,375,0.0,0
25.38,25.38,24.88,25.75,375,0.0,0
25.38,25.38,24.94,25.75,375,0.0,0
25.38,25.38,24.94,25.81,375,0.0,0
25.38,25.38,24.88,25.75,375,0.0,0
25.38,25.38,24.88,25.75,375,0.0,0
25.38,25.38,24.94,25.75,375,0.0,0
25.38,25.38,24.94,25.75,370,-0.0461538461538,0
25.38,25.38,24.88,25.75,370,-0.0884615384615,0
25.38,25.38,24.94,25.81,370,-0.126923076923,0
25.38,25.38,24.94,25.75,370,-0.161538461538,0
25.31,25.38,24.94,25.81,370,-0.192307692308,0
25.31,25.38,24.88,25.75,370,-0.219230769231,0
25.38,25.38,24.88,25.75,375,-0.196153846154,0
25.38,25.38,24.94,25.75,370,-0.219230769231,0
25.31,25.38,24.88,25.75,370,-0.238461538462,0
25.38,25.38,24.94,25.75,375,-0.207692307692,0
25.31,25.31,24.94,25.75,370,-0.223076923077,0
25.31,25.38,24.88,25.75,370,-0.234615384615,0
25.31,25.38,24.88,25.75,370,-0.242307692308,0
25.38,25.38,24.88,25.75,370,-0.246153846154,0
25.38,25.38,24.88,25.75,370,-0.246153846154,0
25.31,25.38,24.88,25.75,370,-0.242307692308,0
25.31,25.38,24.88,25.75,370,-0.234615384615,0
25.38,25.38,24.88,25.75,370,-0.223076923077,0
25.31,25.38,24.88,25.75,370,-0.207692307692,0
25.31,25.38,24.88,25.81,370,-0.188461538462,0
25.38,25.38,24.88,25.75,370,-0.165384615385,0
25.38,25.38,24.94,25.75,370,-0.138461538462,0
25.38,25.31,24.88,25.75,370,-0.107692307692,0
25.31,25.38,24.88,25.75,370,-0.0730769230769,0
25.31,25.38,24.88,25.75,370,-0.0346153846154,0
25.31,25.38,24.88,25.75,370,-0.0423076923077,0
25.31,25.38,24.88,25.75,370,-0.05,0
25.31,25.38,24.88,25.75,370,-0.0576923076923,0
25.38,25.38,24.88,25.75,370,-0.0653846153846,0
25.31,25.31,24.88,25.75,370,-0.0730769230769,0
25.38,25.38,24.88,25.88,370,-0.0807692307692,0
25.38,25.38,24.88,25.81,370,-0.0384615384615,0
25.31,25.38,24.88,25.75,370,-0.0423076923077,0
25.31,25.38,24.88,25.75,370,-0.0461538461538,0
25.38,25.38,24.88,25.75,370,0.0,0
25.31,25.38,24.88,25.81,370,0.0,0
25.38,25.38,24.94,25.75,370,0.0,0
25.38,25.38,24.88,25.75,370,0.0,0
25.38,25.38,24.88,25.75,370,0.0,0
25.38,25.31,24.88,25.75,370,0.0,0
25.38,25.31,24.88,25.75,370,0.0,0
25.38,25.31,24.88,25.75,370,0.0,0
25.31,25.31,24.88,25.75,370,0.0,0
25.31,25.38,24.88,25.75,370,0.0,0
25.31,25.31,24.88,25.75,370,0.0,0
25.31,25.31,24.88,25.75,370,0.0,0
25.31,25.31,24.88,25.75,370,0.0,0
25.31,25.31,24.88,25.75,370,0.0,0
25.31,25.38,24.88,25.69,370,0.0,0
25.31,25.31,24.88,25.69,370,0.0,0
25.38,25.38,24.88,25.75,370,0.0,0
25.38,25.31,24.88,25.75,370,0.0,0
25.38,25.31,24.88,25.69,370,0.0,0
25.38,25.31,24.88,25.81,370,0.0,0
25.38,25.31,24.88,25.75,370,0.0,0
25.31,25.31,24.88,25.75,370,0.0,0
25.31,25.31,24.88,25.75,370,0.0,0
25.31,25.31,24.88,25.75,370,0.0,0
25.31,25.38,24.88,25.69,370,0.0,0
25.31,25.31,24.88,25.69,370,0.0,0
25.31,25.31,24.88,25.75,370,0.0,0
25.31,25.31,24.81,25.69,370,0.0,0
25.31,25.31,24.88,25.69,370,0.0,0
25.31,25.31,24.88,25.75,370,0.0,0
25.31,25.31,24.88,25.75,370,0.0,0
25.31,25.31,24.88,25.75,370,0.0,0
25.31,25.31,24.88,25.75,370,0.0,0
25.31,25.31,24.88,25.75,370,0.0,0
25.31,25.31,24.88,25.75,370,0.0,0
25.31,25.31,24.88,25.75,370,0.0,0
25.31,25.31,24.88,25.81,370,0.0,0
25.31,25.31,24.81,25.81,370,0.0,0
25.31,25.31,24.81,25.75,370,0.0,0
25.31,25.31,24.81,25.75,370,0.0,0
25.31,25.31,24.81,25.75,370,0.0,0
25.31,25.31,24.88,25.75,370,0.0,0
25.31,25.31,24.88,25.75,370,0.0,0
25.31,25.31,24.81,25.75,370,0.0,0
25.31,25.31,24.88,25.75,370,0.0,0
25.31,25.31,24.88,25.75,370,0.0,0
25.31,25.31,24.88,25.75,370,0.0,0
25.31,25.31,24.88,25.69,370,0.0,0
25.31,25.31,24.81,25.81,370,0.0,0
25.31,25.31,24.81,25.75,370,0.0,0
25.31,25.31,24.81,25.75,370,0.0,0
25.31,25.31,24.88,25.75,370,0.0,0
25.31,25.31,24.88,25.75,370,0.0,0
25.31,25.31,24.88,25.75,370,0.0,0
25.38,25.31,24.88,25.75,370,0.0,0
25.31,25.31,24.81,25.75,370,0.0,0
25.31,25.31,24.81,25.69,370,0.0,0
25.31,25.31,24.81,25.81,370,0.0,0
25.31,25.31,24.88,25.75,370,0.0,0
25.31,25.31,24.88,25.75,370,0.0,0
25.31,25.31,24.88,25.75,370,0.0,0
25.31,25.31,24.81,25.69,370,0.0,0
25.31,25.31,24.88,25.75,370,0.0,0
25.31,25.31,24.88,25.69,370,0.0,0
25.31,25.31,24.88,25.75,370,0.0,0
25.38,25.31,24.88,25.69,370,0.0,0
25.31,25.31,24.88,25.69,370,0.0,0
25.38,25.31,24.88,25.75,370,0.0,0
25.31,25.31,24.88,25.69,370,0.0,0
25.31,25.31,24.88,25.69,370,0.0,0
25.31,25.31,24.81,25.75,370,0.0,0
25.38,25.31,24.81,25.75,370,0.0,0
25.31,25.31,24.81,25.75,370,0.0,0
25.31,25.31,24.81,25.69,370,0.0,0
25.31,25.31,24.88,25.69,370,0.0,0
25.31,25.31,24.88,25.69,370,0.0,0
25.31,25.31,24.88,25.69,370,0.0,0
25.31,25.31,24.88,25.69,370,0.0,0
25.31,25.31,24.81,25.69,365,-0.0461538461538,0
25.31,25.31,24.88,25.69,370,-0.0423076923077,0
25.31,25.31,24.88,25.69,365,-0.0846153846154,0
25.31,25.31,24.81,25.81,365,-0.123076923077,0
25.31,25.31,24.88,25.75,370,-0.111538461538,0
25.31,25.31,24.81,25.75,365,-0.146153846154,0
25.31,25.31,24.81,25.69,365,-0.176923076923,0
25.31,25.31,24.81,25.69,365,-0.203846153846,0
25.31,25.31,24.81,25.69,370,-0.180769230769,0
25.31,25.31,24.81,25.75,370,-0.157692307692,0
25.31,25.31,24.88,25.69,365,-0.180769230769,0
25.38,25.31,24.81,25.69,365,-0.2,0
25.31,25.31,24.81,25.75,365,-0.215384615385,0
25.31,25.31,24.81,25.69,365,-0.226923076923,0
25.31,25.31,24.81,25.69,365,-0.234615384615,0
25.31,25.31,24.81,25.69,365,-0.238461538462,0
25.31,25.31,24.81,25.69,365,-0.238461538462,0
25.31,25.31,24.81,25.69,370,-0.188461538462,0
25.31,25.31,24.81,25.69,370,-0.138461538462,0
25.31,25.25,24.81,25.69,365,-0.134615384615,0
25.31,25.31,24.81,25.75,370,-0.0807692307692,0
25.31,25.31,24.81,25.69,365,-0.0730769230769,0
25.31,25.31,24.81,25.69,365,-0.0615384615385,0
25.31,25.31,24.81,25.75,370,1.23168185923e-17,0
25.31,25.31,24.81,25.69,370,0.0615384615385,0
25.31,25.31,24.81,25.69,365,0.0269230769231,0
25.31,25.31,24.81,25.75,370,0.0884615384615,0
25.31,25.31,24.81,25.75,365,0.0538461538462,0
25.31,25.31,24.81,25.75,365,0.0192307692308,0
25.31,25.31,24.81,25.69,365,0.0346153846154,0
25.31,25.31,24.81,25.69,365,0.00384615384615,0
25.31,25.31,24.81,25.69,365,-0.0269230769231,0
25.31,25.31,24.81,25.69,365,-0.0576923076923,0
25.31,25.31,24.81,25.69,365,-0.0384615384615,0
25.31,25.31,24.81,25.75,365,-0.0153846153846,0
25.31,25.31,24.81,25.69,365,-0.0384615384615,0
25.31,25.31,24.81,25.69,365,-0.0615384615385,0
25.31,25.31,24.81,25.69,370,-0.0384615384615,0
25.31,25.31,24.81,25.69,370,-0.0192307692308,0
25.31,25.31,24.81,25.69,365,-0.05,0
25.31,25.31,24.81,25.69,365,-0.0807692307692,0
25.31,25.31,24.81,25.81,365,-0.111538461538,0
25.31,25.31,24.81,25.69,365,-0.0923076923077,0
25.31,25.31,24.81,25.75,365,-0.0692307692308,0
25.31,25.25,24.81,25.69,365,-0.0923076923077,0
25.31,25.31,24.81,25.69,365,-0.0653846153846,0
25.31,25.31,24.81,25.69,365,-0.0846153846154,0
25.31,25.31,24.81,25.63,365,-0.103846153846,0
25.31,25.31,24.81,25.69,365,-0.0730769230769,0
25.31,25.31,24.81,25.69,365,-0.0384615384615,0
25.25,25.31,24.81,25.63,365,-0.05,0
25.31,25.31,24.81,25.63,365,-0.0115384615385,0
25.31,25.31,24.81,25.69,365,-0.0192307692308,0
25.25,25.31,24.81,25.69,365,-0.0269230769231,0
25.31,25.31,24.81,25.69,365,-0.0346153846154,0
25.31,25.31,24.81,25.69,365,-0.0423076923077,0
25.31,25.31,24.81,25.63,365,-0.05,0
25.31,25.31,24.81,25.63,365,-0.0576923076923,0
25.25,25.31,24.81,25.69,365,-0.0653846153846,0
25.31,25.31,24.81,25.69,365,-0.0730769230769,0
25.31,25.31,24.81,25.69,365,-0.0807692307692,0
25.25,25.31,24.81,25.69,365,-0.0884615384615,0
25.31,25.25,24.81,25.69,365,-0.0461538461538,0
25.31,25.31,24.81,25.63,365,0.0,0
25.31,25.31,24.81,25.69,365,0.0,0
25.31,25.25,24.81,25.69,365,0.0,0
25.31,25.31,24.81,25.69,365,0.0,0
25.31,25.31,24.81,25.69,365,0.0,0
25.31,25.31,24.81,25.69,365,0.0,0
25.31,25.25,24.81,25.69,365,0.0,0
25.31,25.31,24.81,25.69,365,0.0,0
25.25,25.31,24.81,25.69,365,0.0,0
25.31,25.31,24.81,25.69,365,0.0,0
25.25,25.25,24.81,25.69,365,0.0,0
25.25,25.31,24.75,25.69,365,0.0,0
25.31,25.31,24.81,25.69,365,0.0,0
25.25,25.25,24.75,25.69,365,0.0,0
25.31,25.25,24.75,25.69,365,0.0,0
25.31,25.25,24.81,25.69,365,0.0,0
25.31,25.25,24.81,25.69,365,0.0,0
25.31,25.25,24.81,25.69,365,0.0,0
25.31,25.25,24.81,25.63,365,0.0,0
25.31,25.25,24.81,25.63,365,0.0,0
25.31,25.25,24.75,25.69,365,0.0,0
25.31,25.31,24.81,25.69,365,0.0,0
25.25,25.31,24.81,25.69,365,0.0,0
25.25,25.25,24.81,25.69,365,0.0,0
25.25,25.31,24.75,25.69,365,0.0,0
25.25,25.31,24.75,25.63,365,0.0,0
25.31,25.25,24.75,25.63,365,0.0,0
25.25,25.31,24.81,25.69,365,0.0,0
25.25,25.25,24.81,25.63,365,0.0,0
25.25,25.25,24.75,25.69,365,0.0,0
25.25,25.25,24.81,25.69,365,0.0,0
25.25,25.25,24.81,25.69,365,0.0,0
25.25,25.31,24.75,25.63,365,0.0,0
25.25,25.31,24.81,25.63,365,0.0,0
25.25,25.25,24.75,25.69,365,0.0,0
25.25,25.31,24.81,25.69,365,0.0,0
25.31,25.31,24.81,25.63,365,0.0,0
25.25,25.25,24.75,25.69,365,0.0,0
25.25,25.25,24.81,25.63,365,0.0,0
25.31,25.25,24.75,25.63,365,0.0,0
25.25,25.25,24.75,25.69,365,0.0,0
25.25,25.25,24.81,25.63,365,0.0,0
25.25,25.25,24.75,25.63,365,0.0,0
25.25,25.25,24.81,25.69,365,0.0,0
25.25,25.25,24.81,25.69,365,0.0,0
25.25,25.25,24.81,25.69,365,0.0,0
25.31,25.25,24.81,25.63,365,0.0,0
25.31,25.25,24.81,25.63,365,0.0,0
25.25,25.25,24.75,25.69,365,0.0,0
25.25,25.25,24.75,25.69,365,0.0,0
25.25,25.25,24.75,25.63,365,0.0,0
25.25,25.25,24.75,25.63,365,0.0,0
25.25,25.25,24.75,25.63,365,0.0,0
25.25,25.25,24.75,25.63,365,0.0,0
25.25,25.25,24.75,25.63,365,0.0,0
25.25,25.25,24.75,25.63,365,0.0,0
25.25,25.25,24.75,25.56,365,0.0,0
25.25,25.25,24.81,25.63,365,0.0,0
25.25,25.25,24.81,25.69,365,0.0,0
25.25,25.25,24.81,25.69,365,0.0,0
25.25,25.25,24.75,25.63,365,0.0,0
25.25,25.25,24.75,25.63,365,0.0,0
25.25,25.25,24.75,25.63,365,0.0,0
25.25,25.25,24.81,25.63,365,0.0,0
25.25,25.25,24.75,25.63,365,0.0,0
25.25,25.31,24.75,25.63,365,0.0,0
25.25,25.25,24.75,25.63,365,0.0,0
25.25,25.25,24.75,25.69,365,0.0,0
25.25,25.25,24.75,25.63,365,0.0,0
25.25,25.25,24.81,25.63,365,0.0,0
25.25,25.25,24.75,25.63,365,0.0,0
25.25,25.25,24.75,25.63,365,0.0,0
25.25,25.25,24.75,25.63,365,0.0,0
25.25,25.25,24.75,25.63,365,0.0,0
25.25,25.25,24.75,25.63,365,0.0,0
25.25,25.25,24.75,25.63,365,0.0,0
25.25,25.31,24.75,25.63,365,0.0,0
25.25,25.25,24.75,25.69,365,0.0,0
25.25,25.25,24.75,25.63,365,0.0,0
25.25,25.25,24.75,25.63,365,0.0,0
25.25,25.25,24.75,25.63,365,0.0,0
25.25,25.25,24.75,25.63,360,-0.0461538461538,0
25.25,25.25,24.75,25.63,365,-0.0423076923077,0
25.25,25.25,24.75,25.63,365,-0.0384615384615,0
25.25,25.25,24.75,25.63,365,-0.0346153846154,0
25.25,25.25,24.75,25.63,365,-0.0307692307692,0
25.25,25.25,24.75,25.63,365,-0.0269230769231,0
25.25,25.19,24.75,25.63,365,-0.0230769230769,0
25.25,25.25,24.75,25.56,365,-0.0192307692308,0
25.25,25.25,24.75,25.56,365,-0.0153846153846,0
25.25,25.25,24.75,25.56,365,-0.0115384615385,0
25.19,25.25,24.75,25.56,365,-0.00769230769231,0
25.25,25.25,24.75,25.63,365,-0.00384615384615,0
25.25,25.25,24.75,25.63,365,7.69801162017e-19,0
25.25,25.25,24.75,25.56,365,0.00384615384615,0
25.25,25.25,24.75,25.56,365,0.00769230769231,0
25.25,25.25,24.75,25.56,360,-0.0346153846154,0
25.25,25.25,24.75,25.63,365,-0.0269230769231,0
25.25,25.25,24.75,25.63,360,-0.0653846153846,0
25.19,25.25,24.75,25.63,365,-0.0538461538462,0
25.25,25.25,24.75,25.63,365,-0.0423076923077,0
25.19,25.25,24.75,25.63,360,-0.0769230769231,0
25.19,25.25,24.75,25.63,365,-0.0615384615385,0
25.25,25.25,24.75,25.63,365,-0.0461538461538,0
25.19,25.25,24.75,25.63,365,-0.0307692307692,0
25.19,25.25,24.69,25.56,365,-0.0153846153846,0
25.19,25.25,24.75,25.56,360,-0.0961538461538,0
25.19,25.25,24.69,25.56,365,-0.0807692307692,0
25.19,25.25,24.69,25.56,365,-0.0653846153846,0
25.25,25.25,24.75,25.63,365,-0.05,0
25.25,25.25,24.69,25.56,360,-0.0807692307692,0
25.25,25.25,24.75,25.63,365,-0.0615384615385,0
25.25,25.25,24.75,25.56,365,-0.0423076923077,0
25.25,25.25,24.75,25.56,365,-0.0230769230769,0
25.25,25.25,24.75,25.56,360,-0.05,0
25.19,25.25,24.69,25.5,365,-0.0269230769231,0
25.25,25.25,24.75,25.56,365,-0.00384615384615,0
25.19,25.25,24.69,25.5,365,0.0192307692308,0
25.25,25.25,24.69,25.5,365,0.0423076923077,0
25.25,25.25,24.69,25.56,360,0.0192307692308,0
25.25,25.19,24.69,25.5,360,-1.23168185923e-17,0
25.25,25.25,24.75,25.56,365,-0.0192307692308,0
25.25,25.25,24.75,25.56,360,-0.0384615384615,0
25.25,25.25,24.69,25.56,360,-0.103846153846,0
25.19,25.19,24.69,25.56,360,-0.119230769231,0
25.25,25.19,24.69,25.56,365,-0.0846153846154,0
25.19,25.25,24.75,25.56,365,-0.1,0
25.19,25.25,24.75,25.63,365,-0.0692307692308,0
25.25,25.25,24.69,25.63,365,-0.0384615384615,0
25.25,25.25,24.69,25.56,365,-0.00769230769231,0
25.19,25.25,24.75,25.56,365,0.0230769230769,0
25.25,25.25,24.69,25.56,360,-0.0423076923077,0
25.25,25.19,24.69,25.56,360,-0.0576923076923,0
25.25,25.19,24.69,25.56,360,-0.0692307692308,0
25.19,25.25,24.69,25.56,365,-0.0307692307692,0
25.25,25.19,24.75,25.56,365,-0.0423076923077,0
25.25,25.19,24.69,25.56,365,-0.00769230769231,0
25.25,25.25,24.69,25.5,360,-0.0192307692308,0
25.25,25.19,24.69,25.5,360,-0.0269230769231,0
25.25,25.19,24.69,25.5,365,-0.0346153846154,0
25.19,25.25,24.69,25.5,365,0.00384615384615,0
25.19,25.25,24.69,25.5,365,0.0423076923077,0
25.25,25.25,24.69,25.56,360,0.0346153846154,0
25.25,25.19,24.69,25.56,360,0.0307692307692,0
25.25,25.19,24.69,25.56,360,-0.0192307692308,0
25.25,25.25,24.69,25.56,360,-0.0692307692308,0
25.19,25.19,24.69,25.56,360,-0.0692307692308,0
25.25,25.19,24.69,25.5,360,-0.115384615385,0
25.25,25.19,24.69,25.56,360,-0.161538461538,0
25.25,25.19,24.75,25.5,360,-0.207692307692,0
25.25,25.25,24.69,25.5,360,-0.203846153846,0
25.25,25.25,24.69,25.5,360,-0.196153846154,0
25.25,25.19,24.69,25.56,360,-0.184615384615,0
25.25,25.19,24.69,25.56,360,-0.169230769231,0
25.19,25.19,24.69,25.5,365,-0.103846153846,0
25.19,25.19,24.69,25.56,360,-0.0846153846154,0
25.19,25.25,24.69,25.5,360,-0.111538461538,0
25.25,25.19,24.69,25.5,360,-0.138461538462,0
25.25,25.19,24.69,25.56,360,-0.165384615385,0
25.19,25.19,24.63,25.56,360,-0.142307692308,0
25.19,25.19,24.69,25.5,365,-0.0692307692308,0
25.19,25.19,24.69,25.56,360,-0.0423076923077,0
25.19,25.19,24.69,25.56,360,-0.0615384615385,0
25.19,25.25,24.69,25.5,360,-0.0807692307692,0
25.19,25.19,24.63,25.56,360,-0.05,0
25.19,25.19,24.69,25.56,360,-0.0153846153846,0
25.19,25.25,24.69,25.56,360,0.0230769230769,0
25.19,25.19,24.69,25.5,360,0.0153846153846,0
25.19,25.25,24.69,25.56,360,0.00769230769231,0
25.19,25.19,24.69,25.56,360,3.0792046480700003e-18,0
25.19,25.19,24.69,25.5,360,-0.00769230769231,0
25.19,25.19,24.69,25.56,360,-0.0153846153846,0
25.19,25.19,24.69,25.56,360,-0.0230769230769,0
25.19,25.25,24.69,25.56,360,-0.0307692307692,0
25.25,25.25,24.69,25.5,360,-0.0384615384615,0
25.19,25.19,24.69,25.5,360,-0.0461538461538,0
25.19,25.19,24.69,25.5,360,-0.0538461538462,0
25.19,25.19,24.69,25.5,360,-0.0615384615385,0
25.19,25.19,24.69,25.56,360,-0.0692307692308,0
25.19,25.25,24.69,25.56,360,-0.0269230769231,0
25.19,25.25,24.69,25.56,360,-0.0307692307692,0
25.19,25.19,24.69,25.56,360,-0.0346153846154,0
25.19,25.19,24.69,25.56,360,-0.0384615384615,0
25.19,25.19,24.69,25.56,360,-0.0423076923077,0
25.19,25.19,24.69,25.56,360,-0.0461538461538,0
25.19,25.19,24.69,25.56,360,0.0,0
25.19,25.19,24.69,25.56,360,0.0,0
25.19,25.19,24.69,25.56,360,0.0,0
25.19,25.19,24.63,25.63,360,0.0,0
25.19,25.19,24.69,25.56,360,0.0,0
25.19,25.19,24.69,25.56,360,0.0,0
25.19,25.19,24.63,25.56,360,0.0,0
25.19,25.19,24.63,25.56,360,0.0,0
25.19,25.19,24.69,25.56,360,0.0,0
25.13,25.19,24.69,25.56,360,0.0,0
25.19,25.19,24.69,25.5,360,0.0,0
25.19,25.19,24.69,25.56,360,0.0,0
25.19,25.19,24.69,25.56,360,0.0,0
25.19,25.19,24.69,25.56,360,0.0,0
25.19,25.19,24.69,25.56,360,0.0,0
25.19,25.19,24.69,25.5,360,0.0,0
25.19,25.19,24.69,25.5,360,0.0,0
25.19,25.19,24.63,25.56,360,0.0,0
25.19,25.19,24.63,25.56,360,0.0,0
25.19,25.19,24.69,25.56,360,0.0,0
25.19,25.19,24.69,25.56,360,0.0,0
25.19,25.19,24.69,25.63,360,0.0,0
25.19,25.19,24.69,25.56,360,0.0,0
25.19,25.19,24.69,25.5,360,0.0,0
25.25,25.19,24.63,25.5,360,0.0,0
25.25,25.19,24.63,25.5,360,0.0,0
25.19,25.19,24.63,25.5,360,0.0,0
25.19,25.19,24.69,25.56,360,0.0,0
25.19,25.19,24.69,25.56,360,0.0,0
25.19,25.19,24.69,25.56,360,0.0,0
25.19,25.19,24.63,25.5,360,0.0,0
25.19,25.19,24.63,25.5,360,0.0,0
25.19,25.19,24.63,25.56,360,0.0,0
25.19,25.19,24.63,25.56,360,0.0,0
25.19,25.19,24.69,25.5,360,0.0,0
25.19,25.19,24.63,25.56,360,0.0,0
25.19,25.19,24.63,25.56,360,0.0,0
25.19,25.19,24.69,25.56,360,0.0,0
25.19,25.19,24.69,25.56,360,0.0,0
25.19,25.19,24.63,25.5,360,0.0,0
25.19,25.19,24.63,25.5,360,0.0,0
25.19,25.19,24.69,25.5,360,0.0,0
25.19,25.19,24.69,25.5,360,0.0,0
25.19,25.19,24.63,25.44,360,0.0,0
25.19,25.19,24.63,25.44,360,0.0,0
25.19,25.19,24.63,25.44,360,0.0,0
25.19,25.19,24.63,25.5,360,0.0,0
25.19,25.19,24.63,25.5,360,0.0,0
25.19,25.19,24.63,25.5,360,0.0,0
25.19,25.19,24.63,25.5,360,0.0,0
25.19,25.19,24.63,25.5,360,0.0,0
25.19,25.19,24.63,25.44,360,0.0,0
25.19,25.19,24.63,25.44,360,0.0,0
25.19,25.19,24.63,25.44,360,0.0,0
25.19,25.19,24.63,25.44,360,0.0,0
25.19,25.19,24.63,25.44,360,0.0,0
25.19,25.19,24.63,25.44,360,0.0,0
25.19,25.19,24.63,25.44,360,0.0,0
25.19,25.19,24.63,25.44,360,0.0,0
25.19,25.19,24.63,25.44,360,0.0,0
25.19,25.19,24.63,25.44,360,0.0,0
25.19,25.19,24.63,25.44,360,0.0,0
25.19,25.19,24.63,25.5,360,0.0,0
25.19,25.19,24.63,25.44,360,0.0,0
25.19,25.19,24.63,25.44,360,0.0,0
25.19,25.19,24.56,25.44,360,0.0,0
25.19,25.19,24.63,25.44,360,0.0,0
25.19,25.19,24.63,25.44,360,0.0,0
25.19,25.19,24.63,25.44,360,0.0,0
25.19,25.19,24.63,25.44,360,0.0,0
25.19,25.19,24.63,25.44,360,0.0,0
25.13,25.19,24.63,25.44,360,0.0,0
25.19,25.19,24.63,25.44,360,0.0,0
25.19,25.19,24.63,25.5,360,0.0,0
25.19,25.19,24.63,25.44,360,0.0,0
25.19,25.19,24.63,25.44,360,0.0,0
25.19,25.19,24.63,25.44,360,0.0,0
25.19,25.13,24.63,25.5,360,0.0,0
25.19,25.19,24.63,25.44,360,0.0,0
25.19,25.19,24.63,25.5,360,0.0,0
25.19,25.19,24.63,25.44,360,0.0,0
25.19,25.19,24.63,25.5,360,0.0,0
25.19,25.19,24.63,25.44,360,0.0,0
25.19,25.13,24.63,25.44,360,0.0,0
25.19,25.19,24.63,25.44,360,0.0,0
25.19,25.19,24.63,25.44,360,0.0,0
25.19,25.19,24.63,25.44,360,0.0,0
25.19,25.19,24.63,25.5,360,0.0,0
25.19,25.13,24.63,25.5,360,0.0,0
25.19,25.19,24.63,25.44,360,0.0,0
25.19,25.19,24.63,25.44,360,0.0,0
25.19,25.19,24.63,25.44,360,0.0,0
25.19,25.19,24.63,25.5,360,0.0,0
25.19,25.13,24.56,25.5,360,0.0,0
25.19,25.19,24.63,25.5,360,0.0,0
25.19,25.19,24.63,25.5,360,0.0,0
25.19,25.19,24.63,25.5,360,0.0,0
25.19,25.19,24.63,25.5,360,0.0,0
25.19,25.19,24.63,25.5,360,0.0,0
25.13,25.13,24.63,25.5,360,0.0,0
25.13,25.13,24.63,25.5,360,0.0,0
25.13,25.19,24.63,25.5,360,0.0,0
25.13,25.13,24.56,25.5,360,0.0,0
25.13,25.13,24.63,25.5,360,0.0,0
25.13,25.19,24.63,25.5,360,0.0,0
25.13,25.19,24.56,25.5,360,0.0,0
25.13,25.19,24.63,25.5,360,0.0,0
25.13,25.19,24.63,25.44,360,0.0,0
25.13,25.19,24.63,25.5,360,0.0,0
25.19,25.13,24.63,25.5,360,0.0,0
25.13,25.13,24.63,25.5,360,0.0,0
25.13,25.19,24.63,25.5,360,0.0,0
25.13,25.13,24.63,25.5,360,0.0,0
25.13,25.13,24.56,25.5,360,0.0,0
25.13,25.13,24.56,25.5,360,0.0,0
25.13,25.13,24.56,25.44,360,0.0,0
25.19,25.19,24.56,25.5,360,0.0,0
25.13,25.13,24.56,25.5,360,0.0,0
25.13,25.13,24.56,25.5,360,0.0,0
25.13,25.19,24.56,25.5,360,0.0,0
25.19,25.13,24.56,25.5,360,0.0,0
25.13,25.19,24.56,25.5,360,0.0,0
25.19,25.13,24.56,25.5,360,0.0,0
25.19,25.13,24.56,25.5,360,0.0,0
25.19,25.13,24.63,25.5,360,0.0,0
25.19,25.13,24.56,25.5,360,0.0,0
25.19,25.13,24.63,25.44,360,0.0,0
25.19,25.19,24.63,25.5,360,0.0,0
25.13,25.13,24.56,25.5,360,0.0,0
25.13,25.13,24.56,25.5,360,0.0,0
25.13,25.13,24.63,25.5,360,0.0,0
25.13,25.13,24.56,25.56,360,0.0,0
25.13,25.13,24.56,25.5,360,0.0,0
25.19,25.13,24.56,25.5,360,0.0,0
25.13,25.13,24.56,25.5,360,0.0,0
25.13,25.19,24.56,25.5,360,0.0,0
25.13,25.13,24.63,25.5,360,0.0,0
25.19,25.13,24.56,25.5,360,0.0,0
25.19,25.19,24.56,25.5,360,0.0,0
25.13,25.13,24.56,25.5,360,0.0,0
25.13,25.13,24.63,25.5,360,0.0,0
25.13,25.13,24.63,25.44,360,0.0,0
25.13,25.13,24.63,25.44,360,0.0,0
25.13,25.13,24.56,25.5,360,0.0,0
25.13,25.13,24.56,25.44,360,0.0,0
25.13,25.19,24.56,25.44,360,0.0,0
25.13,25.19,24.56,25.44,360,0.0,0
25.13,25.19,24.56,25.5,360,0.0,0
25.13,25.13,24.56,25.44,360,0.0,0
25.13,25.13,24.56,25.44,360,0.0,0
25.13,25.13,24.56,25.44,360,0.0,0
25.13,25.19,24.56,25.44,360,0.0,0
25.13,25.13,24.56,25.44,360,0.0,0
25.13,25.19,24.56,25.44,360,0.0,0
25.13,25.13,24.56,25.44,360,0.0,0
25.13,25.19,24.56,25.5,360,0.0,0
25.13,25.13,24.56,25.5,360,0.0,0
25.13,25.13,24.63,25.5,360,0.0,0
25.13,25.13,24.56,25.44,360,0.0,0
25.13,25.13,24.56,25.44,360,0.0,0
25.13,25.13,24.56,25.44,360,0.0,0
25.13,25.13,24.56,25.44,360,0.0,0
25.13,25.19,24.56,25.5,360,0.0,0
25.13,25.19,24.56,25.44,360,0.0,0
25.19,25.13,24.63,25.38,360,0.0,0
25.13,25.13,24.56,25.38,360,0.0,0
25.13,25.13,24.56,25.38,360,0.0,0
25.13,25.13,24.56,25.38,360,0.0,0
25.13,25.13,24.56,25.38,360,0.0,0
25.13,25.13,24.56,25.31,360,0.0,0
25.13,25.13,24.5,25.31,360,0.0,0
25.13,25.13,24.56,25.31,360,0.0,0
25.13,25.13,24.56,25.31,360,0.0,0
25.13,25.13,24.56,25.31,360,0.0,0
25.13,25.13,24.56,25.31,360,0.0,0
25.13,25.13,24.56,25.31,360,0.0,0
25.13,25.13,24.5,25.25,360,0.0,0
25.13,25.13,24.56,25.31,360,0.0,0
25.13,25.13,24.56,25.31,360,0.0,0
25.13,25.13,24.56,25.25,360,0.0,0
25.13,25.13,24.5,25.31,360,0.0,0
25.13,25.13,24.56,25.31,360,0.0,0
25.13,25.13,24.5,25.31,360,0.0,0
25.13,25.13,24.56,25.25,360,0.0,0
25.13,25.13,24.5,25.25,360,0.0,0
25.13,25.13,24.5,25.31,360,0.0,0
25.13,25.13,24.56,25.31,360,0.0,0
25.13,25.13,24.5,25.38,360,0.0,0
25.13,25.13,24.5,25.31,360,0.0,0
25.13,25.13,24.5,25.31,360,0.0,0
25.13,25.13,24.5,25.31,360,0.0,0
25.13,25.13,24.56,25.31,360,0.0,0
25.13,25.19,24.56,25.31,360,0.0,0
25.13,25.13,24.56,25.38,360,0.0,0
25.13,25.13,24.5,25.38,360,0.0,0
25.13,25.13,24.5,25.31,360,0.0,0
25.13,25.13,24.56,25.31,360,0.0,0
25.13,25.13,24.56,25.31,360,0.0,0
25.13,25.13,24.56,25.31,360,0.0,0
25.13,25.13,24.56,25.38,360,0.0,0
25.13,25.13,24.56,25.38,355,-0.0461538461538,0
25.13,25.13,24.56,25.31,355,-0.0884615384615,0
25.13,25.13,24.56,25.31,360,-0.0807692307692,0
25.13,25.13,24.56,25.38,355,-0.119230769231,0
25.13,25.13,24.56,25.38,355,-0.153846153846,0
25.13,25.13,24.56,25.31,360,-0.138461538462,0
25.13,25.13,24.56,25.31,360,-0.123076923077,0
25.13,25.13,24.56,25.31,360,-0.107692307692,0
25.13,25.13,24.5,25.31,360,-0.0923076923077,0
25.13,25.13,24.56,25.38,355,-0.123076923077,0
25.13,25.06,24.56,25.31,360,-0.103846153846,0
25.13,25.13,24.56,25.38,360,-0.0846153846154,0
25.13,25.13,24.5,25.31,360,-0.0653846153846,0
25.13,25.13,24.5,25.31,360,-0.0461538461538,0
25.13,25.13,24.5,25.31,360,-0.0269230769231,0
25.13,25.13,24.5,25.31,360,-0.00769230769231,0
25.13,25.13,24.5,25.31,355,-0.0346153846154,0
25.13,25.13,24.5,25.38,355,-0.0576923076923,0
25.13,25.13,24.5,25.31,355,-0.0769230769231,0
25.13,25.13,24.5,25.31,360,-0.0461538461538,0
25.13,25.13,24.5,25.31,360,-0.0153846153846,0
25.13,25.13,24.56,25.31,360,0.0153846153846,0
25.13,25.13,24.5,25.25,360,0.0461538461538,0
25.13,25.13,24.5,25.25,360,0.0769230769231,0
25.13,25.13,24.5,25.31,360,0.107692307692,0
25.13,25.13,24.5,25.25,360,0.0884615384615,0
25.13,25.13,24.5,25.25,360,0.0653846153846,0
25.13,25.13,24.5,25.31,360,0.0884615384615,0
25.06,25.13,24.5,25.31,360,0.0615384615385,0
25.06,25.13,24.5,25.31,360,0.0307692307692,0
25.06,25.06,24.56,25.25,355,0.0,0
25.13,25.13,24.5,25.31,360,0.0192307692308,0
25.13,25.13,24.5,25.25,355,-0.00769230769231,0
25.13,25.13,24.5,25.25,355,-0.0307692307692,0
25.13,25.13,24.5,25.25,360,-0.0538461538462,0
25.06,25.06,24.5,25.25,355,-0.0769230769231,0
25.13,25.13,24.5,25.25,360,-0.05,0
25.06,25.13,24.5,25.25,360,-0.0230769230769,0
25.06,25.13,24.5,25.25,360,0.00384615384615,0
25.06,25.06,24.5,25.25,360,0.0307692307692,0
25.06,25.06,24.5,25.19,360,0.0576923076923,0
25.06,25.13,24.5,25.25,355,-0.0115384615385,0
25.13,25.06,24.5,25.19,355,-0.0807692307692,0
25.06,25.13,24.5,25.25,355,-0.15,0
25.06,25.13,24.5,25.31,355,-0.169230769231,0
25.06,25.13,24.5,25.31,360,-0.138461538462,0
25.06,25.13,24.5,25.13,355,-0.153846153846,0
25.06,25.13,24.44,25.19,360,-0.119230769231,0
25.06,25.13,24.5,25.25,360,-0.0846153846154,0
25.06,25.13,24.5,25.25,355,-0.0961538461538,0
25.06,25.13,24.5,25.19,355,-0.103846153846,0
25.06,25.13,24.5,25.19,360,-0.0615384615385,0
25.06,25.13,24.5,25.13,360,-0.0192307692308,0
25.06,25.13,24.5,25.13,360,0.0230769230769,0
25.06,25.06,24.5,25.25,360,0.0653846153846,0
25.06,25.06,24.5,25.19,355,0.0115384615385,0
25.06,25.13,24.5,25.19,355,0.00769230769231,0
25.06,25.13,24.5,25.19,355,-0.0423076923077,0
25.06,25.13,24.5,25.13,355,-0.0923076923077,0
25.06,25.06,24.5,25.19,360,-0.0461538461538,0
25.06,25.13,24.5,25.25,355,-0.0961538461538,0
25.06,25.13,24.5,25.25,355,-0.0961538461538,0
25.06,25.13,24.5,25.19,355,-0.0923076923077,0
25.06,25.13,24.44,25.19,355,-0.0846153846154,0
25.06,25.06,24.44,25.13,355,-0.0730769230769,0
25.06,25.06,24.44,25.19,355,-0.0576923076923,0
25.06,25.06,24.44,25.13,355,-0.0884615384615,0
25.06,25.06,24.44,25.19,355,-0.119230769231,0
25.06,25.06,24.5,25.19,355,-0.15,0
25.06,25.06,24.44,25.19,355,-0.180769230769,0
25.06,25.06,24.5,25.25,355,-0.161538461538,0
25.06,25.06,24.44,25.19,355,-0.188461538462,0
25.06,25.06,24.44,25.19,355,-0.165384615385,0
25.06,25.06,24.44,25.19,355,-0.138461538462,0
25.06,25.13,24.44,25.25,355,-0.157692307692,0
25.06,25.06,24.44,25.25,355,-0.176923076923,0
25.06,25.06,24.44,25.25,360,-0.1,0
25.06,25.13,24.5,25.25,355,-0.0692307692308,0
25.06,25.06,24.5,25.25,355,-0.0346153846154,0
25.06,25.06,24.44,25.31,355,0.00384615384615,0
25.06,25.06,24.5,25.31,355,-0.00384615384615,0
25.06,25.06,24.5,25.31,355,-0.0115384615385,0
25.06,25.13,24.5,25.31,355,-0.0192307692308,0
25.06,25.06,24.5,25.31,355,-0.0269230769231,0
25.06,25.06,24.5,25.31,355,0.0153846153846,0
25.06,25.06,24.5,25.31,355,0.0115384615385,0
25.06,25.06,24.5,25.31,355,0.00769230769231,0
25.06,25.06,24.5,25.38,355,0.00384615384615,0
25.06,25.06,24.44,25.31,355,-7.69801162017e-19,0
25.06,25.06,24.44,25.31,355,-0.00384615384615,0
25.06,25.06,24.44,25.31,355,-0.00769230769231,0
25.06,25.06,24.44,25.31,355,-0.0115384615385,0
25.06,25.06,24.44,25.31,355,-0.0153846153846,0
25.06,25.06,24.44,25.31,355,-0.0192307692308,0
25.06,25.06,24.5,25.25,355,-0.0230769230769,0
25.06,25.06,24.44,25.25,355,-0.0269230769231,0
25.06,25.06,24.44,25.25,355,-0.0307692307692,0
25.06,25.06,24.44,25.31,355,-0.0346153846154,0
25.06,25.06,24.44,25.31,355,-0.0384615384615,0
25.06,25.06,24.44,25.38,355,-0.0423076923077,0
25.06,25.06,24.44,25.38,355,-0.0461538461538,0
25.06,25.06,24.44,25.31,355,0.0,0
25.06,25.06,24.44,25.38,355,0.0,0
25.06,25.06,24.44,25.31,355,0.0,0
25.06,25.06,24.44,25.38,355,0.0,0
25.06,25.06,24.5,25.38,355,0.0,0
25.06,25.06,24.5,25.31,355,0.0,0
25.06,25.06,24.44,25.31,355,0.0,0
25.06,25.06,24.44,25.31,355,0.0,0
25.06,25.06,24.44,25.31,355,0.0,0
25.06,25.06,24.44,25.38,355,0.0,0
25.06,25.06,24.44,25.31,355,0.0,0
25.06,25.06,24.44,25.31,355,0.0,0
25.06,25.06,24.5,25.31,355,0.0,0
25.06,25.06,24.44,25.31,355,0.0,0
25.0,25.06,24.44,25.31,355,0.0,0
25.06,25.06,24.44,25.38,355,0.0,0
25.06,25.06,24.44,25.31,355,0.0,0
25.06,25.06,24.44,25.31,355,0.0,0
25.06,25.06,24.44,25.31,360,0.0461538461538,0
25.06,25.06,24.44,25.31,355,0.0423076923077,0
25.06,25.06,24.44,25.31,355,0.0384615384615,0
25.06,25.06,24.44,25.31,355,0.0346153846154,0
25.06,25.06,24.44,25.31,355,0.0307692307692,0
25.06,25.06,24.44,25.31,355,0.0269230769231,0
25.06,25.06,24.44,25.38,355,0.0230769230769,0
25.06,25.06,24.44,25.38,355,0.0192307692308,0
25.06,25.06,24.44,25.31,355,0.0153846153846,0
25.06,25.06,24.5,25.31,355,0.0115384615385,0
25.06,25.06,24.44,25.31,355,0.00769230769231,0
25.06,25.06,24.44,25.31,355,0.00384615384615,0
25.06,25.06,24.44,25.38,360,0.0461538461538,0
25.06,25.06,24.44,25.38,355,0.0384615384615,0
25.06,25.06,24.44,25.31,355,0.0307692307692,0
25.06,25.06,24.44,25.31,355,0.0230769230769,0
25.06,25.06,24.44,25.31,355,0.0153846153846,0
25.06,25.06,24.44,25.31,355,0.00769230769231,0
25.06,25.06,24.44,25.38,355,-1.53960232403e-18,0
25.06,25.06,24.44,25.31,355,-0.00769230769231,0
25.06,25.06,24.44,25.31,355,-0.0153846153846,0
25.06,25.06,24.44,25.38,355,-0.0230769230769,0
25.06,25.06,24.44,25.44,355,-0.0307692307692,0
25.06,25.06,24.44,25.38,355,-0.0384615384615,0
25.0,25.06,24.44,25.31,355,-0.0461538461538,0
25.0,25.06,24.44,25.38,355,-0.00384615384615,0
25.06,25.06,24.44,25.38,355,-0.00769230769231,0
25.06,25.06,24.44,25.38,355,-0.0115384615385,0
25.06,25.06,24.44,25.38,355,-0.0153846153846,0
25.06,25.06,24.44,25.38,355,-0.0192307692308,0
25.06,25.06,24.44,25.38,355,-0.0230769230769,0
25.06,25.06,24.44,25.38,355,-0.0269230769231,0
25.06,25.06,24.44,25.31,355,-0.0307692307692,0
25.06,25.06,24.44,25.31,355,-0.0346153846154,0
25.06,25.06,24.44,25.38,355,-0.0384615384615,0
25.06,25.0,24.44,25.38,355,-0.0423076923077,0
25.06,25.06,24.44,25.31,355,-0.0461538461538,0
25.06,25.06,24.44,25.31,355,0.0,0
25.06,25.06,24.44,25.38,355,0.0,0
25.06,25.0,24.44,25.31,355,0.0,0
25.06,25.0,24.44,25.31,355,0.0,0
25.06,25.0,24.44,25.31,355,0.0,0
25.06,25.06,24.44,25.31,355,0.0,0
25.06,25.06,24.44,25.31,355,0.0,0
25.06,25.06,24.44,25.31,355,0.0,0
25.06,25.0,24.5,25.38,355,0.0,0
25.06,25.06,24.44,25.31,355,0.0,0
25.0,25.06,24.44,25.38,355,0.0,0
25.06,25.06,24.44,25.31,355,0.0,0
25.06,25.06,24.44,25.31,355,0.0,0
25.06,25.06,24.44,25.31,355,0.0,0
25.06,25.06,24.44,25.31,355,0.0,0
25.06,25.06,24.5,25.31,355,0.0,0
25.06,25.0,24.44,25.31,355,0.0,0
25.06,25.0,24.44,25.31,355,0.0,0
25.06,25.0,24.44,25.38,355,0.0,0
25.06,25.0,24.44,25.31,355,0.0,0
25.06,25.06,24.5,25.38,355,0.0,0
25.06,25.06,24.5,25.38,355,0.0,0
25.06,25.0,24.5,25.31,355,0.0,0
25.06,25.06,24.5,25.31,355,0.0,0
25.06,25.06,24.44,25.38,355,0.0,0
25.06,25.0,24.44,25.31,355,0.0,0
25.06,25.06,24.5,25.38,355,0.0,0
25.06,25.06,24.44,25.31,355,0.0,0
25.0,25.0,24.44,25.38,355,0.0,0
25.06,25.06,24.44,25.31,355,0.0,0
25.06,25.06,24.44,25.38,355,0.0,0
25.06,25.06,24.44,25.31,355,0.0,0
25.06,25.06,24.44,25.31,355,0.0,0
25.06,25.06,24.5,25.31,355,0.0,0
25.06,25.06,24.44,25.31,355,0.0,0
25.06,25.06,24.44,25.38,355,0.0,0
25.06,25.06,24.44,25.31,355,0.0,0
25.06,25.06,24.44,25.38,355,0.0,0
25.06,25.06,24.44,25.38,360,0.0461538461538,0
25.06,25.06,24.44,25.38,355,0.0423076923077,0
25.06,25.06,24.44,25.38,355,0.0384615384615,0
25.06,25.06,24.44,25.31,355,0.0346153846154,0
25.06,25.06,24.44,25.31,355,0.0307692307692,0
25.06,25.06,24.44,25.31,355,0.0269230769231,0
25.06,25.06,24.44,25.38,355,0.0230769230769,0
25.06,25.06,24.44,25.38,355,0.0192307692308,0
25.06,25.0,24.44,25.31,355,0.0153846153846,0
25.06,25.06,24.44,25.38,355,0.0115384615385,0
25.06,25.0,24.44,25.31,355,0.00769230769231,0
25.06,25.06,24.44,25.31,355,0.00384615384615,0
25.06,25.06,24.44,25.31,355,-7.69801162017e-19,0
25.06,25.06,24.44,25.31,355,-0.00384615384615,0
25.06,25.06,24.44,25.31,355,-0.00769230769231,0
25.06,25.06,24.44,25.31,355,-0.0115384615385,0
25.0,25.06,24.5,25.38,355,-0.0153846153846,0
25.06,25.06,24.44,25.38,355,-0.0192307692308,0
25.06,25.06,24.44,25.38,355,-0.0230769230769,0
25.06,25.06,24.44,25.38,355,-0.0269230769231,0
25.06,25.0,24.5,25.38,355,-0.0307692307692,0
25.06,25.06,24.44,25.31,360,0.0115384615385,0
25.06,25.0,24.44,25.38,360,0.05,0
25.06,25.0,24.44,25.31,355,0.0384615384615,0
25.0,25.06,24.44,25.31,355,0.0269230769231,0
25.06,25.06,24.44,25.31,355,0.0653846153846,0
25.06,25.06,24.44,25.31,355,0.0576923076923,0
25.06,25.0,24.44,25.31,355,0.05,0
25.06,25.0,24.44,25.31,355,0.0423076923077,0
25.06,25.0,24.44,25.44,355,0.0346153846154,0
25.06,25.0,24.44,25.38,355,0.0269230769231,0
25.06,25.06,24.44,25.44,355,0.0192307692308,0
25.06,25.0,24.44,25.38,355,0.0115384615385,0
25.06,25.0,24.5,25.38,355,0.00384615384615,0
25.0,25.0,24.44,25.38,355,-0.00384615384615,0
25.06,25.0,24.44,25.38,355,-0.0115384615385,0
25.06,25.06,24.44,25.31,360,0.0269230769231,0
25.06,25.0,24.44,25.31,355,0.0153846153846,0
25.0,25.0,24.44,25.31,355,0.00384615384615,0
25.0,25.0,24.44,25.31,360,0.0384615384615,0
25.0,25.0,24.44,25.31,355,0.0230769230769,0
25.0,25.0,24.5,25.31,355,0.00769230769231,0
25.0,25.0,24.5,25.38,355,-0.00769230769231,0
25.0,25.0,24.44,25.31,355,-0.0230769230769,0
25.0,25.06,24.44,25.38,360,0.00769230769231,0
25.06,25.0,24.44,25.38,355,-0.0115384615385,0
25.06,25.0,24.44,25.38,360,0.0653846153846,0
25.06,25.0,24.44,25.31,355,0.0961538461538,0
25.06,25.0,24.44,25.38,355,0.0807692307692,0
25.06,25.0,24.44,25.38,355,0.0653846153846,0
25.0,25.06,24.44,25.38,355,0.05,0
25.06,25.0,24.44,25.38,355,0.0346153846154,0
25.0,25.0,24.44,25.31,360,0.0653846153846,0
25.06,25.0,24.44,25.38,355,0.0461538461538,0
25.06,25.06,24.44,25.31,355,0.0269230769231,0
25.06,25.06,24.44,25.38,360,0.0538461538462,0
25.06,25.0,24.44,25.44,360,0.0769230769231,0
25.0,25.06,24.44,25.38,355,0.05,0
25.0,25.06,24.44,25.38,355,0.0230769230769,0
25.06,25.06,24.44,25.31,355,-0.00384615384615,0
25.0,25.06,24.44,25.31,360,0.0153846153846,0
25.06,25.0,24.44,25.31,360,0.0807692307692,0
25.0,25.06,24.44,25.31,355,0.05,0
25.06,25.06,24.44,25.31,355,0.0192307692308,0
25.06,25.06,24.44,25.25,355,0.0384615384615,0
25.0,25.06,24.44,25.31,360,0.0576923076923,0
25.06,25.0,24.44,25.31,360,0.0730769230769,0
25.06,25.06,24.44,25.31,360,0.0846153846154,0
25.06,25.06,24.44,25.31,360,0.0923076923077,0
25.06,25.06,24.44,25.31,360,0.146153846154,0
25.06,25.06,24.44,25.31,360,0.15,0
25.06,25.06,24.44,25.38,360,0.2,0
25.06,25.06,24.44,25.38,360,0.2,0
25.06,25.0,24.5,25.38,360,0.196153846154,0
25.06,25.06,24.44,25.38,360,0.188461538462,0
25.06,25.06,24.44,25.38,360,0.176923076923,0
25.0,25.06,24.44,25.38,360,0.161538461538,0
25.06,25.06,24.44,25.31,355,0.146153846154,0
25.0,25.06,24.44,25.38,355,0.0846153846154,0
25.06,25.06,24.5,25.31,360,0.0692307692308,0
25.0,25.06,24.44,25.31,360,0.1,0
25.06,25.06,24.44,25.31,360,0.130769230769,0
25.06,25.06,24.44,25.38,360,0.111538461538,0
25.06,25.06,24.44,25.31,360,0.0884615384615,0
25.06,25.06,24.44,25.38,360,0.0615384615385,0
25.06,25.06,24.44,25.38,360,0.0807692307692,0
25.0,25.06,24.44,25.38,360,0.1,0
25.06,25.06,24.44,25.38,360,0.0692307692308,0
25.06,25.06,24.44,25.31,360,0.0346153846154,0
25.0,25.06,24.44,25.38,360,-0.00384615384615,0
25.06,25.06,24.44,25.38,360,0.00384615384615,0
25.0,25.06,24.5,25.38,360,0.0115384615385,0
25.06,25.06,24.5,25.38,360,0.0192307692308,0
25.06,25.06,24.5,25.38,360,0.0269230769231,0
25.06,25.06,24.5,25.31,360,0.0346153846154,0
25.06,25.06,24.44,25.38,360,0.0423076923077,0
25.06,25.06,24.5,25.38,360,0.05,0
25.06,25.06,24.5,25.31,360,0.0576923076923,0
25.06,25.06,24.5,25.31,360,0.0653846153846,0
25.06,25.06,24.5,25.31,360,0.0730769230769,0
25.06,25.06,24.5,25.38,360,0.0807692307692,0
25.06,25.06,24.5,25.44,360,0.0884615384615,0
25.06,25.0,24.5,25.38,360,0.0461538461538,0
25.06,25.06,24.5,25.31,360,0.0,0
25.06,25.0,24.5,25.38,360,0.0,0
25.06,25.0,24.5,25.31,360,0.0,0
25.06,25.06,24.5,25.31,360,0.0,0
25.06,25.06,24.5,25.31,360,0.0,0
25.06,25.06,24.5,25.25,360,0.0,0
25.06,25.06,24.5,25.31,360,0.0,0
25.06,25.06,24.5,25.31,360,0.0,0
25.06,25.06,24.44,25.31,360,0.0,0
25.06,25.06,24.44,25.38,360,0.0,0
25.0,25.06,24.5,25.38,360,0.0,0
25.06,25.06,24.5,25.38,360,0.0,0
25.06,25.0,24.5,25.31,360,0.0,0
25.06,25.06,24.44,25.25,360,0.0,0
25.06,25.0,24.5,25.25,360,0.0,0
25.06,25.06,24.5,25.31,360,0.0,0
25.06,25.0,24.5,25.31,360,0.0,0
25.06,25.06,24.5,25.25,360,0.0,0
25.06,25.0,24.56,25.31,360,0.0,0
25.0,25.06,24.5,25.38,360,0.0,0
25.06,25.06,24.5,25.38,360,0.0,0
25.06,25.0,24.5,25.38,360,0.0,0
25.06,25.0,24.5,25.31,360,0.0,0
25.06,25.06,24.5,25.25,360,0.0,0
25.06,25.06,24.5,25.19,360,0.0,0
25.06,25.06,24.5,25.19,360,0.0,0
25.06,25.06,24.5,25.25,360,0.0,0
25.0,25.0,24.5,25.25,360,0.0,0
25.06,25.0,24.5,25.25,360,0.0,0
25.06,25.06,24.5,25.25,360,0.0,0
25.06,25.06,24.5,25.31,360,0.0,0
25.0,25.06,24.5,25.31,360,0.0,0
25.0,25.06,24.56,25.31,360,0.0,0
25.0,25.06,24.5,25.38,360,0.0,0
25.06,25.0,24.56,25.38,360,0.0,0
25.0,25.06,24.5,25.38,360,0.0,0
25.0,25.06,24.5,25.31,360,0.0,0
25.06,25.06,24.56,25.31,360,0.0,0
25.0,25.06,24.5,25.25,360,0.0,0
25.06,25.0,24.56,25.31,360,0.0,0
25.06,25.0,24.56,25.38,360,0.0,0
25.06,25.0,24.5,25.38,360,0.0,0
25.06,25.0,24.5,25.38,360,0.0,0
25.06,25.0,24.56,25.38,360,0.0,0
25.06,25.06,24.56,25.38,360,0.0,0
25.06,25.0,24.56,25.31,360,0.0,0
25.06,25.0,24.5,25.31,360,0.0,0
25.06,25.0,24.5,25.25,360,0.0,0
25.0,25.06,24.56,25.25,360,0.0,0
25.06,25.06,24.5,25.25,360,0.0,0
25.06,25.06,24.56,25.31,360,0.0,0
25.0,25.06,24.5,25.38,360,0.0,0
25.06,25.06,24.5,25.31,360,0.0,0
25.0,25.06,24.5,25.31,360,0.0,0
25.06,25.0,24.56,25.31,360,0.0,0
25.06,25.06,24.5,25.31,360,0.0,0
25.0,25.06,24.56,25.31,360,0.0,0
25.0,25.0,24.56,25.25,360,0.0,0
25.06,25.0,24.56,25.25,360,0.0,0
25.0,25.0,24.56,25.25,360,0.0,0
25.0,25.0,24.56,25.19,360,0.0,0
25.0,25.0,24.56,25.25,360,0.0,0
25.0,25.0,24.56,25.31,360,0.0,0
25.06,25.06,24.56,25.38,360,0.0,0
25.06,25.06,24.56,25.31,360,0.0,0
25.06,25.06,24.5,25.31,360,0.0,0
25.0,25.06,24.5,25.38,360,0.0,0
25.06,25.06,24.56,25.25,360,0.0,0
25.0,25.0,24.56,25.38,360,0.0,0
25.06,25.06,24.5,25.44,360,0.0,0
25.06,25.06,24.56,25.44,360,0.0,0
25.06,25.06,24.56,25.38,360,0.0,0
25.0,25.06,24.56,25.38,360,0.0,0
25.0,25.06,24.56,25.31,360,0.0,0
25.06,25.06,24.56,25.31,360,0.0,0
25.06,25.06,24.56,25.31,360,0.0,0
25.06,25.06,24.56,25.38,360,0.0,0
25.06,25.06,24.56,25.31,360,0.0,0
25.0,25.06,24.56,25.31,360,0.0,0
25.06,25.06,24.56,25.25,360,0.0,0
25.0,25.06,24.56,25.31,360,0.0,0
25.06,25.06,24.56,25.38,360,0.0,0
25.06,25.06,24.56,25.38,360,0.0,0
25.0,25.06,24.56,25.31,360,0.0,0
25.06,25.06,24.56,25.31,360,0.0,0
25.0,25.06,24.56,25.25,360,0.0,0
25.0,25.06,24.56,25.19,360,0.0,0
25.0,25.06,24.56,25.19,360,0.0,0
25.0,25.06,24.56,25.25,360,0.0,0
25.0,25.06,24.56,25.25,360,0.0,0
25.0,25.06,24.56,25.31,360,0.0,0
25.06,25.06,24.56,25.25,360,0.0,0
25.06,25.06,24.56,25.25,360,0.0,0
25.06,25.06,24.56,25.31,360,0.0,0
25.06,25.06,24.56,25.38,360,0.0,0
25.06,25.06,24.56,25.31,360,0.0,0
25.06,25.06,24.56,25.31,360,0.0,0
25.06,25.06,24.56,25.38,360,0.0,0
25.06,25.06,24.56,25.31,360,0.0,0
25.06,25.06,24.56,25.31,360,0.0,0
25.0,25.06,24.56,25.31,360,0.0,0
25.06,25.06,24.63,25.25,360,0.0,0
25.06,25.06,24.56,25.25,360,0.0,0
25.06,25.06,24.56,25.25,360,0.0,0
25.0,25.06,24.56,25.25,360,0.0,0
25.06,25.06,24.56,25.25,360,0.0,0
25.06,25.06,24.63,25.25,360,0.0,0
25.06,25.06,24.56,25.25,360,0.0,0
25.06,25.06,24.56,25.25,360,0.0,0
25.0,25.06,24.56,25.25,355,-0.0461538461538,0
25.06,25.06,24.56,25.25,360,-0.0423076923077,0
25.0,25.06,24.56,25.25,360,-0.0384615384615,0
25.0,25.06,24.56,25.31,360,-0.0346153846154,0
25.0,25.06,24.56,25.38,360,-0.0307692307692,0
25.06,25.06,24.56,25.38,360,-0.0269230769231,0
25.0,25.06,24.63,25.38,360,-0.0230769230769,0
25.06,25.06,24.56,25.38,360,-0.0192307692308,0
25.06,25.06,24.63,25.31,355,-0.0615384615385,0
25.06,25.06,24.63,25.31,360,-0.0538461538462,0
25.0,25.06,24.63,25.31,360,-0.0461538461538,0
25.06,25.06,24.63,25.31,360,-0.0384615384615,0
25.06,25.06,24.63,25.31,360,-0.0307692307692,0
25.06,25.06,24.63,25.38,360,-0.0230769230769,0
25.06,25.06,24.63,25.31,360,-0.0153846153846,0
25.06,25.06,24.63,25.38,360,-0.00769230769231,0
25.0,25.06,24.63,25.44,360,1.53960232403e-18,0
25.06,25.06,24.63,25.38,360,0.00769230769231,0
25.06,25.06,24.63,25.38,360,0.0153846153846,0
25.06,25.06,24.63,25.38,360,0.0230769230769,0
25.06,25.06,24.63,25.38,360,0.0307692307692,0
25.06,25.06,24.63,25.38,360,0.0384615384615,0
25.06,25.06,24.63,25.38,360,0.0461538461538,0
25.06,25.06,24.63,25.31,360,0.0538461538462,0
25.06,25.06,24.63,25.31,360,0.0615384615385,0
25.06,25.06,24.63,25.25,360,0.0192307692308,0
25.06,25.06,24.63,25.31,360,0.0230769230769,0
25.06,25.06,24.63,25.31,360,0.0269230769231,0
25.06,25.06,24.63,25.31,360,0.0307692307692,0
25.06,25.06,24.63,25.31,360,0.0346153846154,0
25.06,25.06,24.63,25.31,360,0.0384615384615,0
25.06,25.06,24.63,25.31,360,0.0423076923077,0
25.06,25.06,24.63,25.31,360,0.0461538461538,0
25.06,25.06,24.63,25.25,360,0.0,0
25.06,25.06,24.63,25.31,360,0.0,0
25.06,25.06,24.63,25.31,360,0.0,0
25.06,25.06,24.63,25.44,360,0.0,0
25.06,25.06,24.63,25.44,360,0.0,0
25.06,25.06,24.63,25.44,360,0.0,0
25.06,25.06,24.63,25.44,355,-0.0461538461538,0
25.06,25.06,24.69,25.5,360,-0.0423076923077,0
25.06,25.06,24.63,25.44,360,-0.0384615384615,0
25.06,25.06,24.63,25.44,360,-0.0346153846154,0
25.06,25.06,24.63,25.5,360,-0.0307692307692,0
25.13,25.06,24.63,25.44,360,-0.0269230769231,0
25.06,25.06,24.63,25.44,360,-0.0230769230769,0
25.06,25.06,24.63,25.44,360,-0.0192307692308,0
25.06,25.06,24.63,25.38,360,-0.0153846153846,0
25.06,25.06,24.63,25.5,360,-0.0115384615385,0
25.06,25.06,24.63,25.44,360,-0.00769230769231,0
25.06,25.06,24.63,25.44,360,-0.00384615384615,0
25.06,25.06,24.63,25.44,360,7.69801162017e-19,0
25.06,25.06,24.63,25.44,360,0.00384615384615,0
25.06,25.06,24.63,25.44,355,-0.0384615384615,0
25.06,25.06,24.63,25.44,355,-0.0769230769231,0
25.06,25.06,24.63,25.44,360,-0.0653846153846,0
25.06,25.06,24.63,25.38,360,-0.0538461538462,0
25.06,25.06,24.63,25.38,360,-0.0423076923077,0
25.06,25.06,24.63,25.38,360,-0.0307692307692,0
25.06,25.06,24.63,25.38,360,-0.0192307692308,0
25.06,25.06,24.63,25.38,360,-0.00769230769231,0
25.06,25.06,24.63,25.38,360,0.00384615384615,0
25.13,25.06,24.63,25.38,360,0.0153846153846,0
25.13,25.06,24.63,25.38,360,0.0269230769231,0
25.06,25.06,24.63,25.44,360,-0.0115384615385,0
25.06,25.06,24.63,25.44,360,-0.00384615384615,0
25.06,25.06,24.69,25.44,360,0.00384615384615,0
25.06,25.06,24.69,25.44,360,0.0115384615385,0
25.06,25.06,24.69,25.44,355,-0.0269230769231,0
25.06,25.06,24.69,25.44,360,-0.0153846153846,0
25.06,25.06,24.69,25.38,360,-0.00384615384615,0
25.06,25.13,24.69,25.38,355,-0.0384615384615,0
25.06,25.13,24.69,25.38,355,-0.0692307692308,0
25.06,25.06,24.63,25.38,355,-0.0961538461538,0
25.06,25.06,24.63,25.31,355,-0.119230769231,0
25.06,25.06,24.69,25.31,360,-0.0923076923077,0
25.06,25.13,24.63,25.31,360,-0.0653846153846,0
25.13,25.06,24.69,25.38,355,-0.0846153846154,0
25.13,25.06,24.63,25.44,355,-0.15,0
25.06,25.06,24.69,25.44,355,-0.215384615385,0
25.06,25.06,24.69,25.44,355,-0.230769230769,0
25.06,25.13,24.69,25.44,360,-0.196153846154,0
25.06,25.06,24.69,25.5,360,-0.161538461538,0
25.13,25.13,24.69,25.5,360,-0.126923076923,0
25.13,25.06,24.69,25.5,360,-0.0923076923077,0
25.06,25.13,24.69,25.56,360,-0.0576923076923,0
25.06,25.13,24.69,25.56,355,-0.0692307692308,0
25.13,25.13,24.69,25.56,355,-0.0769230769231,0
25.13,25.13,24.69,25.56,355,-0.0807692307692,0
25.13,25.06,24.69,25.56,355,-0.0807692307692,0
25.06,25.06,24.69,25.56,360,-0.0307692307692,0
25.06,25.06,24.69,25.56,360,0.0192307692308,0
25.06,25.06,24.69,25.5,360,0.0692307692308,0
25.06,25.06,24.69,25.56,360,0.0692307692308,0
25.06,25.06,24.69,25.56,355,0.0692307692308,0
25.06,25.13,24.69,25.44,355,0.0730769230769,0
25.06,25.06,24.69,25.44,355,0.0307692307692,0
25.13,25.06,24.69,25.5,355,-0.0115384615385,0
25.13,25.13,24.69,25.5,355,-0.0538461538462,0
25.13,25.13,24.69,25.56,355,-0.0961538461538,0
25.13,25.13,24.69,25.5,355,-0.0884615384615,0
25.06,25.13,24.69,25.5,355,-0.0769230769231,0
25.13,25.06,24.69,25.5,360,-0.0653846153846,0
25.13,25.13,24.69,25.63,355,-0.103846153846,0
25.13,25.13,24.75,25.63,360,-0.0961538461538,0
25.13,25.13,24.75,25.56,360,-0.0923076923077,0
25.13,25.13,24.69,25.56,355,-0.0884615384615,0
25.06,25.13,24.75,25.56,360,-0.0346153846154,0
25.13,25.06,24.69,25.63,360,0.0192307692308,0
25.13,25.13,24.75,25.63,355,0.0269230769231,0
25.13,25.13,24.75,25.63,360,0.0846153846154,0
25.13,25.13,24.69,25.56,360,0.0923076923077,0
25.13,25.13,24.75,25.63,360,0.0961538461538,0
25.06,25.13,24.75,25.63,360,0.0961538461538,0
25.06,25.13,24.75,25.56,360,0.0923076923077,0
25.13,25.13,24.75,25.69,360,0.134615384615,0
25.06,25.13,24.69,25.63,355,0.130769230769,0
25.13,25.13,24.69,25.69,355,0.130769230769,0
25.06,25.13,24.75,25.63,355,0.134615384615,0
25.13,25.13,24.69,25.63,360,0.138461538462,0
25.06,25.13,24.75,25.63,355,0.0923076923077,0
25.13,25.13,24.69,25.63,355,0.0461538461538,0
25.13,25.13,24.75,25.63,355,-1.23168185923e-17,0
25.06,25.13,24.69,25.63,355,-0.0461538461538,0
25.13,25.13,24.75,25.69,355,-0.0923076923077,0
25.06,25.13,24.75,25.56,355,-0.138461538462,0
25.13,25.13,24.75,25.63,355,-0.184615384615,0
25.06,25.13,24.69,25.63,360,-0.134615384615,0
25.13,25.13,24.69,25.63,360,-0.134615384615,0
25.06,25.13,24.75,25.56,355,-0.134615384615,0
25.13,25.13,24.75,25.63,355,-0.130769230769,0
25.13,25.13,24.75,25.63,355,-0.173076923077,0
25.06,25.13,24.75,25.63,355,-0.165384615385,0
25.13,25.13,24.75,25.69,355,-0.153846153846,0
25.13,25.13,24.75,25.63,355,-0.188461538462,0
25.13,25.13,24.75,25.69,360,-0.126923076923,0
25.13,25.13,24.75,25.69,360,-0.0653846153846,0
25.13,25.13,24.75,25.69,360,-0.00384615384615,0
25.13,25.13,24.75,25.69,360,0.0576923076923,0
25.13,25.13,24.75,25.69,360,0.119230769231,0
25.13,25.13,24.75,25.69,360,0.180769230769,0
25.13,25.13,24.81,25.75,360,0.192307692308,0
25.13,25.13,24.75,25.69,355,0.153846153846,0
25.13,25.13,24.75,25.69,360,0.161538461538,0
25.13,25.19,24.81,25.63,355,0.169230769231,0
25.13,25.13,24.75,25.63,355,0.130769230769,0
25.13,25.13,24.75,25.63,360,0.138461538462,0
25.13,25.19,24.75,25.63,355,0.0961538461538,0
25.13,25.13,24.75,25.63,355,0.0538461538462,0
25.13,25.13,24.75,25.63,355,0.0115384615385,0
25.13,25.13,24.75,25.69,355,-0.0307692307692,0
25.13,25.13,24.75,25.63,355,-0.0730769230769,0
25.13,25.13,24.75,25.63,355,-0.0653846153846,0
25.13,25.13,24.81,25.63,355,-0.0538461538462,0
25.13,25.13,24.81,25.63,355,-0.0884615384615,0
25.19,25.13,24.81,25.56,360,-0.0769230769231,0
25.13,25.13,24.75,25.63,360,-0.0692307692308,0
25.13,25.13,24.81,25.63,360,-0.0653846153846,0
25.13,25.13,24.75,25.63,360,-0.0653846153846,0
25.13,25.13,24.75,25.63,360,-0.0692307692308,0
25.13,25.13,24.75,25.69,355,-0.0730769230769,0
25.13,25.13,24.81,25.75,360,-0.0269230769231,0
25.13,25.13,24.81,25.75,355,-0.0269230769231,0
25.13,25.13,24.75,25.75,355,-0.0230769230769,0
25.13,25.13,24.81,25.81,360,0.0307692307692,0
25.13,25.13,24.75,25.75,360,0.0846153846154,0
25.13,25.13,24.81,25.69,360,0.138461538462,0
25.13,25.13,24.81,25.69,360,0.142307692308,0
25.13,25.13,24.75,25.69,360,0.192307692308,0
25.19,25.13,24.81,25.75,360,0.192307692308,0
25.19,25.13,24.81,25.69,360,0.188461538462,0
25.13,25.13,24.81,25.69,355,0.184615384615,0
25.13,25.13,24.81,25.75,355,0.134615384615,0
25.13,25.13,24.81,25.69,360,0.130769230769,0
25.19,25.13,24.81,25.69,360,0.123076923077,0
25.19,25.13,24.81,25.75,360,0.111538461538,0
25.13,25.13,24.81,25.69,360,0.0961538461538,0
25.19,25.13,24.81,25.69,360,0.0769230769231,0
25.13,25.13,24.81,25.69,360,0.0538461538462,0
25.13,25.13,24.81,25.69,360,0.0269230769231,0
25.13,25.13,24.81,25.69,360,0.0461538461538,0
25.19,25.13,24.81,25.69,360,0.0653846153846,0
25.13,25.13,24.81,25.75,360,0.0846153846154,0
25.19,25.13,24.81,25.75,360,0.103846153846,0
25.13,25.13,24.81,25.69,360,0.123076923077,0
25.13,25.13,24.81,25.75,360,0.0923076923077,0
25.13,25.13,24.81,25.69,360,0.107692307692,0
25.19,25.19,24.81,25.69,360,0.0730769230769,0
25.13,25.13,24.81,25.69,355,-0.0115384615385,0
25.19,25.13,24.81,25.75,360,6.1584092961300004e-18,0
25.13,25.13,24.81,25.81,360,0.0115384615385,0
25.19,25.19,24.81,25.81,360,0.0230769230769,0
25.19,25.19,24.81,25.75,360,0.0346153846154,0
25.19,25.13,24.81,25.69,360,0.0461538461538,0
25.19,25.19,24.81,25.81,360,0.0576923076923,0
25.19,25.13,24.81,25.69,360,0.0692307692308,0
25.19,25.13,24.81,25.69,360,0.0307692307692,0
25.13,25.13,24.81,25.69,360,-0.0115384615385,0
25.19,25.19,24.81,25.63,360,-0.00769230769231,0
25.19,25.19,24.81,25.69,360,-0.00384615384615,0
25.19,25.19,24.81,25.75,360,7.69801162017e-19,0
25.19,25.19,24.81,25.75,355,-0.0423076923077,0
25.19,25.13,24.81,25.69,360,-0.0346153846154,0
25.19,25.19,24.81,25.69,360,-0.0269230769231,0
25.19,25.19,24.81,25.75,360,-0.0192307692308,0
25.19,25.19,24.81,25.69,360,-0.0115384615385,0
25.19,25.13,24.88,25.75,360,-0.00384615384615,0
25.19,25.19,24.81,25.69,355,-0.0423076923077,0
25.19,25.13,24.81,25.69,355,-0.0769230769231,0
25.19,25.13,24.88,25.75,360,-0.0615384615385,0
25.19,25.19,24.88,25.75,355,-0.0923076923077,0
25.19,25.19,24.88,25.75,355,-0.119230769231,0
25.19,25.19,24.81,25.75,360,-0.0961538461538,0
25.19,25.19,24.88,25.75,355,-0.169230769231,0
25.19,25.19,24.81,25.75,355,-0.192307692308,0
25.19,25.19,24.88,25.75,360,-0.165384615385,0
25.19,25.13,24.88,25.81,360,-0.138461538462,0
25.19,25.19,24.88,25.81,360,-0.111538461538,0
25.19,25.19,24.88,25.75,360,-0.0846153846154,0
25.19,25.19,24.88,25.75,355,-0.103846153846,0
25.19,25.19,24.88,25.81,355,-0.119230769231,0
25.19,25.19,24.88,25.81,360,-0.0846153846154,0
25.19,25.19,24.88,25.75,360,-0.05,0
25.19,25.19,24.88,25.81,360,-0.0153846153846,0
25.19,25.19,24.88,25.81,355,-0.0269230769231,0
25.19,25.19,24.88,25.81,355,-0.0346153846154,0
25.19,25.19,24.88,25.81,360,-0.0423076923077,0
25.19,25.19,24.88,25.88,355,-0.05,0
25.19,25.19,24.88,25.81,355,-0.0538461538462,0
25.19,25.19,24.94,25.81,355,-0.0538461538462,0
25.19,25.19,24.88,25.88,355,-0.05,0
25.19,25.19,24.88,25.81,355,-0.0423076923077,0
25.19,25.19,24.88,25.81,360,-0.0346153846154,0
25.19,25.19,24.88,25.81,360,-0.0307692307692,0
25.19,25.19,24.88,25.81,360,0.0192307692308,0
25.19,25.19,24.94,25.88,360,0.0192307692308,0
25.19,25.19,24.88,25.88,360,0.0153846153846,0
25.19,25.19,24.88,25.88,360,0.0576923076923,0
25.19,25.19,24.94,25.81,360,0.05,0
25.19,25.19,24.94,25.81,360,0.0384615384615,0
25.19,25.19,24.88,25.81,355,0.0269230769231,0
25.19,25.19,24.88,25.75,355,0.0192307692308,0
25.19,25.19,24.94,25.81,355,0.0153846153846,0
25.19,25.19,24.94,25.88,360,0.0615384615385,0
25.19,25.19,24.88,25.81,360,0.0576923076923,0
25.19,25.19,24.94,25.75,360,0.05,0
25.19,25.19,24.88,25.81,360,0.0884615384615,0
25.19,25.19,24.94,25.81,360,0.126923076923,0
25.19,25.19,24.88,25.81,360,0.165384615385,0
25.19,25.19,24.88,25.81,360,0.153846153846,0
25.19,25.19,24.88,25.81,360,0.138461538462,0
25.19,25.19,24.94,25.81,360,0.169230769231,0
25.19,25.19,24.94,25.81,360,0.15,0
25.19,25.19,24.88,25.81,360,0.126923076923,0
25.19,25.19,24.88,25.81,360,0.1,0
25.19,25.19,24.94,25.81,360,0.0692307692308,0
25.19,25.19,24.94,25.81,360,0.0346153846154,0
25.19,25.19,24.94,25.81,360,0.0461538461538,0
25.19,25.19,24.94,25.81,360,0.0576923076923,0
25.19,25.19,24.94,25.81,360,0.0692307692308,0
25.19,25.19,24.88,25.88,360,0.0807692307692,0
25.19,25.19,24.94,25.81,360,0.0923076923077,0
25.19,25.19,24.94,25.81,360,0.103846153846,0
25.19,25.19,24.94,25.81,355,0.0692307692308,0
25.19,25.19,24.94,25.81,360,0.0846153846154,0
25.19,25.19,24.94,25.88,360,0.05,0
25.19,25.19,24.94,25.81,360,0.0115384615385,0
25.19,25.19,24.94,25.81,355,-0.0769230769231,0
25.19,25.19,24.94,25.81,360,-0.0692307692308,0
25.19,25.19,24.94,25.81,360,-0.0615384615385,0
25.19,25.19,24.94,25.88,360,-0.0538461538462,0
25.19,25.19,24.94,25.81,360,-0.0461538461538,0
25.19,25.19,24.94,25.81,360,-0.0384615384615,0
25.19,25.19,24.94,25.88,360,-0.0307692307692,0
25.19,25.19,24.94,25.81,360,-0.0230769230769,0
25.19,25.19,24.94,25.88,360,-0.0153846153846,0
25.19,25.19,25.0,25.88,360,-0.00769230769231,0
25.19,25.19,24.94,25.81,360,1.53960232403e-18,0
25.19,25.19,24.94,25.88,360,0.00769230769231,0
25.19,25.19,24.94,25.81,360,0.0153846153846,0
25.19,25.19,24.94,25.81,355,-0.0230769230769,0
25.25,25.19,24.94,25.81,360,-0.0115384615385,0
25.19,25.19,25.0,25.81,360,9.237613944200001e-18,0
25.19,25.19,25.0,25.81,355,-0.0346153846154,0
25.25,25.19,24.94,25.88,355,-0.0653846153846,0
25.19,25.19,25.0,25.81,360,-0.0461538461538,0
25.19,25.19,24.94,25.81,360,-0.0269230769231,0
25.25,25.25,25.0,25.75,360,-0.00769230769231,0
25.25,25.25,25.0,25.81,355,-0.0846153846154,0
25.19,25.19,25.0,25.88,360,-0.0653846153846,0
25.25,25.19,25.0,25.88,360,-0.0461538461538,0
25.19,25.19,25.0,25.88,355,-0.0730769230769,0
25.19,25.25,25.0,25.88,360,-0.1,0
25.25,25.19,25.0,25.81,360,-0.0807692307692,0
25.19,25.25,25.0,25.88,360,-0.0615384615385,0
25.19,25.25,25.0,25.88,360,-0.0423076923077,1
25.25,25.31,24.94,25.81,360,-0.0230769230769,1
25.25,25.31,25.0,25.88,360,-0.00384615384615,1
25.31,25.31,25.0,25.81,360,0.0153846153846,1
25.31,25.31,25.0,25.88,360,0.0346153846154,1
25.31,25.25,24.94,25.81,360,0.0538461538462,1
25.31,25.25,25.0,25.88,360,0.0730769230769,1
25.31,25.25,25.0,25.81,360,0.0923076923077,1
25.31,25.25,24.94,25.88,360,0.111538461538,1
25.31,25.25,25.0,25.81,360,0.130769230769,1
25.38,25.25,25.0,25.81,360,0.1,1
25.38,25.25,25.0,25.81,360,0.115384615385,1
25.38,25.25,25.0,25.81,360,0.130769230769,1
25.38,25.25,25.0,25.81,360,0.0961538461538,1
25.38,25.25,25.0,25.81,360,0.0576923076923,1
25.38,25.25,25.06,25.88,360,0.0653846153846,1
25.44,25.25,25.0,25.81,360,0.0730769230769,1
25.38,25.25,25.0,25.88,360,0.0807692307692,1
25.38,25.25,25.0,25.81,360,0.0384615384615,1
25.44,25.25,25.0,25.81,360,0.0423076923077,1
25.38,25.25,25.0,25.88,360,0.0461538461538,1
25.44,25.25,25.0,25.88,360,0.0,1
25.44,25.25,25.0,25.94,360,0.0,1
25.44,25.25,25.0,25.88,360,0.0,1
25.44,25.25,25.06,25.88,360,0.0,1
25.44,25.25,25.06,25.88,360,0.0,1
25.44,25.25,25.06,25.88,360,0.0,1
25.44,25.25,25.06,25.88,360,0.0,1
25.44,25.31,25.06,25.88,360,0.0,1
25.44,25.31,25.06,25.88,365,0.0461538461538,1
25.44,25.25,25.0,25.88,365,0.0884615384615,1
25.44,25.31,25.06,25.88,365,0.126923076923,1
25.44,25.31,25.06,25.88,365,0.161538461538,1
25.44,25.31,25.06,25.88,365,0.192307692308,1
25.44,25.31,25.06,25.88,365,0.219230769231,1
25.44,25.31,25.06,25.88,365,0.242307692308,1
25.44,25.31,25.06,25.88,365,0.261538461538,1
25.5,25.31,25.06,25.88,365,0.276923076923,1
25.5,25.31,25.06,25.88,365,0.288461538462,1
25.5,25.31,25.06,25.88,365,0.296153846154,1
25.5,25.31,25.06,25.88,365,0.3,1
25.5,25.31,25.06,25.88,365,0.3,1
25.5,25.31,25.13,25.88,365,0.296153846154,1
25.5,25.31,25.06,25.88,365,0.288461538462,1
25.5,25.31,25.06,25.88,365,0.276923076923,1
25.5,25.31,25.06,25.88,365,0.261538461538,1
25.5,25.31,25.13,25.88,370,0.288461538462,1
25.5,25.31,25.13,25.94,370,0.307692307692,1
25.5,25.31,25.06,25.88,365,0.273076923077,1
25.5,25.31,25.06,25.94,370,0.280769230769,1
25.5,25.31,25.06,25.88,370,0.280769230769,1
25.5,25.31,25.06,25.88,370,0.273076923077,1
25.5,25.31,25.06,25.88,370,0.257692307692,1
25.56,25.31,25.06,25.94,370,0.234615384615,1
25.56,25.31,25.06,25.94,370,0.253846153846,1
25.56,25.31,25.06,25.94,370,0.269230769231,1
25.56,25.31,25.13,25.94,370,0.280769230769,1
25.56,25.31,25.13,25.94,370,0.288461538462,1
25.5,25.31,25.13,25.94,370,0.292307692308,1
25.56,25.31,25.13,25.94,370,0.292307692308,1
25.56,25.31,25.13,25.94,370,0.288461538462,1
25.56,25.31,25.13,25.88,370,0.280769230769,1
25.56,25.31,25.13,25.88,370,0.269230769231,1
25.56,25.31,25.13,25.88,370,0.253846153846,1
25.56,25.31,25.06,25.88,370,0.234615384615,1
25.56,25.31,25.13,25.94,370,0.211538461538,1
25.56,25.31,25.13,25.94,370,0.184615384615,1
25.63,25.31,25.06,25.94,370,0.153846153846,1
25.63,25.31,25.13,25.94,370,0.119230769231,1
25.56,25.31,25.13,25.94,370,0.0807692307692,1
25.56,25.31,25.13,25.94,370,0.0384615384615,1
25.56,25.31,25.13,25.94,370,0.0423076923077,1
25.63,25.31,25.13,25.94,370,0.0461538461538,1
25.63,25.31,25.13,25.94,375,0.0461538461538,1
25.63,25.31,25.13,25.94,375,0.0884615384615,1
25.63,25.31,25.13,25.94,375,0.126923076923,1
25.63,25.31,25.13,26.0,375,0.161538461538,1
25.63,25.31,25.13,26.0,375,0.192307692308,1
25.63,25.31,25.13,25.94,375,0.219230769231,1
25.63,25.31,25.19,25.88,375,0.242307692308,1
25.63,25.38,25.13,25.88,375,0.261538461538,1
25.63,25.38,25.13,25.94,375,0.276923076923,1
25.63,25.38,25.13,25.94,375,0.288461538462,1
25.69,25.38,25.13,25.94,375,0.296153846154,1
25.69,25.38,25.13,25.94,375,0.3,1
25.69,25.38,25.13,26.0,375,0.3,1
25.69,25.38,25.13,26.0,375,0.296153846154,1
25.63,25.38,25.19,26.0,375,0.288461538462,1
25.63,25.38,25.19,26.06,375,0.276923076923,1
25.63,25.38,25.19,26.0,375,0.261538461538,1
25.63,25.38,25.19,26.0,375,0.242307692308,1
25.63,25.38,25.19,26.0,375,0.219230769231,1
25.63,25.38,25.19,26.0,380,0.238461538462,1
25.63,25.38,25.19,26.0,380,0.25,1
25.63,25.38,25.19,26.0,380,0.253846153846,1
25.63,25.38,25.19,26.0,380,0.25,1
25.69,25.38,25.19,26.0,380,0.238461538462,1
25.69,25.38,25.19,25.94,380,0.219230769231,1
25.69,25.38,25.19,25.94,380,0.242307692308,1
25.63,25.38,25.19,26.0,380,0.261538461538,1
25.69,25.38,25.19,26.0,380,0.276923076923,1
25.69,25.38,25.19,25.94,380,0.288461538462,1
25.69,25.38,25.19,26.0,380,0.296153846154,1
25.69,25.38,25.19,26.0,380,0.3,1
25.69,25.38,25.19,26.0,380,0.3,1
25.63,25.38,25.19,26.0,380,0.296153846154,1
25.69,25.38,25.19,26.0,380,0.288461538462,1
25.63,25.38,25.19,26.0,380,0.276923076923,1
25.69,25.38,25.19,26.0,380,0.261538461538,1
25.69,25.38,25.19,26.0,380,0.242307692308,1
25.69,25.38,25.19,26.0,380,0.219230769231,1
25.69,25.38,25.19,26.0,380,0.192307692308,1
25.69,25.38,25.19,26.0,380,0.161538461538,1
25.69,25.38,25.19,26.0,380,0.126923076923,1
25.69,25.38,25.19,26.0,380,0.0884615384615,1
25.69,25.38,25.19,26.0,380,0.0461538461538,1
25.69,25.44,25.19,26.0,380,0.0,2
25.75,25.44,25.19,26.0,380,0.0,2
25.69,25.5,25.19,25.94,385,0.0461538461538,2
25.69,25.5,25.19,26.0,385,0.0884615384615,2
25.69,25.5,25.19,26.06,385,0.126923076923,2
25.69,25.5,25.19,26.06,385,0.161538461538,2
25.75,25.5,25.19,26.06,385,0.192307692308,2
25.75,25.56,25.25,26.0,385,0.219230769231,2
25.75,25.5,25.19,26.0,385,0.242307692308,2
25.75,25.5,25.19,26.06,385,0.261538461538,2
25.75,25.56,25.19,26.06,385,0.276923076923,2
25.75,25.56,25.25,26.06,385,0.288461538462,2
25.75,25.56,25.25,26.06,390,0.342307692308,2
25.75,25.56,25.25,26.13,390,0.388461538462,2
25.75,25.63,25.25,26.13,385,0.380769230769,2
25.81,25.63,25.25,26.06,385,0.369230769231,2
25.75,25.63,25.25,26.06,385,0.353846153846,2
25.81,25.63,25.25,26.06,385,0.334615384615,2
25.75,25.63,25.25,26.13,390,0.357692307692,2
25.75,25.63,25.25,26.06,390,0.373076923077,2
25.75,25.63,25.25,26.06,390,0.380769230769,2
25.81,25.63,25.31,26.13,390,0.380769230769,2
25.81,25.63,25.25,26.13,390,0.373076923077,2
25.81,25.63,25.25,26.13,390,0.357692307692,2
25.81,25.63,25.25,26.19,390,0.334615384615,2
25.81,25.69,25.25,26.13,395,0.35,2
25.81,25.69,25.25,26.13,400,0.4,2
25.81,25.69,25.25,26.13,400,0.484615384615,2
25.81,25.69,25.25,26.13,405,0.603846153846,2
25.81,25.69,25.25,26.06,400,0.661538461538,2
25.81,25.69,25.25,26.13,405,0.753846153846,2
25.88,25.75,25.25,26.13,405,0.830769230769,2
25.81,25.69,25.25,26.06,405,0.892307692308,2
25.81,25.69,25.25,26.19,400,0.892307692308,2
25.88,25.75,25.31,26.19,405,0.926923076923,2
25.81,25.75,25.31,26.13,415,1.03846153846,2
25.81,25.75,25.31,26.19,415,1.12692307692,2
25.88,25.75,25.25,26.19,420,1.28846153846,2
25.81,25.75,25.31,26.31,420,1.42692307692,2
25.81,25.75,25.31,26.25,420,1.49230769231,2
25.88,25.75,25.25,26.19,420,1.53076923077,2
25.88,25.75,25.31,26.19,425,1.58846153846,2
25.88,25.81,25.31,26.13,435,1.70769230769,2
25.88,25.75,25.31,26.25,435,1.83846153846,2
25.88,25.81,25.31,26.19,435,1.93461538462,2
25.88,25.75,25.38,26.19,445,2.08846153846,2
25.88,25.81,25.38,26.19,440,2.15384615385,2
25.88,25.81,25.31,26.19,445,2.22692307692,2
25.88,25.81,25.31,26.19,445,2.25769230769,2
25.88,25.75,25.31,26.19,450,2.29230769231,2
25.88,25.81,25.38,26.19,455,2.37692307692,2
25.94,25.81,25.38,26.19,465,2.55769230769,2
25.88,25.81,25.38,26.19,460,2.64230769231,2
25.94,25.81,25.38,26.19,465,2.77692307692,2
25.88,25.81,25.38,26.19,460,2.76923076923,2
25.88,25.81,25.38,26.19,470,2.85769230769,2
25.88,25.88,25.38,26.19,475,2.94230769231,2
25.88,25.88,25.38,26.19,475,2.97307692308,2
25.88,25.88,25.31,26.25,480,2.94615384615,2
25.88,25.88,25.31,26.25,480,2.90769230769,2
25.88,25.88,25.31,26.25,490,3.00384615385,2
25.88,25.88,25.31,26.25,490,3.04230769231,2
25.94,25.88,25.38,26.25,495,3.11923076923,2
25.94,25.88,25.38,26.19,495,3.13846153846,2
25.88,25.88,25.31,26.19,495,3.1,2
25.88,25.88,25.38,26.25,495,3.00384615385,2
25.94,25.88,25.38,26.19,495,2.9,2
25.88,25.88,25.38,26.25,495,2.84230769231,2
25.94,25.88,25.38,26.31,495,2.73846153846,2
25.94,25.88,25.38,26.31,500,2.63461538462,2
25.94,25.94,25.38,26.25,500,2.58076923077,2
25.88,25.88,25.38,26.25,510,2.52692307692,2
25.94,25.88,25.38,26.31,505,2.42307692308,2
25.94,25.94,25.31,26.25,510,2.31923076923,2
25.88,25.94,25.31,26.25,500,2.12307692308,2
25.88,25.94,25.31,26.19,475,1.70769230769,2
25.88,25.94,25.31,26.19,460,1.23846153846,2
25.88,25.94,25.38,26.19,450,0.630769230769,2
25.88,25.94,25.31,26.19,440,-0.0115384615385,2
25.88,26.0,25.31,26.19,440,-0.684615384615,2
25.94,25.94,25.38,26.19,440,-1.24230769231,2
25.94,25.94,25.31,26.19,435,-1.77307692308,2
25.94,25.94,25.38,26.25,435,-2.27307692308,2
25.88,25.94,25.38,26.19,445,-2.6,2
25.94,25.94,25.38,26.19,460,-2.76153846154,2
25.94,25.94,25.38,26.31,470,-2.71538461538,2
25.94,25.94,25.38,26.25,475,-2.60769230769,2
25.94,26.0,25.38,26.25,475,-2.43846153846,2
25.94,26.0,25.38,26.25,480,-2.20769230769,2
25.94,26.0,25.38,26.25,490,-1.87307692308,2
25.94,26.0,25.38,26.31,495,-1.48846153846,2
25.94,26.0,25.38,26.19,500,-1.05769230769,2
25.94,26.0,25.38,26.25,510,-0.538461538462,2
25.94,25.94,25.44,26.25,515,0.0153846153846,2
25.94,25.94,25.38,26.31,520,0.65,2
25.94,25.94,25.38,26.31,530,1.36153846154,2
25.94,26.0,25.38,26.25,530,2.15,2
25.94,26.0,25.44,26.31,525,2.82692307692,2
26.0,26.0,25.38,26.25,525,3.53846153846,2
25.94,26.0,25.44,26.25,525,4.13846153846,2
25.94,26.0,25.44,26.25,535,4.56153846154,2
25.94,26.0,25.44,26.25,545,4.88076923077,2
26.0,26.0,25.44,26.25,545,5.03461538462,2
26.0,26.0,25.38,26.25,555,5.10769230769,2
26.0,26.0,25.44,26.25,560,5.13846153846,2
26.0,26.0,25.44,26.25,560,5.07692307692,2
26.0,26.06,25.44,26.31,560,4.87307692308,2
26.0,26.31,25.44,26.25,560,4.57307692308,2
26.0,26.5,25.44,26.31,565,4.32307692308,2
26.0,26.63,25.44,26.25,560,4.08461538462,2
26.0,26.69,25.38,26.25,565,3.91538461538,2
26.0,26.75,25.44,26.25,570,3.76923076923,2
26.0,26.81,25.44,26.31,570,3.55,2
26.0,26.88,25.44,26.31,570,3.30769230769,2
26.0,26.88,25.44,26.31,575,3.14230769231,2
26.0,26.94,25.44,26.31,565,2.86923076923,2
26.06,26.94,25.44,26.31,575,2.68461538462,2
26.0,26.94,25.44,26.25,575,2.54230769231,2
26.0,27.0,25.44,26.25,580,2.44615384615,2
26.0,27.0,25.44,26.31,575,2.30384615385,2
26.0,27.0,25.44,26.38,575,2.21923076923,2
26.06,27.0,25.44,26.31,585,2.19230769231,2
26.0,27.0,25.44,26.31,585,2.07307692308,2
26.0,27.0,25.44,26.31,595,2.0,2
26.06,27.06,25.44,26.31,590,1.82692307692,2
26.06,27.0,25.5,26.31,595,1.75,2
26.06,27.06,25.44,26.38,595,1.72692307692,2
26.06,27.06,25.5,26.31,600,1.71153846154,2
26.06,27.06,25.5,26.25,595,1.70769230769,2
26.06,27.06,25.5,26.25,590,1.67692307692,2
26.06,27.06,25.5,26.31,590,1.62307692308,2
26.06,27.06,25.5,26.31,600,1.63846153846,2
26.06,27.06,25.5,26.31,595,1.57692307692,2
26.06,27.06,25.5,26.31,595,1.53846153846,2
26.06,27.06,25.5,26.31,605,1.51923076923,2
26.06,27.06,25.5,26.31,610,1.56153846154,2
26.06,27.06,25.44,26.31,610,1.61923076923,2
26.06,27.06,25.5,26.31,615,1.69230769231,2
26.06,27.06,25.5,26.31,610,1.68461538462,2
26.06,27.06,25.5,26.38,610,1.69615384615,2
26.06,27.06,25.5,26.38,605,1.53461538462,2
26.06,27.06,25.5,26.38,605,1.44230769231,2
26.06,27.13,25.5,26.44,610,1.37307692308,2
26.06,27.13,25.5,26.38,610,1.32692307692,2
26.06,27.13,25.5,26.38,610,1.20769230769,2
26.06,27.19,25.5,26.44,610,1.06153846154,2
26.06,27.19,25.5,26.38,610,0.988461538462,2
26.06,27.13,25.44,26.38,610,0.896153846154,2
26.06,27.13,25.5,26.38,615,0.930769230769,2
26.13,27.13,25.5,26.38,620,0.946153846154,2
26.06,27.13,25.5,26.38,625,1.03461538462,2
26.13,27.13,25.5,26.38,635,1.19230769231,2
26.13,27.13,25.5,26.38,640,1.41538461538,2
26.13,27.13,25.5,26.38,640,1.55769230769,2
26.13,27.13,25.5,26.38,645,1.66153846154,2
26.06,27.19,25.56,26.38,650,1.76923076923,2
26.13,27.19,25.5,26.38,655,1.97692307692,0
26.06,27.19,25.56,26.38,655,2.09230769231,0
26.06,27.19,25.5,26.38,660,2.20769230769,0
26.06,27.13,25.5,26.31,660,2.37307692308,0
26.06,27.13,25.5,26.38,665,2.59230769231,0
26.06,27.19,25.5,26.38,665,2.76923076923,0
26.06,27.13,25.5,26.31,660,2.90769230769,0
26.06,27.13,25.56,26.31,660,2.96153846154,0
26.06,27.13,25.5,26.38,650,2.88461538462,0
26.06,27.13,25.5,26.38,645,2.68076923077,0
26.0,27.06,25.56,26.38,645,2.44615384615,0
26.0,27.06,25.5,26.38,645,2.23076923077,0
26.0,27.06,25.56,26.38,640,1.94230769231,0
26.0,27.06,25.56,26.31,640,1.63076923077,0
26.0,27.06,25.56,26.31,635,1.25,0
26.0,27.06,25.5,26.38,630,0.803846153846,0
26.0,27.06,25.5,26.31,630,0.342307692308,0
26.0,27.06,25.5,26.31,630,-0.0846153846154,0
26.0,27.06,25.56,26.38,630,-0.473076923077,0
26.0,27.06,25.56,26.31,630,-0.819230769231,0
26.0,27.06,25.56,26.38,635,-1.02307692308,0
25.94,27.06,25.56,26.31,630,-1.22307692308,0
26.0,27.0,25.56,26.31,630,-1.41538461538,0
25.94,27.0,25.56,26.31,630,-1.55,0
25.94,27.0,25.56,26.31,630,-1.62307692308,0
25.94,26.94,25.5,26.25,635,-1.58461538462,0
25.94,27.0,25.56,26.31,640,-1.48461538462,0
25.94,27.0,25.56,26.31,640,-1.32307692308,0
25.94,27.0,25.5,26.31,640,-1.14615384615,0
25.94,27.0,25.56,26.31,640,-0.903846153846,0
25.94,27.0,25.5,26.38,635,-0.688461538462,0
25.94,27.0,25.5,26.31,645,-0.407692307692,0
25.94,27.0,25.5,26.31,645,-0.115384615385,0
25.94,27.0,25.56,26.31,645,0.0884615384615,0
25.94,26.94,25.56,26.25,645,0.246153846154,0
25.94,27.0,25.5,26.31,635,0.311538461538,0
25.94,27.0,25.5,26.31,630,0.338461538462,0
25.94,26.94,25.5,26.25,630,0.326923076923,0
25.94,27.0,25.5,26.31,625,0.276923076923,0
25.94,27.0,25.5,26.31,620,0.142307692308,0
25.94,27.0,25.5,26.25,620,-0.0307692307692,0
25.94,26.94,25.5,26.31,615,-0.242307692308,0
25.94,26.94,25.5,26.31,610,-0.488461538462,0
25.94,26.94,25.5,26.31,605,-0.765384615385,0
25.94,26.94,25.56,26.31,605,-1.02307692308,0
25.94,27.0,25.56,26.31,605,-1.21153846154,0
25.88,26.94,25.56,26.25,600,-1.47307692308,0
25.94,26.94,25.56,26.25,595,-1.75769230769,0
25.94,26.94,25.56,26.25,590,-2.06153846154,0
25.88,26.94,25.56,26.31,585,-2.38076923077,0
25.88,27.0,25.5,26.31,585,-2.61538461538,0
25.88,26.94,25.5,26.31,585,-2.76153846154,0
25.88,26.94,25.56,26.31,580,-2.91153846154,0
25.88,26.94,25.5,26.31,570,-3.10769230769,0
25.88,27.0,25.5,26.38,565,-3.29615384615,0
25.88,27.0,25.5,26.31,555,-3.56923076923,0
25.88,27.0,25.5,26.31,550,-3.72692307692,0
25.88,26.94,25.5,26.25,545,-3.85769230769,0
25.88,26.94,25.5,26.31,540,-3.95769230769,0
25.88,26.94,25.5,26.25,540,-3.97692307692,0
25.88,26.94,25.5,26.25,540,-4.01538461538,0
25.88,26.94,25.5,26.25,535,-4.07692307692,0
25.88,26.94,25.56,26.25,535,-4.06538461538,0
25.88,26.94,25.5,26.25,530,-4.07692307692,0
25.88,26.94,25.5,26.25,530,-4.06538461538,0
25.81,26.94,25.5,26.25,530,-3.98461538462,0
25.88,26.94,25.56,26.31,525,-3.93076923077,0
25.88,26.88,25.5,26.25,530,-3.81153846154,0
25.88,26.94,25.5,26.25,535,-3.63461538462,0
25.88,26.94,25.56,26.31,530,-3.45,0
25.88,26.94,25.56,26.31,530,-3.20769230769,0
25.88,26.94,25.56,26.31,535,-2.91153846154,0
25.81,26.94,25.5,26.31,535,-2.61538461538,0
25.88,26.94,25.5,26.31,540,-2.27692307692,0
25.88,26.94,25.5,26.25,545,-1.90384615385,0
25.88,26.94,25.5,26.25,545,-1.5,0
25.88,26.94,25.5,26.31,545,-1.06538461538,0
25.81,26.94,25.56,26.31,540,-0.696153846154,0
25.88,26.94,25.56,26.31,540,-0.396153846154,0
25.88,26.94,25.56,26.25,540,-0.123076923077,0
25.88,26.94,25.5,26.25,540,0.0692307692308,0
25.81,26.88,25.5,26.25,540,0.223076923077,0
25.88,26.94,25.5,26.25,540,0.334615384615,0
25.81,26.88,25.5,26.25,535,0.353846153846,0
25.88,26.88,25.5,26.25,540,0.423076923077,0
25.81,26.94,25.5,26.25,540,0.492307692308,0
25.81,26.94,25.5,26.25,535,0.465384615385,0
25.81,26.88,25.5,26.25,535,0.438461538462,0
25.81,26.94,25.5,26.25,530,0.315384615385,0
25.81,26.88,25.5,26.25,525,0.146153846154,0
25.81,26.88,25.5,26.25,525,-0.0192307692308,0
25.81,26.88,25.5,26.25,530,-0.184615384615,0
25.81,26.88,25.5,26.25,525,-0.35,0
25.81,26.88,25.5,26.25,520,-0.507692307692,0
25.81,26.88,25.5,26.25,515,-0.75,0
25.81,26.88,25.5,26.31,515,-0.980769230769,0
25.81,26.88,25.5,26.25,515,-1.15,0
25.81,26.88,25.5,26.25,515,-1.30384615385,0
25.81,26.88,25.5,26.25,515,-1.39230769231,0
25.81,26.88,25.5,26.25,515,-1.41153846154,0
25.81,26.88,25.5,26.25,510,-1.45384615385,0
25.81,26.88,25.5,26.31,510,-1.46923076923,0
25.81,26.88,25.5,26.25,510,-1.50769230769,0
25.81,26.81,25.5,26.25,505,-1.56923076923,0
25.81,26.81,25.5,26.25,505,-1.60384615385,0
25.81,26.88,25.56,26.25,505,-1.61153846154,0
25.81,26.88,25.56,26.25,500,-1.63846153846,0
25.81,26.88,25.56,26.25,495,-1.68076923077,0
25.81,26.88,25.56,26.25,485,-1.83076923077,0
25.81,26.88,25.56,26.25,485,-1.89230769231,0
25.81,26.81,25.56,26.25,485,-1.91153846154,0
25.81,26.81,25.5,26.25,485,-1.93846153846,0
25.81,26.88,25.56,26.25,490,-1.88076923077,0
25.81,26.81,25.56,26.31,490,-1.83846153846,0
25.81,26.81,25.56,26.31,485,-1.86153846154,0
25.81,26.81,25.56,26.25,470,-1.99230769231,0
25.81,26.81,25.56,26.25,470,-2.03076923077,0
25.75,26.81,25.56,26.25,470,-2.07307692308,0
25.81,26.81,25.56,26.25,470,-2.12307692308,0
25.75,26.81,25.5,26.25,465,-2.23076923077,0
25.75,26.81,25.5,26.25,470,-2.25384615385,0
25.81,26.81,25.5,26.31,465,-2.28846153846,0
25.81,26.81,25.5,26.25,470,-2.23846153846,0
25.75,26.81,25.5,26.25,460,-2.24615384615,0
25.81,26.81,25.5,26.31,460,-2.21153846154,0
25.75,26.81,25.5,26.25,460,-2.18461538462,0
25.75,26.81,25.56,26.25,460,-2.11923076923,0
25.75,26.88,25.5,26.25,460,-2.01538461538,0
25.81,26.81,25.5,26.25,460,-1.92307692308,0
25.81,26.81,25.5,26.25,460,-1.79615384615,0
25.75,26.81,25.5,26.25,460,-1.63461538462,0
25.75,26.81,25.5,26.25,460,-1.48846153846,0
25.75,26.81,25.5,26.25,455,-1.40769230769,0
25.75,26.81,25.5,26.25,450,-1.44230769231,0
25.75,26.81,25.5,26.25,455,-1.40384615385,0
25.75,26.81,25.44,26.19,455,-1.34230769231,0
25.75,26.81,25.5,26.19,455,-1.25769230769,0
25.75,26.81,25.5,26.19,450,-1.14615384615,0
25.75,26.81,25.5,26.19,445,-1.05,0
25.75,26.81,25.5,26.25,445,-0.969230769231,0
25.75,26.81,25.5,26.25,445,-1.00769230769,0
25.75,26.81,25.5,26.19,445,-1.02692307692,0
25.75,26.81,25.5,26.25,435,-1.11923076923,0
25.75,26.81,25.5,26.31,435,-1.18461538462,0
25.75,26.81,25.5,26.25,435,-1.27307692308,0
25.75,26.81,25.5,26.25,435,-1.28846153846,0
25.75,26.81,25.5,26.19,430,-1.37307692308,0
25.75,26.81,25.5,26.25,430,-1.38076923077,0
25.81,26.81,25.5,26.25,435,-1.41153846154,1
25.75,26.81,25.5,26.25,430,-1.46923076923,1
25.81,26.81,25.5,26.25,425,-1.55,1
25.81,26.81,25.5,26.25,415,-1.69615384615,1
25.81,26.75,25.5,26.25,415,-1.80769230769,1
25.81,26.81,25.5,26.31,415,-1.88461538462,1
25.81,26.81,25.5,26.31,415,-1.92692307692,1
25.81,26.75,25.5,26.31,420,-1.88846153846,1
25.81,26.81,25.5,26.31,415,-1.86538461538,1
25.81,26.81,25.5,26.31,415,-1.85769230769,1
25.81,26.81,25.5,26.25,420,-1.82307692308,1
25.88,26.81,25.5,26.25,415,-1.76153846154,1
25.88,26.81,25.5,26.25,420,-1.62307692308,1
25.88,26.81,25.5,26.25,415,-1.50384615385,1
25.88,26.81,25.5,26.25,420,-1.35769230769,1
25.81,26.81,25.5,26.25,415,-1.28461538462,1
25.88,26.81,25.5,26.25,415,-1.18846153846,1
25.88,26.81,25.5,26.25,410,-1.11538461538,1
25.88,26.81,25.5,26.31,405,-1.06153846154,1
25.88,26.81,25.5,26.31,410,-1.03076923077,1
25.88,26.81,25.5,26.31,410,-0.980769230769,1
25.88,26.81,25.5,26.31,405,-0.957692307692,1
25.94,26.81,25.5,26.31,410,-0.865384615385,1
25.88,26.81,25.5,26.25,420,-0.711538461538,1
25.88,26.81,25.5,26.25,420,-0.55,1
25.94,26.81,25.5,26.25,415,-0.376923076923,1
25.88,26.81,25.5,26.25,415,-0.238461538462,1
25.88,26.81,25.5,26.31,415,-0.138461538462,1
25.88,26.75,25.44,26.31,415,-0.130769230769,1
25.88,26.81,25.5,26.31,420,-0.0769230769231,1
25.88,26.81,25.5,26.25,420,-0.0269230769231,1
25.88,26.81,25.5,26.25,420,0.0192307692308,1
25.88,26.81,25.5,26.31,420,0.111538461538,1
25.88,26.81,25.5,26.31,420,0.153846153846,1
25.94,26.81,25.5,26.31,425,0.238461538462,1
25.94,26.81,25.5,26.31,425,0.365384615385,1
25.94,26.81,25.5,26.31,430,0.484615384615,1
25.94,26.75,25.5,26.38,425,0.596153846154,1
25.94,26.81,25.5,26.31,425,0.653846153846,1
25.94,26.81,25.5,26.25,425,0.753846153846,1
25.94,26.81,25.5,26.25,430,0.846153846154,1
25.94,26.81,25.5,26.25,430,0.926923076923,1
25.94,26.81,25.5,26.25,430,0.946153846154,1
25.94,26.81,25.5,26.31,430,0.9,1
25.94,26.81,25.5,26.31,430,0.884615384615,1
25.94,26.81,25.5,26.25,435,0.9,1
25.94,26.81,25.5,26.25,435,0.846153846154,1
26.0,26.81,25.5,26.31,430,0.773076923077,1
25.94,26.81,25.56,26.38,440,0.876923076923,1
25.94,26.81,25.56,26.38,445,1.01153846154,1
25.94,26.81,25.5,26.31,450,1.12307692308,1
25.94,26.81,25.5,26.31,450,1.20769230769,1
25.94,26.75,25.5,26.31,450,1.26538461538,1
26.0,26.81,25.5,26.25,450,1.29615384615,1
25.94,26.81,25.5,26.31,450,1.35,1
25.94,26.81,25.5,26.31,450,1.38076923077,1
25.94,26.81,25.5,26.31,450,1.38846153846,1
26.0,26.81,25.5,26.31,455,1.41923076923,1
26.0,26.81,25.5,26.31,450,1.37692307692,1
26.0,26.81,25.5,26.25,455,1.40769230769,1
26.0,26.81,25.5,26.25,455,1.41538461538,1
26.0,26.81,25.5,26.25,460,1.49615384615,1
26.0,26.81,25.5,26.31,465,1.55,1
26.0,26.81,25.5,26.38,460,1.52692307692,1
26.0,26.81,25.5,26.31,465,1.52307692308,1
26.0,26.75,25.5,26.31,470,1.58461538462,1
26.0,26.75,25.5,26.31,470,1.61538461538,1
26.0,26.81,25.5,26.31,470,1.61538461538,1
25.94,26.81,25.5,26.31,475,1.63076923077,1
26.0,26.75,25.5,26.31,470,1.56538461538,1
26.0,26.75,25.5,26.31,470,1.51923076923,1
26.0,26.81,25.5,26.25,475,1.49230769231,1
26.0,26.81,25.56,26.31,475,1.38461538462,1
26.0,26.75,25.56,26.31,475,1.34230769231,1
26.0,26.81,25.56,26.38,475,1.32307692308,1
26.0,26.81,25.5,26.31,470,1.28461538462,1
26.0,26.75,25.5,26.31,475,1.27692307692,1
26.06,26.81,25.5,26.31,475,1.25,1
26.06,26.81,25.5,26.31,475,1.20384615385,1
26.0,26.81,25.5,26.38,480,1.18461538462,1
26.06,26.81,25.5,26.31,475,1.09615384615,1
26.06,26.81,25.5,26.31,475,0.988461538462,1
26.06,26.81,25.56,26.31,475,0.911538461538,1
26.06,26.81,25.56,26.25,475,0.769230769231,1
26.0,26.81,25.5,26.31,485,0.75,1
26.06,26.81,25.5,26.31,485,0.707692307692,1
26.06,26.75,25.56,26.31,490,0.738461538462,1
26.06,26.75,25.5,26.25,490,0.796153846154,1
26.06,26.75,25.5,26.31,490,0.784615384615,1
26.06,26.75,25.5,26.31,490,0.8,1
26.06,26.81,25.5,26.31,490,0.846153846154,1
26.06,26.81,25.56,26.38,490,0.876923076923,1
26.06,26.81,25.56,26.31,495,0.938461538462,1
26.06,26.81,25.5,26.38,505,1.12307692308,1
26.06,26.81,25.5,26.44,500,1.18846153846,1
26.06,26.81,25.56,26.38,500,1.23076923077,1
26.06,26.81,25.56,26.38,500,1.3,1
26.06,26.81,25.5,26.38,505,1.39615384615,1
26.06,26.81,25.56,26.38,510,1.51538461538,1
26.06,26.81,25.5,26.31,510,1.60769230769,1
26.06,26.81,25.5,26.31,510,1.62307692308,1
26.06,26.81,25.56,26.31,505,1.61153846154,1
26.06,26.81,25.5,26.38,510,1.62307692308,1
26.06,26.81,25.5,26.31,520,1.7,1
26.06,26.81,25.5,26.31,515,1.74615384615,1
26.06,26.81,25.56,26.38,520,1.76153846154,1
26.06,26.81,25.56,26.38,515,1.69615384615,1
26.06,26.81,25.5,26.38,515,1.6,1
26.06,26.81,25.5,26.31,510,1.42692307692,1
26.06,26.81,25.56,26.31,520,1.41923076923,1
26.06,26.75,25.5,26.31,525,1.43076923077,1
26.06,26.81,25.56,26.31,520,1.41538461538,1
26.06,26.81,25.56,26.38,520,1.37692307692,1
26.06,26.81,25.56,26.31,525,1.36153846154,1
26.06,26.81,25.56,26.31,520,1.27307692308,1
26.06,26.81,25.5,26.31,530,1.25384615385,1
26.06,26.81,25.5,26.31,530,1.20384615385,1
26.06,26.81,25.5,26.31,530,1.17307692308,1
26.06,26.81,25.56,26.31,530,1.21538461538,1
26.06,26.81,25.56,26.31,525,1.14230769231,1
26.06,26.81,25.5,26.25,525,1.05,1
26.06,26.81,25.5,26.31,525,0.938461538462,1
26.06,26.75,25.5,26.31,535,0.95,1
26.13,26.81,25.5,26.38,535,0.988461538462,1
26.06,26.81,25.56,26.38,535,1.00769230769,1
26.06,26.81,25.5,26.38,540,1.05384615385,1
26.06,26.75,25.56,26.31,535,0.980769230769,1
26.06,26.81,25.56,26.31,525,0.842307692308,1
26.06,26.81,25.5,26.31,530,0.838461538462,1
26.06,26.81,25.5,26.31,530,0.776923076923,1
26.06,26.81,25.5,26.38,530,0.753846153846,1
26.06,26.81,25.5,26.38,535,0.719230769231,1
26.06,26.81,25.5,26.38,535,0.669230769231,1
26.06,26.81,25.5,26.38,540,0.6,1
26.06,26.81,25.5,26.31,535,0.561538461538,1
26.06,26.81,25.5,26.38,535,0.561538461538,1
26.06,26.81,25.56,26.31,535,0.503846153846,1
26.06,26.81,25.5,26.31,535,0.434615384615,1
26.13,26.38,25.5,26.25,555,0.588461538462,2
26.13,26.25,25.5,26.31,555,0.669230769231,2
26.13,26.19,25.5,26.31,560,0.869230769231,2
26.13,26.13,25.56,26.25,565,1.09230769231,2
26.13,26.06,25.5,26.31,565,1.28846153846,2
26.13,26.0,25.5,26.25,565,1.45769230769,2
26.13,25.94,25.56,26.31,560,1.50384615385,2
26.13,25.94,25.56,26.25,565,1.56923076923,2
26.13,25.94,25.56,26.31,565,1.60384615385,2
26.13,25.88,25.56,26.31,575,1.8,2
26.13,25.88,25.5,26.31,570,1.91923076923,2
26.13,25.88,25.56,26.31,570,2.01153846154,2
26.13,25.88,25.56,26.31,570,2.12692307692,2
26.13,25.88,25.56,26.31,565,2.12307692308,2
26.13,25.88,25.56,26.31,565,1.99615384615,2
26.13,25.88,25.56,26.31,570,1.93461538462,2
26.13,25.81,25.56,26.31,570,1.84230769231,2
26.13,25.88,25.5,26.31,575,1.76538461538,2
26.13,25.88,25.56,26.31,575,1.70384615385,2
26.13,25.81,25.56,26.31,585,1.70384615385,2
26.13,25.81,25.63,26.31,585,1.71538461538,2
26.13,25.81,25.63,26.31,590,1.68846153846,2
26.13,25.81,25.56,26.31,590,1.61923076923,2
26.13,25.88,25.56,26.31,585,1.46153846154,2
26.13,25.81,25.56,26.31,590,1.31153846154,2
26.13,25.81,25.63,26.31,590,1.31923076923,2
26.13,25.81,25.63,26.25,590,1.3,2
26.13,25.81,25.56,26.31,595,1.35,2
26.13,25.81,25.63,26.38,595,1.42307692308,2
26.13,25.81,25.63,26.38,595,1.47307692308,2
26.13,25.81,25.63,26.38,595,1.5,2
26.13,25.81,25.63,26.38,600,1.5,2
26.13,25.81,25.63,26.38,605,1.56538461538,2
26.13,25.81,25.63,26.31,605,1.6,2
26.13,25.81,25.63,26.38,610,1.75,2
26.13,25.81,25.63,26.31,615,1.86923076923,2
26.13,25.81,25.63,26.31,620,2.0,2
26.13,25.81,25.63,26.31,620,2.09230769231,2
26.13,25.88,25.63,26.31,625,2.14230769231,2
26.13,25.81,25.63,26.31,625,2.14615384615,2
26.13,25.81,25.63,26.31,630,2.2,2
26.13,25.81,25.63,26.31,635,2.25384615385,2
26.13,25.88,25.63,26.31,630,2.26153846154,2
26.13,25.81,25.69,26.38,640,2.31923076923,2
26.13,25.81,25.69,26.31,640,2.42692307692,2
26.13,25.81,25.69,26.31,645,2.53846153846,2
26.13,25.81,25.63,26.31,650,2.7,2
26.13,25.81,25.69,26.38,650,2.81538461538,2
26.13,25.88,25.69,26.38,655,2.88076923077,2
26.19,25.81,25.63,26.31,655,2.94230769231,2
26.13,25.81,25.63,26.38,665,3.04615384615,2
26.19,25.81,25.63,26.38,670,3.13846153846,2
26.19,25.88,25.69,26.38,670,3.21923076923,2
26.19,25.88,25.63,26.38,675,3.28846153846,2
26.19,25.81,25.69,26.38,670,3.25,2
26.19,25.81,25.69,26.31,675,3.2,2
26.19,25.81,25.69,26.38,665,3.04615384615,2
26.19,25.81,25.63,26.44,670,2.93846153846,2
26.19,25.81,25.69,26.31,675,2.82692307692,2
26.19,25.88,25.69,26.31,680,2.75769230769,2
26.19,25.81,25.69,26.31,685,2.73076923077,2
26.19,25.88,25.69,26.31,685,2.7,2
26.19,25.81,25.69,26.31,685,2.61923076923,2
26.19,25.81,25.69,26.31,690,2.58461538462,2
26.19,25.81,25.69,26.31,690,2.5,2
26.19,25.88,25.69,26.31,700,2.50769230769,2
26.19,25.81,25.69,26.31,700,2.51153846154,2
26.19,25.81,25.69,26.31,700,2.41538461538,2
26.19,25.88,25.69,26.31,705,2.41153846154,2
26.19,25.81,25.69,26.31,710,2.40384615385,2
26.19,25.88,25.69,26.31,710,2.39230769231,2
26.19,25.81,25.69,26.31,710,2.38076923077,2
26.13,25.81,25.69,26.38,720,2.41538461538,2
26.19,25.88,25.69,26.38,720,2.44615384615,2
26.19,25.81,25.69,26.31,725,2.47307692308,2
26.19,25.81,25.69,26.31,720,2.5,2
26.19,25.81,25.69,26.31,725,2.58076923077,2
26.19,25.88,25.75,26.38,730,2.66538461538,2
26.19,25.81,25.69,26.31,730,2.75384615385,2
26.19,25.81,25.69,26.31,730,2.75,2
26.13,25.88,25.75,26.31,730,2.75,2
26.19,25.81,25.75,26.31,735,2.65384615385,2
26.19,25.88,25.69,26.31,730,2.50769230769,2
26.13,25.88,25.75,26.31,735,2.41153846154,2
26.19,25.88,25.69,26.38,735,2.31923076923,2
26.19,25.88,25.75,26.31,735,2.23461538462,2
26.19,25.88,25.75,26.31,735,2.11153846154,2
26.13,25.88,25.69,26.31,725,1.85769230769,2
26.13,25.88,25.75,26.31,725,1.62307692308,2
26.19,25.88,25.75,26.31,720,1.31538461538,2
26.19,25.81,25.75,26.31,720,1.08461538462,2
26.19,25.88,25.75,26.31,720,0.838461538462,2
26.19,25.88,25.75,26.31,710,0.484615384615,2
26.19,25.88,25.75,26.31,705,0.126923076923,2
26.19,25.88,25.75,26.31,700,-0.226923076923,2
26.19,25.81,25.75,26.31,705,-0.526923076923,2
26.19,25.81,25.75,26.31,715,-0.730769230769,2
26.13,25.88,25.75,26.31,715,-0.838461538462,2
26.19,25.81,25.75,26.31,720,-0.896153846154,2
26.19,25.88,25.75,26.25,730,-0.811538461538,2
26.19,25.88,25.75,26.25,730,-0.780769230769,2
26.19,25.88,25.75,26.31,735,-0.661538461538,2
26.19,25.81,25.75,26.38,735,-0.5,2
26.19,25.81,25.75,26.31,740,-0.296153846154,2
26.19,25.81,25.75,26.31,750,-0.00769230769231,2
26.19,25.88,25.75,26.31,760,0.357692307692,3
26.19,26.0,25.75,26.31,760,0.75,3
26.19,26.0,25.75,26.25,760,1.07307692308,3
26.19,26.0,25.75,26.31,760,1.42307692308,3
26.19,26.0,25.75,26.25,765,1.8,3
26.19,26.0,25.75,26.31,770,2.2,3
26.19,26.0,25.75,26.38,770,2.57307692308,3
26.19,26.0,25.75,26.31,770,2.81923076923,3
26.19,26.0,25.75,26.31,775,3.07692307692,3
26.19,26.0,25.75,26.31,775,3.24615384615,3
26.19,26.0,25.75,26.31,775,3.37307692308,3
26.19,26.0,25.75,26.31,780,3.50384615385,3
26.19,26.0,25.81,26.31,780,3.48846153846,3
26.19,26.0,25.81,26.25,780,3.36923076923,3
26.19,26.0,25.81,26.31,775,3.09615384615,3
26.19,26.0,25.81,26.31,780,2.86153846154,3
26.19,26.0,25.81,26.31,780,2.66923076923,3
26.25,26.06,25.81,26.31,785,2.47307692308,3
26.25,26.06,25.81,26.31,780,2.22692307692,3
26.19,26.06,25.81,26.38,780,2.03461538462,3
26.19,26.06,25.81,26.31,785,1.85,3
26.19,26.06,25.81,26.31,785,1.67307692308,3
26.19,26.06,25.81,26.31,790,1.50384615385,3
26.19,26.06,25.81,26.38,790,1.34230769231,3
26.19,26.06,25.81,26.38,790,1.24230769231,3
26.19,26.13,25.81,26.31,790,1.21153846154,3
26.19,26.13,25.81,26.38,795,1.20384615385,3
26.19,26.13,25.81,26.38,795,1.16923076923,3
26.19,26.13,25.81,26.31,800,1.15384615385,3
26.19,26.13,25.81,26.38,805,1.20384615385,3
26.25,26.13,25.81,26.38,805,1.27307692308,3
26.19,26.13,25.88,26.38,810,1.36153846154,3
26.19,26.13,25.81,26.38,805,1.37307692308,3
26.19,26.13,25.81,26.31,805,1.40769230769,3
26.25,26.13,25.88,26.38,805,1.41923076923,3
26.25,26.13,25.81,26.31,810,1.45384615385,3
26.19,26.13,25.88,26.31,810,1.51153846154,3
26.19,26.13,25.88,26.31,815,1.59230769231,3
26.19,26.13,25.81,26.31,820,1.69230769231,3
26.19,26.13,25.81,26.31,825,1.75769230769,3
26.19,26.13,25.81,26.31,825,1.83461538462,3
26.19,26.19,25.81,26.31,825,1.87692307692,3
26.25,26.13,25.81,26.38,835,2.02692307692,3
26.19,26.19,25.81,26.31,825,1.99615384615,3
26.19,26.19,25.81,26.31,825,1.93076923077,3
26.25,26.19,25.81,26.31,835,1.97307692308,3
26.25,26.13,25.88,26.31,840,2.02307692308,3
26.25,26.19,25.88,26.31,840,2.08076923077,3
26.25,26.19,25.88,26.31,840,2.1,3
26.25,26.19,25.81,26.31,845,2.12692307692,3
26.25,26.19,25.88,26.31,850,2.15769230769,3
26.25,26.19,25.88,26.31,865,2.33076923077,3
26.25,26.13,25.81,26.25,870,2.49615384615,3
26.25,26.19,25.88,26.31,880,2.74615384615,3
26.25,26.19,25.88,26.31,880,2.98461538462,3
26.25,26.19,25.88,26.31,885,3.21153846154,3
26.25,26.19,25.88,26.31,890,3.47307692308,3
26.25,26.19,25.88,26.31,890,3.62307692308,3
26.25,26.19,25.88,26.31,895,3.75384615385,3
26.25,26.19,25.88,26.31,890,3.76923076923,3
26.25,26.19,25.88,26.31,895,3.81538461538,3
26.25,26.19,25.88,26.31,895,3.79615384615,3
26.25,26.19,25.88,26.38,905,3.85384615385,3
26.25,26.19,25.88,26.31,915,3.98461538462,3
26.25,26.19,25.88,26.31,910,4.04615384615,3
26.25,26.19,25.88,26.38,915,4.08846153846,3
26.25,26.19,25.88,26.38,915,4.06153846154,3
26.25,26.25,25.88,26.38,915,4.06538461538,3
26.25,26.25,25.88,26.38,920,3.95384615385,3
26.25,26.25,25.88,26.38,925,3.81538461538,3
26.25,26.19,25.88,26.38,925,3.7,3
26.19,26.25,25.88,26.38,925,3.56538461538,3
26.25,26.25,25.88,26.38,930,3.41153846154,3
26.25,26.25,25.88,26.38,935,3.23461538462,3
26.25,26.25,25.88,26.44,945,3.12692307692,3
26.19,26.25,25.88,26.38,945,2.99230769231,3
26.25,26.25,25.88,26.38,950,2.98076923077,3
26.19,26.25,25.88,26.38,945,2.90769230769,3
26.25,26.25,25.88,26.31,945,2.87692307692,3
26.25,26.25,25.88,26.31,945,2.79615384615,3
26.25,26.19,25.88,26.31,940,2.66923076923,3
26.25,26.25,25.88,26.31,950,2.64230769231,3
26.25,26.31,25.88,26.38,950,2.56923076923,3
26.25,26.25,25.88,26.38,955,2.54615384615,3
26.25,26.25,25.88,26.31,955,2.42692307692,3
26.25,26.25,25.88,26.38,955,2.30769230769,3
26.25,26.25,25.88,26.31,955,2.14230769231,3
26.25,26.25,25.88,26.38,960,2.07692307692,3
26.25,26.25,25.88,26.38,965,2.11538461538,3
26.25,26.31,25.88,26.44,965,2.06538461538,3
26.25,26.25,25.88,26.38,970,2.06923076923,3
26.25,26.25,25.88,26.38,975,2.07692307692,3
26.25,26.31,25.88,26.38,970,1.99230769231,3
26.25,26.31,25.94,26.38,970,1.91538461538,3
26.25,26.31,25.88,26.38,980,1.94230769231,3
26.25,26.31,25.88,26.38,990,2.01923076923,3
26.25,26.31,25.88,26.31,985,2.0,3
26.25,26.31,25.94,26.38,990,2.03076923077,3
26.25,26.31,25.94,26.38,985,2.01923076923,3
26.25,26.31,25.94,26.31,990,2.11538461538,3
26.25,26.25,25.94,26.31,990,2.17692307692,3
26.25,26.31,25.94,26.38,995,2.3,3
26.25,26.31,25.88,26.38,1000,2.38461538462,3
26.25,26.31,25.88,26.31,1000,2.42692307692,3
26.25,26.31,25.88,26.31,1000,2.42692307692,3
26.25,26.31,25.94,26.31,1005,2.38076923077,3
26.25,26.31,25.88,26.38,1010,2.43076923077,3
26.25,26.31,25.88,26.5,1010,2.43461538462,3
26.25,26.31,25.88,26.44,1010,2.44230769231,3
26.25,26.31,25.88,26.38,1010,2.40769230769,3
26.25,26.31,25.94,26.38,1015,2.37692307692,3
26.25,26.31,25.88,26.38,1010,2.25384615385,3
26.25,26.31,25.88,26.44,1010,2.13846153846,3
26.25,26.31,25.88,26.38,1010,2.03461538462,3
26.25,26.31,25.88,26.38,1015,1.94230769231,3
26.25,26.31,25.88,26.38,1025,1.95384615385,3
26.25,26.38,25.88,26.31,1030,2.01923076923,3
26.25,26.38,25.88,26.38,1035,2.03846153846,3
26.25,26.38,25.88,26.38,1030,1.96153846154,3
26.25,26.38,25.88,26.38,1030,1.93846153846,3
26.25,26.38,25.94,26.38,1035,2.02307692308,3
26.25,26.38,25.88,26.38,1040,2.06923076923,3
26.25,26.38,25.94,26.31,1035,2.07692307692,3
26.25,26.38,25.88,26.38,1045,2.09230769231,3
26.25,26.38,25.94,26.38,1045,2.11153846154,3
26.25,26.38,25.88,26.31,1045,2.08846153846,3
26.31,26.38,25.94,26.31,1045,2.07307692308,3
26.25,26.31,25.94,26.38,1050,2.11538461538,3
26.25,26.38,25.94,26.38,1050,2.11923076923,3
26.25,26.38,25.94,26.38,1050,2.08461538462,3
26.31,26.44,25.94,26.38,1055,2.10769230769,2
26.25,26.44,25.94,26.31,1055,2.14230769231,2
26.31,26.44,25.94,26.38,1055,2.14230769231,2
26.31,26.44,25.94,26.38,1055,2.10769230769,2
26.31,26.38,25.88,26.31,1060,2.08461538462,2
26.25,26.38,25.94,26.38,1065,2.11923076923,2
26.25,26.38,25.94,26.31,1065,2.06538461538,2
26.25,26.38,25.94,26.31,1060,1.92307692308,2
26.31,26.38,25.94,26.38,1055,1.69615384615,2
26.25,26.38,25.94,26.38,1065,1.57692307692,2
26.31,26.38,25.88,26.31,1055,1.42692307692,2
26.25,26.38,25.88,26.31,1055,1.30384615385,2
26.31,26.31,25.94,26.38,1040,1.07307692308,2
26.31,26.38,25.94,26.31,1040,0.788461538462,2
26.25,26.38,25.94,26.38,1045,0.542307692308,2
26.25,26.31,25.94,26.31,1045,0.334615384615,2
26.25,26.38,25.94,26.38,1045,0.169230769231,2
26.25,26.31,25.94,26.31,1040,-0.0961538461538,2
26.25,26.31,25.94,26.31,1040,-0.265384615385,2
26.25,26.38,25.94,26.25,1035,-0.476923076923,2
26.25,26.31,25.94,26.31,1035,-0.680769230769,2
26.25,26.31,25.94,26.38,1035,-0.876923076923,2
26.25,26.31,25.94,26.31,1035,-1.01538461538,2
26.25,26.31,25.94,26.31,1035,-1.14230769231,2
26.25,26.31,25.94,26.31,1030,-1.30384615385,2
26.25,26.31,25.94,26.31,1030,-1.4,2
26.25,26.31,25.94,26.31,1035,-1.43076923077,2
26.25,26.31,25.94,26.38,1035,-1.44615384615,2
26.25,26.31,25.94,26.38,1035,-1.44615384615,2
26.25,26.31,25.94,26.31,1040,-1.33461538462,2
26.25,26.25,25.94,26.38,1045,-1.11153846154,2
26.25,26.31,25.94,26.38,1045,-0.873076923077,2
26.25,26.25,26.0,26.31,1045,-0.669230769231,2
26.25,26.25,25.94,26.31,1045,-0.503846153846,2
26.25,26.25,25.94,26.31,1050,-0.184615384615,2
26.25,26.25,25.94,26.31,1050,0.0461538461538,2
26.25,26.25,25.94,26.31,1050,0.280769230769,2
26.25,26.25,25.94,26.38,1050,0.369230769231,2
26.25,26.25,25.94,26.31,1045,0.403846153846,2
26.25,26.25,25.94,26.31,1040,0.438461538462,2
26.25,26.25,25.94,26.31,1040,0.476923076923,2
26.25,26.25,25.94,26.31,1035,0.473076923077,2
26.25,26.25,25.94,26.31,1035,0.426923076923,2
26.25,26.25,25.94,26.31,1030,0.338461538462,2
26.25,26.25,25.94,26.31,1035,0.253846153846,2
26.19,26.25,25.94,26.31,1035,0.169230769231,2
26.19,26.25,25.94,26.31,1035,0.0846153846154,2
26.19,26.25,25.94,26.31,1040,0.0461538461538,2
26.19,26.25,25.94,26.31,1040,0.00384615384615,2
26.25,26.25,25.94,26.31,1040,-0.0923076923077,2
26.25,26.25,25.94,26.31,1035,-0.242307692308,2
26.25,26.25,26.0,26.38,1035,-0.346153846154,2
26.19,26.25,26.0,26.31,1040,-0.403846153846,2
26.25,26.25,25.94,26.38,1040,-0.465384615385,2
26.25,26.25,25.94,26.31,1040,-0.480769230769,2
26.25,26.19,26.0,26.38,1040,-0.446153846154,2
26.25,26.19,25.94,26.38,1035,-0.453846153846,2
26.19,26.25,25.94,26.31,1045,-0.361538461538,2
26.19,26.25,26.0,26.31,1040,-0.315384615385,2
26.25,26.25,26.0,26.31,1035,-0.261538461538,2
26.25,26.19,25.94,26.31,1035,-0.196153846154,2
26.25,26.19,25.94,26.31,1030,-0.165384615385,2
26.25,26.19,25.94,26.31,1035,-0.0730769230769,2
26.19,26.19,25.94,26.31,1030,-0.0653846153846,2
26.25,26.19,25.94,26.31,1025,-0.142307692308,2
26.19,26.19,26.0,26.31,1025,-0.207692307692,2
26.25,26.19,25.94,26.31,1025,-0.311538461538,2
26.25,26.19,26.0,26.31,1020,-0.453846153846,2
26.25,26.19,26.0,26.38,1015,-0.680769230769,2
26.19,26.19,25.94,26.31,1015,-0.846153846154,2
26.19,26.19,25.94,26.31,1020,-0.95,2
26.25,26.19,25.94,26.38,1020,-1.04230769231,2
26.19,26.19,26.0,26.31,1020,-1.07307692308,2
26.25,26.19,26.0,26.31,1025,-1.04230769231,2
26.25,26.19,26.0,26.31,1025,-1.0,2
26.25,26.19,26.0,26.31,1030,-0.95,2
26.25,26.19,26.0,26.31,1030,-0.896153846154,2
26.25,26.19,25.94,26.31,1035,-0.742307692308,2
26.25,26.13,25.94,26.31,1025,-0.676923076923,2
26.25,26.19,25.94,26.31,1025,-0.6,2
26.25,26.19,26.0,26.31,1015,-0.603846153846,2
26.25,26.19,26.0,26.31,1025,-0.546153846154,2
26.19,26.19,26.0,26.31,1015,-0.473076923077,2
26.25,26.19,26.0,26.31,1015,-0.426923076923,2
26.25,26.19,25.94,26.31,1015,-0.411538461538,2
26.19,26.13,26.0,26.31,1010,-0.426923076923,2
26.25,26.19,25.94,26.25,1010,-0.473076923077,2
26.25,26.19,26.0,26.31,1010,-0.453846153846,2
26.25,26.13,25.94,26.31,1005,-0.511538461538,2
26.25,26.13,26.0,26.31,1005,-0.6,2
26.25,26.13,25.94,26.31,1010,-0.626923076923,2
26.25,26.19,26.0,26.25,1015,-0.596153846154,2
26.25,26.19,26.0,26.25,1020,-0.561538461538,2
26.25,26.19,26.0,26.25,1025,-0.530769230769,2
26.25,26.13,26.0,26.25,1020,-0.553846153846,2
26.25,26.13,25.94,26.31,1020,-0.530769230769,2
26.25,26.13,26.0,26.25,1015,-0.553846153846,2
26.25,26.13,25.94,26.25,1020,-0.526923076923,2
26.25,26.13,25.94,26.31,1020,-0.45,2
26.25,26.13,25.94,26.25,1015,-0.415384615385,2
26.25,26.13,25.94,26.31,1015,-0.323076923077,2
26.25,26.13,25.94,26.31,1015,-0.219230769231,2
26.19,26.13,25.94,26.25,1020,-0.00769230769231,2
26.25,26.13,25.94,26.25,1020,0.115384615385,2
26.25,26.13,25.94,26.25,1030,0.334615384615,2
26.19,26.13,25.94,26.25,1025,0.403846153846,2
26.19,26.13,25.94,26.31,1025,0.565384615385,2
26.25,26.13,25.94,26.25,1025,0.626923076923,2
26.25,26.13,25.94,26.25,1025,0.680769230769,2
26.19,26.13,25.94,26.25,1025,0.726923076923,2
26.19,26.13,25.94,26.25,1025,0.715384615385,2
26.19,26.13,25.94,26.25,1020,0.646153846154,2
26.19,26.13,25.94,26.25,1020,0.569230769231,2
26.19,26.13,25.94,26.31,1025,0.480769230769,2
26.19,26.13,25.94,26.25,1030,0.423076923077,2
26.19,26.13,25.94,26.25,1025,0.35,2
26.19,26.13,25.94,26.25,1020,0.269230769231,2
26.19,26.13,25.94,26.25,1025,0.280769230769,2
26.25,26.13,25.94,26.25,1025,0.338461538462,2
26.25,26.13,25.94,26.25,1025,0.346153846154,2
26.19,26.13,25.94,26.25,1025,0.35,2
26.19,26.13,25.94,26.25,1025,0.3,2
26.19,26.13,25.94,26.25,1015,0.2,2
26.25,26.13,25.94,26.25,1015,0.103846153846,2
26.25,26.13,25.94,26.25,1005,-0.130769230769,2
26.25,26.13,25.94,26.25,1005,-0.357692307692,2
26.25,26.13,25.94,26.25,1005,-0.576923076923,2
26.25,26.13,25.94,26.31,1005,-0.738461538462,2
26.25,26.13,25.94,26.31,1000,-0.934615384615,2
26.19,26.13,25.94,26.31,1000,-1.01538461538,2
26.19,26.13,25.94,26.25,995,-1.16923076923,2
26.19,26.13,25.94,26.25,995,-1.3,2
26.25,26.13,25.94,26.25,1015,-1.22307692308,2
26.25,26.19,25.94,26.25,1020,-1.09230769231,2
26.25,26.19,25.94,26.25,1020,-0.957692307692,2
26.19,26.19,25.94,26.31,1015,-0.865384615385,2
26.19,26.19,26.0,26.31,1020,-0.769230769231,2
26.19,26.19,25.94,26.31,1025,-0.626923076923,0
26.19,26.13,25.94,26.31,1030,-0.392307692308,0
26.19,26.13,25.94,26.31,1035,-0.0653846153846,0
26.19,26.13,25.94,26.31,1030,0.161538461538,0
26.19,26.13,25.94,26.31,1030,0.334615384615,0
26.19,26.06,25.88,26.31,1025,0.503846153846,0
26.19,26.06,25.88,26.31,1025,0.673076923077,0
26.19,26.06,25.88,26.31,1025,0.842307692308,0
26.19,26.06,25.88,26.25,1020,0.965384615385,0
26.19,26.06,25.88,26.31,1010,1.0,0
26.19,26.0,25.88,26.31,1010,0.946153846154,0
26.19,26.0,25.88,26.31,1010,0.896153846154,0
26.19,26.0,25.88,26.25,1005,0.703846153846,0
26.19,26.0,25.81,26.25,1010,0.557692307692,0
26.19,26.0,25.88,26.25,1015,0.453846153846,0
26.13,26.0,25.81,26.25,1015,0.342307692308,0
26.13,26.0,25.81,26.25,1010,0.126923076923,0
26.13,26.0,25.81,26.25,1000,-0.188461538462,0
26.13,26.0,25.81,26.25,1005,-0.507692307692,0
26.13,26.0,25.81,26.25,1000,-0.880769230769,0
26.13,26.0,25.81,26.25,995,-1.10384615385,0
26.13,26.0,25.81,26.19,990,-1.30769230769,0
26.13,26.0,25.75,26.19,990,-1.48846153846,0
26.13,25.94,25.81,26.25,985,-1.74230769231,0
26.06,25.94,25.75,26.19,985,-1.92307692308,0
26.13,25.94,25.75,26.13,980,-2.07307692308,0
26.13,25.94,25.81,26.19,975,-2.18461538462,0
26.06,25.94,25.75,26.19,980,-2.15769230769,0
26.06,25.94,25.75,26.19,970,-2.23076923077,0
26.06,25.94,25.75,26.19,970,-2.25769230769,0
26.06,25.94,25.75,26.13,975,-2.24230769231,0
26.06,25.94,25.75,26.13,975,-2.18846153846,0
26.06,25.94,25.69,26.13,970,-2.14230769231,0
26.06,25.94,25.69,26.19,970,-2.10384615385,0
26.0,25.94,25.69,26.19,970,-2.12692307692,0
26.06,25.94,25.69,26.13,965,-2.16538461538,0
26.06,25.94,25.75,26.13,955,-2.26153846154,0
26.0,25.94,25.69,26.13,955,-2.36538461538,0
26.06,25.94,25.69,26.13,950,-2.42692307692,0
26.06,25.94,25.69,26.13,950,-2.39230769231,0
26.0,25.88,25.69,26.13,940,-2.4,0
26.0,25.88,25.69,26.13,935,-2.44615384615,0
26.0,25.88,25.69,26.13,935,-2.53461538462,0
26.0,25.88,25.69,26.13,930,-2.56923076923,0
26.0,25.94,25.69,26.13,930,-2.59615384615,0
26.0,25.88,25.69,26.13,930,-2.61923076923,0
26.0,25.88,25.69,26.13,925,-2.68846153846,0
26.06,25.94,25.69,26.13,920,-2.75384615385,0
26.0,25.88,25.69,26.13,915,-2.86153846154,0
26.0,25.88,25.63,26.06,915,-2.91538461538,0
26.0,25.94,25.63,26.06,910,-3.01153846154,0
26.0,25.88,25.63,26.06,915,-3.05769230769,0
26.0,25.88,25.63,26.13,910,-3.05384615385,0
26.0,25.88,25.63,26.13,905,-3.14230769231,0
26.0,25.88,25.63,26.13,900,-3.22692307692,0
26.0,25.88,25.63,26.06,895,-3.25384615385,0
26.0,25.88,25.63,26.13,895,-3.21923076923,0
26.0,25.88,25.63,26.19,895,-3.17307692308,0
26.0,25.88,25.63,26.13,890,-3.11538461538,0
26.0,25.88,25.63,26.13,890,-2.99615384615,0
26.0,25.88,25.63,26.13,890,-2.86538461538,0
26.0,25.88,25.69,26.13,890,-2.77692307692,0
26.0,25.88,25.63,26.06,880,-2.73076923077,0
26.0,25.88,25.63,26.13,875,-2.72307692308,0
25.94,25.88,25.63,26.06,875,-2.65769230769,0
25.94,25.88,25.63,26.06,870,-2.68076923077,0
26.0,25.88,25.63,26.06,865,-2.74615384615,0
26.0,25.88,25.63,26.06,865,-2.75769230769,0
25.94,25.81,25.63,26.06,860,-2.81153846154,0
25.94,25.88,25.63,26.13,860,-2.81153846154,0
25.94,25.88,25.63,26.13,860,-2.75769230769,0
25.94,25.88,25.56,26.06,860,-2.7,0
25.94,25.81,25.56,26.06,860,-2.64230769231,0
25.94,25.81,25.56,26.06,855,-2.63461538462,0
25.94,25.81,25.56,26.06,845,-2.67307692308,0
25.94,25.81,25.56,26.06,845,-2.70769230769,0
25.94,25.81,25.56,26.06,845,-2.64230769231,0
25.94,25.81,25.56,26.06,845,-2.57307692308,0
25.94,25.81,25.56,26.06,845,-2.50384615385,0
25.94,25.81,25.56,26.06,845,-2.43846153846,0
25.94,25.81,25.56,26.13,845,-2.38076923077,0
25.94,25.81,25.63,26.06,845,-2.28461538462,0
25.94,25.81,25.56,26.06,845,-2.15,0
25.94,25.81,25.56,26.06,840,-2.07307692308,0
25.94,25.81,25.56,26.06,840,-1.95769230769,0
25.94,25.81,25.56,26.06,830,-1.89615384615,0
25.94,25.81,25.56,26.0,830,-1.78846153846,0
25.88,25.81,25.5,26.06,825,-1.78076923077,0
25.94,25.81,25.56,26.06,830,-1.73461538462,0
25.94,25.81,25.56,26.06,830,-1.65384615385,0
25.88,25.81,25.56,26.06,830,-1.58846153846,0
25.88,25.81,25.56,26.06,830,-1.54230769231,0
25.88,25.81,25.5,26.06,830,-1.46923076923,0
25.88,25.81,25.5,26.06,825,-1.46538461538,0
25.88,25.81,25.5,26.06,825,-1.43461538462,0
25.88,25.81,25.5,26.0,830,-1.33076923077,0
25.88,25.81,25.5,26.0,825,-1.25,0
25.81,25.75,25.5,26.06,815,-1.23461538462,0
25.81,25.81,25.5,26.06,810,-1.28076923077,0
25.88,25.81,25.5,26.06,810,-1.39230769231,0
25.88,25.81,25.56,26.13,805,-1.52307692308,0
25.88,25.81,25.5,26.06,810,-1.57692307692,0
25.88,25.81,25.5,26.06,805,-1.65,0
25.88,25.75,25.5,26.06,805,-1.69230769231,0
25.88,25.81,25.5,26.13,805,-1.70384615385,0
25.88,25.81,25.5,26.06,795,-1.77692307692,0
25.88,25.75,25.5,26.06,790,-1.85769230769,0
25.88,25.81,25.5,26.0,790,-1.89615384615,0
25.88,25.81,25.5,26.0,785,-1.98846153846,0
25.88,25.75,25.44,26.0,785,-2.03846153846,0
25.88,25.81,25.5,26.0,785,-2.14615384615,0
25.88,25.81,25.5,26.0,785,-2.21923076923,0
25.88,25.81,25.5,26.0,785,-2.30769230769,0
25.88,25.75,25.5,26.06,780,-2.36153846154,0
25.81,25.81,25.5,26.0,775,-2.42307692308,0
25.88,25.75,25.5,26.06,775,-2.44230769231,0
25.88,25.75,25.44,26.0,770,-2.46538461538,0
25.81,25.75,25.5,26.06,770,-2.44230769231,0
25.81,25.75,25.5,26.06,765,-2.46923076923,0
25.88,25.75,25.5,26.06,765,-2.45,0
25.88,25.75,25.5,26.0,760,-2.38076923077,0
25.88,25.81,25.5,26.06,760,-2.30769230769,0
25.88,25.81,25.5,26.06,750,-2.37692307692,0
25.88,25.75,25.44,26.06,750,-2.44615384615,0
25.88,25.75,25.5,26.06,755,-2.42307692308,0
25.88,25.75,25.44,26.06,755,-2.40769230769,0
25.81,25.75,25.5,26.0,755,-2.30384615385,0
25.88,25.75,25.44,26.06,750,-2.25384615385,0
25.88,25.75,25.44,26.06,750,-2.16153846154,0
25.88,25.75,25.44,26.06,750,-2.02692307692,0
25.88,25.75,25.44,26.13,740,-2.04230769231,0
25.88,25.75,25.44,26.06,740,-2.06538461538,0
25.81,25.75,25.44,26.13,740,-2.05,0
25.81,25.75,25.44,26.06,735,-2.09230769231,0
25.81,25.75,25.44,26.06,735,-2.09615384615,0
25.81,25.75,25.44,26.06,725,-2.15384615385,0
25.81,25.75,25.44,26.06,725,-2.16538461538,0
25.81,25.75,25.44,26.06,730,-2.08461538462,0
25.81,25.75,25.44,26.06,725,-2.05769230769,0
25.81,25.75,25.44,26.06,725,-2.03846153846,0
25.81,25.75,25.38,26.13,720,-2.02692307692,0
25.81,25.75,25.44,26.06,725,-1.97692307692,0
25.81,25.75,25.44,26.06,715,-1.98461538462,0
25.81,25.75,25.38,26.06,715,-2.0,0
25.75,25.75,25.38,26.0,715,-1.97692307692,0
25.81,25.69,25.44,26.0,710,-2.01153846154,0
25.75,25.75,25.38,26.0,710,-2.00769230769,0
25.81,25.75,25.38,26.06,710,-2.06538461538,0
25.75,25.75,25.38,26.0,710,-2.09230769231,0
25.75,25.75,25.44,26.06,715,-1.99230769231,0
25.75,25.75,25.38,26.0,710,-1.90769230769,0
25.75,25.75,25.38,26.0,700,-1.88076923077,0
25.81,25.69,25.38,26.06,700,-1.86153846154,0
25.81,25.75,25.38,26.06,700,-1.80384615385,0
25.81,25.75,25.38,26.0,705,-1.66153846154,0
25.81,25.69,25.44,26.0,700,-1.63076923077,0
25.81,25.75,25.38,26.0,700,-1.56923076923,0
25.81,25.75,25.38,26.06,700,-1.47692307692,0
25.81,25.75,25.38,26.0,700,-1.40384615385,0
25.75,25.75,25.38,26.06,700,-1.30384615385,0
25.81,25.75,25.38,26.06,695,-1.32307692308,0
25.75,25.75,25.38,26.0,695,-1.31923076923,0
25.75,25.75,25.38,26.06,685,-1.33461538462,0
25.81,25.69,25.38,26.06,675,-1.45769230769,0
25.81,25.69,25.38,26.0,680,-1.49615384615,0
25.81,25.69,25.38,26.0,680,-1.55,0
25.75,25.69,25.38,26.0,675,-1.56923076923,0
25.75,25.69,25.38,25.94,675,-1.65,0
25.75,25.69,25.38,25.94,670,-1.74615384615,0
25.75,25.69,25.38,25.94,675,-1.76153846154,0
25.75,25.69,25.38,25.94,675,-1.79615384615,0
25.75,25.69,25.31,25.94,670,-1.85,0
25.75,25.69,25.31,25.94,665,-1.91923076923,0
25.75,25.69,25.31,25.94,665,-1.95384615385,0
25.75,25.69,25.31,25.94,665,-1.90384615385,0
25.75,25.69,25.31,26.0,660,-1.91153846154,0
25.75,25.75,25.31,25.94,650,-2.07307692308,0
25.69,25.69,25.31,25.94,650,-2.19615384615,0
25.69,25.69,25.31,25.94,650,-2.28076923077,0
25.69,25.69,25.31,25.94,650,-2.27692307692,0
25.69,25.69,25.31,25.88,650,-2.28076923077,0
25.69,25.69,25.31,25.94,640,-2.33846153846,0
25.69,25.69,25.31,25.88,640,-2.35,0
25.69,25.69,25.31,25.88,640,-2.31538461538,0
25.69,25.69,25.31,25.81,630,-2.32692307692,0
25.69,25.69,25.31,25.81,630,-2.33461538462,0
25.69,25.69,25.31,25.88,630,-2.29230769231,0
25.69,25.69,25.31,25.94,625,-2.34615384615,0
25.69,25.63,25.31,25.88,620,-2.5,0
25.69,25.69,25.31,25.88,620,-2.56153846154,0
25.69,25.69,25.31,25.88,615,-2.62307692308,0
25.69,25.69,25.31,25.88,615,-2.68461538462,0
25.69,25.69,25.31,25.88,605,-2.79230769231,0
25.69,25.69,25.31,25.88,605,-2.89615384615,0
25.69,25.69,25.25,25.88,605,-2.9,0
25.69,25.69,25.31,25.88,600,-2.89615384615,0
25.69,25.69,25.31,25.88,595,-2.93076923077,0
25.69,25.69,25.31,25.81,595,-2.95769230769,0
25.75,25.69,25.31,25.88,590,-2.97692307692,0
25.69,25.63,25.31,25.88,590,-2.93846153846,0
25.69,25.69,25.31,25.88,595,-2.84615384615,0
25.69,25.63,25.31,25.81,590,-2.85,0
25.69,25.63,25.31,25.81,590,-2.80769230769,0
25.69,25.63,25.31,25.88,590,-2.71923076923,0
25.69,25.63,25.31,25.81,590,-2.58461538462,0
25.69,25.63,25.31,25.75,585,-2.45,0
25.69,25.63,25.25,25.88,585,-2.36538461538,0
25.69,25.63,25.25,25.81,580,-2.28461538462,0
25.69,25.63,25.25,25.88,570,-2.25,0
25.69,25.63,25.31,25.81,570,-2.26153846154,0
25.63,25.63,25.31,25.81,570,-2.22692307692,0
25.69,25.63,25.31,25.81,565,-2.19230769231,0
25.69,25.63,25.25,25.81,560,-2.20384615385,0
25.69,25.63,25.25,25.81,560,-2.21538461538,0
25.69,25.63,25.25,25.75,560,-2.18076923077,0
25.69,25.63,25.25,25.75,560,-2.15,0
25.69,25.63,25.25,25.81,560,-2.07692307692,0
25.69,25.63,25.25,25.75,560,-2.06153846154,0
25.69,25.63,25.25,25.81,555,-2.05769230769,0
25.69,25.63,25.31,25.81,555,-2.01538461538,0
25.69,25.63,25.25,25.81,550,-2.03076923077,0
25.69,25.63,25.31,25.81,550,-2.05769230769,0
25.69,25.63,25.25,25.81,545,-2.09615384615,0
25.69,25.63,25.31,25.81,545,-2.14615384615,0
25.69,25.63,25.25,25.88,540,-2.20769230769,0
25.69,25.63,25.25,25.81,540,-2.18076923077,0
25.69,25.63,25.25,25.81,535,-2.20769230769,0
25.69,25.63,25.25,25.81,535,-2.19230769231,0
25.69,25.63,25.25,25.88,530,-2.18076923077,0
25.63,25.63,25.25,25.88,530,-2.12307692308,0
25.69,25.63,25.25,25.75,525,-2.11538461538,0
25.63,25.63,25.25,25.88,530,-2.01538461538,0
25.63,25.63,25.25,25.81,530,-1.92307692308,0
25.63,25.63,25.25,25.81,525,-1.93846153846,0
25.63,25.63,25.25,25.81,520,-1.96538461538,0
25.63,25.63,25.25,25.81,520,-1.95384615385,0
25.63,25.63,25.25,25.88,520,-1.95384615385,0
25.63,25.63,25.25,25.75,520,-1.96923076923,0
25.63,25.63,25.19,25.88,525,-1.90769230769,0
25.63,25.63,25.19,25.81,520,-1.86538461538,0
25.63,25.63,25.19,25.81,515,-1.83846153846,0
25.63,25.63,25.25,25.75,515,-1.77692307692,0
25.63,25.63,25.25,25.81,510,-1.72692307692,0
25.63,25.63,25.25,25.81,510,-1.68846153846,0
25.63,25.63,25.25,25.75,505,-1.66153846154,0
25.63,25.63,25.25,25.75,505,-1.64615384615,0
25.63,25.63,25.19,25.75,505,-1.59615384615,0
25.63,25.63,25.19,25.75,495,-1.65384615385,0
25.63,25.63,25.25,25.75,500,-1.62692307692,0
25.63,25.63,25.19,25.75,505,-1.56923076923,0
25.63,25.63,25.19,25.75,505,-1.48461538462,0
25.63,25.63,25.19,25.75,500,-1.46923076923,0
25.63,25.63,25.25,25.75,500,-1.42692307692,0
25.63,25.63,25.19,25.75,490,-1.5,0
25.63,25.63,25.19,25.75,495,-1.49615384615,0
25.63,25.63,25.25,25.81,495,-1.51538461538,0
25.63,25.63,25.19,25.81,495,-1.46153846154,0
25.63,25.63,25.19,25.75,490,-1.42692307692,0
25.63,25.56,25.19,25.75,475,-1.55,0
25.63,25.63,25.25,25.75,475,-1.68461538462,0
25.63,25.63,25.19,25.75,480,-1.73846153846,0
25.63,25.63,25.19,25.81,475,-1.80769230769,0
25.56,25.63,25.19,25.75,475,-1.84230769231,0
25.63,25.63,25.19,25.75,470,-1.83846153846,0
25.56,25.56,25.19,25.81,465,-1.88846153846,0
25.63,25.63,25.19,25.75,465,-1.94615384615,0
25.63,25.63,25.19,25.75,465,-1.96538461538,0
25.63,25.63,25.19,25.81,460,-2.04230769231,0
25.63,25.63,25.19,25.81,455,-2.12692307692,0
25.56,25.56,25.19,25.81,455,-2.21923076923,0
25.63,25.63,25.19,25.81,455,-2.27307692308,0
25.63,25.56,25.19,25.81,460,-2.24230769231,0
25.63,25.63,25.19,25.81,460,-2.27692307692,0
25.56,25.56,25.19,25.75,455,-2.28076923077,0
25.63,25.56,25.19,25.81,450,-2.24615384615,0
25.63,25.56,25.19,25.75,445,-2.21538461538,0
25.63,25.56,25.19,25.81,445,-2.18846153846,0
25.56,25.56,25.19,25.75,445,-2.11923076923,0
25.56,25.56,25.19,25.75,450,-2.06153846154,0
25.56,25.56,25.13,25.75,450,-1.92307692308,0
25.56,25.56,25.13,25.75,445,-1.79615384615,0
25.56,25.56,25.19,25.75,445,-1.63076923077,0
25.56,25.56,25.19,25.81,440,-1.52307692308,0
25.63,25.56,25.19,25.75,445,-1.48076923077,0
25.63,25.56,25.19,25.81,440,-1.46153846154,0
25.56,25.56,25.19,25.69,440,-1.36538461538,0
25.56,25.56,25.19,25.69,430,-1.38076923077,0
25.56,25.56,25.19,25.69,430,-1.36153846154,0
25.56,25.56,25.13,25.75,425,-1.40384615385,0
25.56,25.56,25.13,25.63,430,-1.41538461538,0
25.56,25.56,25.13,25.69,430,-1.4,0
25.56,25.56,25.19,25.75,425,-1.40384615385,0
25.56,25.56,25.19,25.69,425,-1.42692307692,0
25.56,25.56,25.19,25.69,420,-1.51923076923,0
25.56,25.56,25.19,25.63,425,-1.53846153846,0
25.56,25.56,25.13,25.63,425,-1.53461538462,0
25.56,25.56,25.13,25.69,420,-1.50384615385,0
25.56,25.56,25.13,25.69,415,-1.48846153846,0
25.56,25.56,25.13,25.69,420,-1.44230769231,0
25.56,25.56,25.13,25.69,420,-1.41923076923,0
25.56,25.56,25.13,25.63,420,-1.42307692308,0
25.5,25.56,25.13,25.69,420,-1.40769230769,0
25.5,25.56,25.13,25.63,410,-1.46538461538,0
25.5,25.56,25.13,25.63,410,-1.44615384615,0
25.56,25.56,25.13,25.69,405,-1.44230769231,0
25.56,25.56,25.13,25.69,405,-1.45384615385,0
25.56,25.56,25.13,25.75,400,-1.48076923077,0
25.56,25.56,25.13,25.69,405,-1.47692307692,0
25.56,25.56,25.13,25.69,400,-1.44230769231,0
25.56,25.56,25.13,25.69,400,-1.42307692308,0
25.5,25.56,25.13,25.69,400,-1.37307692308,0
25.56,25.56,25.13,25.75,395,-1.43846153846,0
25.5,25.56,25.13,25.69,390,-1.52307692308,0
25.5,25.5,25.13,25.69,390,-1.62692307692,0
25.5,25.56,25.13,25.63,390,-1.65384615385,0
25.5,25.56,25.13,25.63,390,-1.65,0
25.5,25.56,25.13,25.69,390,-1.66538461538,0
25.5,25.56,25.13,25.69,390,-1.65384615385,0
25.56,25.56,25.13,25.88,390,-1.66538461538,0
25.5,25.56,25.13,25.75,390,-1.60384615385,0
25.5,25.5,25.13,25.75,390,-1.51538461538,0
25.5,25.56,25.13,25.75,390,-1.45,0
25.5,25.5,25.13,25.69,390,-1.41153846154,0
25.56,25.56,25.13,25.69,390,-1.30384615385,0
25.5,25.56,25.13,25.69,390,-1.17307692308,0
25.5,25.5,25.13,25.63,390,-1.01923076923,0
25.5,25.5,25.13,25.63,390,-0.842307692308,0
25.5,25.5,25.13,25.63,390,-0.742307692308,0
25.56,25.5,25.13,25.63,390,-0.626923076923,0
25.56,25.5,25.06,25.63,390,-0.546153846154,0
25.5,25.5,25.06,25.63,390,-0.453846153846,0
25.5,25.5,25.13,25.63,390,-0.4,0
25.5,25.5,25.13,25.63,390,-0.288461538462,0
25.5,25.5,25.13,25.75,385,-0.261538461538,0
25.5,25.5,25.06,25.69,385,-0.223076923077,0
25.56,25.5,25.13,25.81,390,-0.126923076923,0
25.56,25.56,25.06,25.69,390,-0.0730769230769,0
25.5,25.56,25.13,25.69,385,-0.111538461538,0
25.5,25.5,25.13,25.69,385,-0.146153846154,0
25.56,25.56,25.06,25.69,385,-0.176923076923,0
25.5,25.56,25.06,25.63,385,-0.203846153846,0
25.5,25.5,25.06,25.69,385,-0.226923076923,0
25.5,25.5,25.13,25.69,385,-0.246153846154,0
25.56,25.5,25.06,25.69,385,-0.261538461538,0
25.56,25.56,25.06,25.63,385,-0.273076923077,0
25.5,25.5,25.06,25.69,385,-0.280769230769,0
25.56,25.5,25.06,25.69,385,-0.284615384615,0
25.56,25.56,25.06,25.63,385,-0.284615384615,0
25.56,25.5,25.13,25.63,385,-0.280769230769,0
25.56,25.5,25.13,25.63,385,-0.273076923077,0
25.56,25.5,25.06,25.63,385,-0.261538461538,0
25.5,25.5,25.06,25.56,385,-0.246153846154,0
25.5,25.5,25.06,25.56,385,-0.226923076923,0
25.5,25.5,25.06,25.56,385,-0.203846153846,0
25.5,25.5,25.06,25.63,385,-0.176923076923,0
25.5,25.5,25.06,25.63,385,-0.146153846154,0
25.5,25.5,25.06,25.63,385,-0.111538461538,0
25.5,25.5,25.06,25.63,385,-0.0730769230769,0
25.5,25.5,25.06,25.63,385,-0.0807692307692,0
25.5,25.5,25.06,25.63,385,-0.0884615384615,0
25.5,25.5,25.06,25.63,385,-0.0461538461538,0
25.5,25.5,25.06,25.69,385,0.0,0
25.5,25.5,25.06,25.63,380,-0.0461538461538,0
25.5,25.5,25.06,25.69,380,-0.0884615384615,0
25.5,25.5,25.13,25.63,380,-0.126923076923,0
25.5,25.5,25.06,25.69,380,-0.161538461538,0
25.5,25.5,25.06,25.63,380,-0.192307692308,0
25.5,25.56,25.06,25.63,380,-0.219230769231,0
25.5,25.5,25.06,25.63,380,-0.242307692308,0
25.5,25.5,25.06,25.63,385,-0.215384615385,0
25.5,25.5,25.06,25.63,380,-0.234615384615,0
25.5,25.5,25.06,25.63,380,-0.25,0
25.5,25.5,25.06,25.69,380,-0.261538461538,0
25.5,25.5,25.06,25.69,380,-0.269230769231,0
25.5,25.5,25.06,25.69,380,-0.273076923077,0
25.5,25.5,25.06,25.63,380,-0.273076923077,0
25.5,25.5,25.06,25.63,380,-0.269230769231,0
25.44,25.5,25.06,25.63,380,-0.261538461538,0
25.44,25.5,25.06,25.63,380,-0.25,0
25.44,25.5,25.06,25.63,380,-0.234615384615,0
25.44,25.44,25.0,25.56,380,-0.215384615385,0
25.5,25.5,25.0,25.56,380,-0.192307692308,0
25.5,25.5,25.06,25.56,380,-0.165384615385,0
25.44,25.5,25.0,25.63,380,-0.134615384615,0
25.44,25.5,25.06,25.63,380,-0.1,0
25.44,25.5,25.06,25.63,380,-0.0615384615385,0
25.44,25.5,25.06,25.56,380,-0.0192307692308,0
25.5,25.5,25.0,25.63,380,-0.0230769230769,0
25.44,25.5,25.06,25.56,380,-0.0269230769231,0
25.5,25.44,25.06,25.63,380,-0.0307692307692,0
25.44,25.44,25.06,25.56,380,-0.0346153846154,0
25.44,25.44,25.06,25.56,380,-0.0384615384615,0
25.44,25.5,25.06,25.63,380,-0.0423076923077,0
25.44,25.5,25.06,25.56,380,-0.0461538461538,0
25.5,25.5,25.06,25.56,380,0.0,0
25.5,25.5,25.0,25.63,380,0.0,0
25.5,25.5,25.0,25.63,380,0.0,0
25.5,25.5,25.0,25.63,380,0.0,0
25.5,25.5,25.06,25.56,380,0.0,0
25.5,25.5,25.06,25.56,380,0.0,0
25.5,25.5,25.0,25.56,380,0.0,0
25.44,25.44,25.06,25.56,380,0.0,0
25.44,25.5,25.0,25.56,380,0.0,0
25.5,25.5,25.0,25.5,380,0.0,0
25.5,25.44,25.06,25.5,380,0.0,0
25.5,25.44,25.0,25.56,380,0.0,0
25.44,25.44,25.0,25.56,380,0.0,0
25.44,25.44,25.0,25.56,375,-0.0461538461538,0
25.44,25.44,25.0,25.56,375,-0.0884615384615,0
25.44,25.44,25.06,25.56,375,-0.126923076923,0
25.44,25.44,25.0,25.5,375,-0.161538461538,0
25.44,25.44,25.06,25.44,375,-0.192307692308,0
25.44,25.44,25.06,25.5,375,-0.219230769231,0
25.44,25.44,25.0,25.63,375,-0.242307692308,0
25.44,25.44,25.06,25.56,375,-0.261538461538,0
25.44,25.44,25.0,25.56,375,-0.276923076923,0
25.44,25.44,25.06,25.56,375,-0.288461538462,0
25.44,25.44,25.0,25.56,375,-0.296153846154,0
25.44,25.44,25.0,25.56,375,-0.3,0
25.44,25.44,25.0,25.56,375,-0.3,0
25.38,25.44,25.0,25.56,375,-0.296153846154,0
25.44,25.44,25.0,25.56,375,-0.288461538462,0
25.44,25.44,25.0,25.56,375,-0.276923076923,0
25.44,25.44,25.0,25.56,375,-0.261538461538,0
25.44,25.44,25.0,25.56,375,-0.242307692308,0
25.44,25.44,25.0,25.5,375,-0.219230769231,0
25.44,25.44,25.0,25.56,375,-0.192307692308,0
25.44,25.44,25.0,25.56,375,-0.161538461538,0
25.44,25.44,25.0,25.63,375,-0.126923076923,0
25.38,25.44,25.0,25.56,375,-0.0884615384615,0
25.44,25.44,25.0,25.63,375,-0.0461538461538,0
25.44,25.44,25.0,25.63,375,0.0,0
25.44,25.44,25.0,25.69,375,0.0,0
25.44,25.44,25.0,25.63,375,0.0,0
25.44,25.44,25.0,25.56,375,0.0,0
25.44,25.44,25.0,25.63,375,0.0,0
25.44,25.44,25.0,25.56,375,0.0,0
25.44,25.44,25.0,25.56,375,0.0,0
25.44,25.44,25.0,25.56,375,0.0,0
25.44,25.44,25.0,25.56,375,0.0,0
25.44,25.44,25.0,25.63,375,0.0,0
25.44,25.44,25.0,25.56,375,0.0,0
25.44,25.44,25.0,25.5,375,0.0,0
25.44,25.44,25.0,25.5,375,0.0,0
25.44,25.44,25.0,25.56,375,0.0,0
25.44,25.44,25.0,25.5,375,0.0,0
25.44,25.44,25.0,25.5,375,0.0,0
25.44,25.44,24.94,25.56,375,0.0,0
25.44,25.44,25.0,25.56,375,0.0,0
25.44,25.44,25.0,25.56,375,0.0,0
25.44,25.44,24.94,25.56,375,0.0,0
25.44,25.44,24.94,25.56,375,0.0,0
25.44,25.44,24.94,25.5,375,0.0,0
25.44,25.44,24.94,25.56,375,0.0,0
25.44,25.44,24.94,25.5,375,0.0,0
25.44,25.44,24.94,25.56,375,0.0,0
25.38,25.44,25.0,25.56,375,0.0,0
25.44,25.44,25.0,25.56,375,0.0,0
25.44,25.44,25.0,25.56,375,0.0,0
25.44,25.44,25.0,25.5,375,0.0,0
25.44,25.44,24.94,25.5,370,-0.0461538461538,0
25.44,25.44,25.0,25.5,375,-0.0423076923077,0
25.44,25.44,24.94,25.56,375,-0.0384615384615,0
25.44,25.44,25.0,25.56,370,-0.0807692307692,0
25.44,25.44,24.94,25.56,370,-0.119230769231,0
25.44,25.44,25.0,25.56,370,-0.153846153846,0
25.44,25.44,24.94,25.56,370,-0.184615384615,0
25.44,25.44,24.94,25.56,370,-0.211538461538,0
25.44,25.44,24.94,25.5,370,-0.234615384615,0
25.38,25.44,24.94,25.56,370,-0.253846153846,0
25.38,25.44,24.94,25.5,370,-0.269230769231,0
25.44,25.44,24.94,25.56,370,-0.280769230769,0
25.38,25.44,24.94,25.56,370,-0.288461538462,0
25.38,25.44,24.94,25.69,370,-0.292307692308,0
25.44,25.44,24.94,25.63,370,-0.292307692308,0
25.38,25.38,25.0,25.63,370,-0.288461538462,0
25.44,25.44,24.94,25.56,370,-0.280769230769,0
25.44,25.44,24.94,25.63,370,-0.269230769231,0
25.44,25.44,24.94,25.56,370,-0.253846153846,0
25.44,25.44,24.94,25.63,370,-0.234615384615,0
25.44,25.44,25.0,25.56,370,-0.211538461538,0
25.44,25.44,25.0,25.63,370,-0.184615384615,0
25.44,25.44,25.0,25.56,370,-0.153846153846,0
25.44,25.44,25.0,25.56,370,-0.119230769231,0
25.44,25.44,24.94,25.56,370,-0.0807692307692,0
25.44,25.44,24.94,25.5,370,-0.0884615384615,0
25.44,25.44,24.94,25.56,370,-0.0461538461538,0
25.44,25.44,24.94,25.56,370,0.0,0
25.44,25.44,24.94,25.56,370,0.0,0
25.44,25.44,24.94,25.63,370,0.0,0
25.44,25.44,24.94,25.63,370,0.0,0
25.44,25.44,24.94,25.63,370,0.0,0
25.44,25.44,24.94,25.63,370,0.0,0
25.44,25.44,24.94,25.75,370,0.0,0
25.44,25.44,25.0,25.69,370,0.0,0
25.44,25.44,25.0,25.63,370,0.0,0
25.44,25.44,24.94,25.63,370,0.0,0
25.44,25.44,24.94,25.63,370,0.0,0
25.44,25.44,24.94,25.63,370,0.0,0
25.44,25.44,24.94,25.63,370,0.0,0
25.44,25.44,24.94,25.69,370,0.0,0
25.44,25.44,25.0,25.69,370,0.0,0
25.44,25.44,24.94,25.69,370,0.0,0
25.44,25.44,25.0,25.63,370,0.0,0
25.44,25.44,24.94,25.69,370,0.0,0
25.44,25.44,24.94,25.69,370,0.0,0
25.44,25.38,25.0,25.69,370,0.0,0
25.44,25.44,25.0,25.69,370,0.0,0
25.44,25.44,25.0,25.69,370,0.0,0
25.44,25.44,25.0,25.69,370,0.0,0
25.44,25.44,25.0,25.69,370,0.0,0
25.44,25.44,25.0,25.69,370,0.0,0
25.44,25.44,25.0,25.69,370,0.0,0
25.44,25.44,24.94,25.69,370,0.0,0
25.44,25.44,24.94,25.69,370,0.0,0
25.44,25.44,25.0,25.69,370,0.0,0
25.44,25.44,24.94,25.69,370,0.0,0
25.44,25.44,24.94,25.69,370,0.0,0
25.44,25.44,24.94,25.69,370,0.0,0
25.44,25.44,24.94,25.75,370,0.0,0
25.44,25.44,24.94,25.75,370,0.0,0
25.44,25.44,25.0,25.69,370,0.0,0
25.44,25.44,24.94,25.69,370,0.0,0
25.44,25.44,24.94,25.69,370,0.0,0
25.44,25.44,24.94,25.69,370,0.0,0
25.38,25.44,24.94,25.75,370,0.0,0
25.44,25.44,24.94,25.75,370,0.0,0
25.44,25.44,24.94,25.69,370,0.0,0
25.44,25.44,24.94,25.69,370,0.0,0
25.44,25.44,24.94,25.69,370,0.0,0
25.44,25.44,25.0,25.69,370,0.0,0
25.38,25.44,24.94,25.63,370,0.0,0
25.44,25.44,24.94,25.69,370,0.0,0
25.44,25.44,25.0,25.69,370,0.0,0
25.44,25.44,24.94,25.63,370,0.0,0
25.44,25.38,24.94,25.63,370,0.0,0
25.44,25.44,24.94,25.63,370,0.0,0
25.44,25.44,24.94,25.69,370,0.0,0
25.44,25.44,24.94,25.69,370,0.0,0
25.44,25.38,24.94,25.69,370,0.0,0
25.44,25.44,24.94,25.69,370,0.0,0
25.44,25.44,24.94,25.69,370,0.0,0
25.38,25.44,24.94,25.69,370,0.0,0
25.38,25.44,24.94,25.69,370,0.0,0
25.44,25.44,24.94,25.69,370,0.0,0
25.44,25.44,24.94,25.69,365,-0.0461538461538,0
25.44,25.44,24.94,25.69,370,-0.0423076923077,0
25.44,25.44,24.94,25.75,370,-0.0384615384615,0
25.44,25.44,24.94,25.75,370,-0.0346153846154,0
25.44,25.44,24.94,25.81,370,-0.0307692307692,0
25.44,25.44,24.94,25.75,370,-0.0269230769231,0
25.44,25.44,24.94,25.69,370,-0.0230769230769,0
25.38,25.44,24.94,25.69,370,-0.0192307692308,0
25.44,25.44,24.94,25.69,370,-0.0153846153846,0
25.38,25.44,24.94,25.75,370,-0.0115384615385,0
25.44,25.44,24.94,25.69,365,-0.0538461538462,0
25.44,25.44,24.94,25.69,370,-0.0461538461538,0
25.38,25.44,24.94,25.75,365,-0.0846153846154,0
25.44,25.38,24.94,25.75,365,-0.119230769231,0
25.44,25.44,24.94,25.75,370,-0.103846153846,0
25.44,25.38,24.94,25.75,370,-0.0884615384615,0
25.44,25.44,24.94,25.69,370,-0.0730769230769,0
25.44,25.38,25.0,25.75,370,-0.0576923076923,0
25.44,25.44,24.94,25.75,370,-0.0423076923077,0
25.44,25.44,24.94,25.75,370,-0.0269230769231,0
25.44,25.44,24.94,25.75,370,-0.0115384615385,0
25.44,25.38,24.94,25.75,365,-0.0423076923077,0
25.44,25.44,24.94,25.69,370,-0.0230769230769,0
25.44,25.38,24.94,25.69,370,-0.00384615384615,0
25.44,25.44,24.94,25.75,365,-0.0307692307692,0
25.44,25.44,24.94,25.75,365,-0.103846153846,0
25.44,25.44,24.94,25.75,365,-0.126923076923,0
25.44,25.44,24.94,25.69,370,-0.1,0
25.44,25.44,24.94,25.75,365,-0.119230769231,0
25.44,25.44,24.94,25.75,365,-0.134615384615,0
25.44,25.38,24.94,25.75,370,-0.1,0
25.44,25.44,24.94,25.81,370,-0.0653846153846,0
25.44,25.44,24.94,25.75,365,-0.0769230769231,0
25.44,25.44,24.94,25.75,365,-0.0846153846154,0
25.44,25.38,24.94,25.69,370,-0.0423076923077,0
25.44,25.38,24.94,25.69,365,-0.0961538461538,0
25.44,25.44,24.94,25.75,370,-0.0538461538462,0
25.44,25.44,24.94,25.69,365,-0.107692307692,0
25.44,25.44,24.94,25.69,365,-0.161538461538,0
25.44,25.44,24.94,25.75,365,-0.165384615385,0
25.44,25.44,24.94,25.69,365,-0.165384615385,0
25.38,25.44,24.94,25.69,365,-0.161538461538,0
25.44,25.44,24.94,25.69,365,-0.153846153846,0
25.38,25.38,24.94,25.75,365,-0.142307692308,0
25.38,25.44,24.94,25.69,370,-0.0807692307692,0
25.38,25.44,24.94,25.69,370,-0.0192307692308,0
25.38,25.38,24.94,25.75,365,-0.0538461538462,0
25.38,25.44,24.94,25.69,365,-0.0384615384615,0
25.38,25.38,24.94,25.69,365,-0.0192307692308,0
25.38,25.44,24.94,25.69,370,-1.23168185923e-17,0
25.38,25.38,24.94,25.69,370,0.0153846153846,0
25.38,25.44,24.94,25.69,370,0.0269230769231,0
25.38,25.38,24.94,25.69,365,0.0384615384615,0
25.38,25.44,24.94,25.69,365,0.00384615384615,0
25.38,25.44,24.94,25.75,370,0.0153846153846,0
25.38,25.38,24.88,25.69,365,0.0269230769231,0
25.38,25.44,24.94,25.75,365,0.0423076923077,0
25.44,25.44,24.94,25.75,365,0.0115384615385,0
25.44,25.44,24.88,25.69,365,-0.0192307692308,0
25.44,25.44,24.94,25.69,365,0.0,0
25.38,25.44,24.88,25.75,365,-0.0269230769231,0
25.38,25.38,24.88,25.75,365,-0.00384615384615,0
25.38,25.44,24.88,25.75,365,-0.0269230769231,0
25.38,25.38,24.88,25.75,365,-0.05,0
25.38,25.38,24.94,25.69,365,-0.0730769230769,0
25.38,25.44,24.94,25.75,365,-0.0961538461538,0
25.44,25.44,24.88,25.75,365,-0.119230769231,0
25.38,25.44,24.88,25.75,365,-0.142307692308,0
25.38,25.44,24.94,25.75,365,-0.165384615385,0
25.38,25.38,24.94,25.69,365,-0.138461538462,0
25.38,25.44,24.88,25.69,365,-0.107692307692,0
25.38,25.44,24.94,25.69,365,-0.123076923077,0
25.38,25.44,24.94,25.69,365,-0.138461538462,0
25.38,25.44,24.94,25.69,365,-0.153846153846,0
25.38,25.38,24.88,25.69,365,-0.119230769231,0
25.38,25.38,24.94,25.75,365,-0.0807692307692,0
25.38,25.38,24.88,25.75,365,-0.0384615384615,0
25.38,25.44,24.94,25.69,365,-0.0423076923077,0
25.38,25.38,24.94,25.69,365,-0.0461538461538,0
25.38,25.38,24.94,25.69,365,0.0,0
25.38,25.44,24.94,25.69,365,0.0,0
25.38,25.38,24.88,25.75,365,0.0,0
25.38,25.38,24.88,25.75,365,0.0,0
25.38,25.44,24.88,25.69,365,0.0,0
25.38,25.38,24.88,25.75,365,0.0,0
25.38,25.44,24.88,25.75,365,0.0,0
25.38,25.44,24.88,25.69,365,0.0,0
25.38,25.44,24.88,25.75,365,0.0,0
25.38,25.38,24.94,25.75,365,0.0,0
25.38,25.38,24.88,25.75,365,0.0,0
25.38,25.38,24.88,25.69,365,0.0,0
25.38,25.44,24.88,25.75,365,0.0,0
25.38,25.38,24.94,25.75,365,0.0,0
25.38,25.38,24.94,25.75,365,0.0,0
25.38,25.38,24.94,25.75,365,0.0,0
25.44,25.38,24.88,25.75,365,0.0,0
25.38,25.38,24.88,25.75,365,0.0,0
25.38,25.38,24.88,25.75,365,0.0,0
25.38,25.38,24.88,25.75,365,0.0,0
25.38,25.38,24.88,25.75,365,0.0,0
25.38,25.38,24.88,25.75,365,0.0,0
25.38,25.38,24.88,25.75,365,0.0,0
25.38,25.38,24.88,25.75,365,0.0,0
25.38,25.38,24.88,25.75,365,0.0,0
25.38,25.44,24.94,25.75,365,0.0,0
25.38,25.44,24.94,25.75,365,0.0,0
25.38,25.44,24.94,25.75,365,0.0,0
25.38,25.44,24.88,25.69,365,0.0,0
25.38,25.38,24.88,25.75,365,0.0,0
25.38,25.44,24.88,25.81,365,0.0,0
25.38,25.44,24.88,25.75,365,0.0,0
25.38,25.38,24.94,25.75,365,0.0,0
25.38,25.38,24.88,25.75,365,0.0,0
25.31,25.38,24.88,25.75,365,0.0,0
25.38,25.38,24.88,25.75,365,0.0,0
25.38,25.44,24.88,25.75,365,0.0,0
25.38,25.38,24.88,25.75,365,0.0,0
25.38,25.38,24.88,25.75,365,0.0,0
25.38,25.38,24.88,25.75,365,0.0,0
25.38,25.38,24.88,25.75,365,0.0,0
25.38,25.38,24.88,25.75,365,0.0,0
25.38,25.44,24.94,25.75,365,0.0,0
25.38,25.44,24.94,25.75,365,0.0,0
25.38,25.44,24.88,25.75,365,0.0,0
25.38,25.38,24.88,25.75,365,0.0,0
25.38,25.38,24.88,25.69,365,0.0,0
25.38,25.38,24.88,25.69,365,0.0,0
25.38,25.38,24.88,25.69,365,0.0,0
25.38,25.38,24.88,25.75,365,0.0,0
25.38,25.38,24.88,25.75,365,0.0,0
25.38,25.38,24.88,25.75,365,0.0,0
25.38,25.38,24.88,25.69,365,0.0,0
25.38,25.38,24.88,25.75,365,0.0,0
25.38,25.38,24.88,25.75,365,0.0,0
25.38,25.38,24.88,25.75,365,0.0,0
25.38,25.38,24.88,25.75,365,0.0,0
25.38,25.38,24.88,25.81,365,0.0,0
25.38,25.38,24.94,25.75,365,0.0,0
25.38,25.38,24.88,25.75,365,0.0,0
25.38,25.38,24.88,25.81,365,0.0,0
25.38,25.38,24.88,25.81,365,0.0,0
25.38,25.38,24.88,25.75,365,0.0,0
25.38,25.38,24.88,25.75,365,0.0,0
25.38,25.38,24.88,25.69,365,0.0,0
25.38,25.38,24.88,25.75,365,0.0,0
25.38,25.38,24.88,25.75,365,0.0,0
25.38,25.38,24.88,25.75,365,0.0,0
25.38,25.38,24.88,25.75,365,0.0,0
25.38,25.38,24.88,25.69,365,0.0,0
25.38,25.38,24.88,25.69,365,0.0,0
25.38,25.38,24.88,25.69,365,0.0,0
25.38,25.38,24.88,25.69,365,0.0,0
25.38,25.38,24.88,25.69,365,0.0,0
25.38,25.38,24.88,25.69,365,0.0,0
25.38,25.38,24.88,25.69,365,0.0,0
25.38,25.38,24.88,25.69,365,0.0,0
25.38,25.38,24.88,25.69,365,0.0,0
25.38,25.38,24.88,25.75,365,0.0,0
25.38,25.38,24.88,25.75,365,0.0,0
25.38,25.38,24.88,25.75,365,0.0,0
25.38,25.38,24.88,25.75,365,0.0,0
25.38,25.38,24.88,25.75,365,0.0,0
25.38,25.38,24.88,25.75,365,0.0,0
25.38,25.38,24.88,25.75,365,0.0,0
25.31,25.38,24.88,25.75,365,0.0,0
25.38,25.38,24.81,25.69,365,0.0,0
25.38,25.38,24.88,25.69,365,0.0,0
25.38,25.38,24.88,25.69,365,0.0,0
25.38,25.38,24.88,25.69,365,0.0,0
25.38,25.38,24.81,25.69,365,0.0,0
25.38,25.38,24.81,25.75,365,0.0,0
25.38,25.38,24.88,25.75,365,0.0,0
25.38,25.38,24.88,25.75,365,0.0,0
25.38,25.38,24.88,25.75,365,0.0,0
25.38,25.38,24.81,25.75,365,0.0,0
25.38,25.38,24.88,25.81,365,0.0,0
25.38,25.38,24.88,25.75,365,0.0,0
25.38,25.38,24.88,25.75,365,0.0,0
25.38,25.38,24.88,25.75,365,0.0,0
25.38,25.38,24.88,25.75,365,0.0,0
25.38,25.38,24.88,25.75,365,0.0,0
25.38,25.38,24.81,25.75,365,0.0,0
25.38,25.38,24.88,25.75,365,0.0,0
25.38,25.38,24.88,25.75,365,0.0,0
25.38,25.38,24.81,25.75,365,0.0,0
25.38,25.38,24.81,25.75,365,0.0,0
25.38,25.38,24.88,25.75,365,0.0,0
25.31,25.38,24.81,25.69,365,0.0,0
25.31,25.38,24.88,25.75,365,0.0,0
25.38,25.38,24.88,25.75,365,0.0,0
25.38,25.38,24.88,25.75,365,0.0,0
25.38,25.38,24.81,25.75,365,0.0,0
25.38,25.38,24.88,25.75,365,0.0,0
25.38,25.38,24.81,25.69,365,0.0,0
25.31,25.38,24.88,25.75,365,0.0,0
25.38,25.38,24.88,25.75,365,0.0,0
25.31,25.38,24.88,25.75,365,0.0,0
25.38,25.38,24.88,25.75,365,0.0,0
25.31,25.38,24.88,25.75,365,0.0,0
25.38,25.38,24.88,25.75,365,0.0,0
25.38,25.38,24.88,25.69,365,0.0,0
25.38,25.38,24.81,25.69,365,0.0,0
25.38,25.38,24.81,25.75,365,0.0,0
25.38,25.38,24.88,25.75,365,0.0,0
25.38,25.38,24.88,25.75,365,0.0,0
25.38,25.38,24.81,25.75,365,0.0,0
25.38,25.38,24.81,25.75,365,0.0,0
25.31,25.38,24.81,25.75,365,0.0,0
25.31,25.38,24.88,25.69,365,0.0,0
25.31,25.38,24.81,25.75,365,0.0,0
25.38,25.38,24.88,25.75,365,0.0,0
25.38,25.38,24.88,25.69,365,0.0,0
25.31,25.38,24.81,25.75,360,-0.0461538461538,0
25.31,25.38,24.81,25.69,360,-0.0884615384615,0
25.38,25.38,24.88,25.69,365,-0.0807692307692,0
25.38,25.38,24.81,25.69,365,-0.0730769230769,0
25.38,25.38,24.81,25.69,365,-0.0653846153846,0
25.38,25.31,24.81,25.69,365,-0.0576923076923,0
25.38,25.38,24.81,25.69,360,-0.0961538461538,0
25.31,25.38,24.88,25.69,360,-0.130769230769,0
25.31,25.38,24.81,25.63,365,-0.115384615385,0
25.31,25.38,24.88,25.69,365,-0.1,0
25.31,25.31,24.81,25.69,360,-0.130769230769,0
25.31,25.31,24.81,25.75,365,-0.111538461538,0
25.38,25.38,24.81,25.69,365,-0.0923076923077,0
25.38,25.31,24.81,25.69,365,-0.0730769230769,0
25.31,25.31,24.81,25.75,365,-0.0538461538462,0
25.31,25.31,24.81,25.75,365,-0.0346153846154,0
25.31,25.31,24.81,25.69,360,-0.0615384615385,0
25.31,25.38,24.81,25.69,365,-0.0384615384615,0
25.31,25.38,24.81,25.69,360,-0.0615384615385,0
25.31,25.38,24.81,25.69,360,-0.0807692307692,0
25.31,25.38,24.81,25.69,365,-0.05,0
25.31,25.31,24.81,25.69,365,-0.0192307692308,0
25.31,25.31,24.81,25.69,365,0.0115384615385,0
25.31,25.38,24.81,25.69,365,0.0423076923077,0
25.31,25.38,24.81,25.69,360,0.0269230769231,0
25.31,25.38,24.81,25.69,365,0.0115384615385,0
25.31,25.38,24.81,25.69,365,-0.00769230769231,0
25.31,25.38,24.81,25.69,360,-0.0269230769231,0
25.31,25.38,24.81,25.69,360,-0.0423076923077,0
25.31,25.38,24.81,25.69,365,-0.00769230769231,0
25.31,25.31,24.81,25.69,365,0.0269230769231,0
25.31,25.38,24.81,25.69,360,-0.0346153846154,0
25.31,25.38,24.81,25.69,365,-0.05,0
25.31,25.38,24.81,25.69,365,-0.0192307692308,0
25.31,25.38,24.81,25.69,365,0.0115384615385,0
25.31,25.38,24.81,25.69,360,-0.0538461538462,0
25.31,25.38,24.81,25.69,360,-0.0692307692308,0
25.31,25.38,24.81,25.69,360,-0.0807692307692,0
25.31,25.38,24.81,25.69,360,-0.0884615384615,0
25.31,25.31,24.81,25.69,360,-0.0923076923077,0
25.31,25.31,24.81,25.69,360,-0.0923076923077,0
25.31,25.31,24.81,25.69,365,-0.0923076923077,0
25.31,25.31,24.81,25.69,360,-0.0923076923077,0
25.31,25.31,24.75,25.69,360,-0.138461538462,0
25.31,25.31,24.81,25.69,360,-0.184615384615,0
25.31,25.31,24.81,25.69,365,-0.134615384615,0
25.31,25.31,24.81,25.69,360,-0.130769230769,0
25.31,25.31,24.81,25.69,360,-0.123076923077,0
25.31,25.38,24.81,25.63,360,-0.111538461538,0
25.31,25.31,24.81,25.63,360,-0.146153846154,0
25.38,25.31,24.81,25.69,365,-0.0846153846154,0
25.31,25.31,24.81,25.69,360,-0.0692307692308,0
25.31,25.38,24.75,25.63,365,-0.0538461538462,0
25.31,25.31,24.81,25.69,365,-0.0423076923077,0
25.31,25.38,24.75,25.69,360,-0.0307692307692,0
25.31,25.31,24.81,25.69,360,-0.0153846153846,0
25.31,25.38,24.81,25.69,360,-0.0461538461538,0
25.31,25.31,24.81,25.69,360,-0.0269230769231,0
25.31,25.31,24.75,25.69,360,-0.00384615384615,0
25.31,25.38,24.75,25.69,360,0.0230769230769,0
25.31,25.31,24.81,25.63,360,0.00384615384615,0
25.31,25.31,24.81,25.63,360,-0.0153846153846,0
25.31,25.31,24.81,25.69,360,-0.0346153846154,0
25.31,25.31,24.75,25.69,360,-0.0538461538462,0
25.31,25.31,24.81,25.63,360,-0.0730769230769,0
25.31,25.31,24.81,25.63,360,-0.0923076923077,0
25.31,25.38,24.75,25.63,360,-0.0615384615385,0
25.31,25.38,24.81,25.69,360,-0.0769230769231,0
25.31,25.31,24.81,25.69,360,-0.0923076923077,0
25.31,25.31,24.75,25.69,360,-0.107692307692,0
25.31,25.31,24.75,25.69,360,-0.0730769230769,0
25.31,25.31,24.81,25.69,360,-0.0846153846154,0
25.31,25.31,24.75,25.69,360,-0.0961538461538,0
25.31,25.31,24.81,25.63,360,-0.107692307692,0
25.31,25.31,24.81,25.69,360,-0.119230769231,0
25.31,25.31,24.75,25.63,360,-0.0807692307692,0
25.31,25.31,24.81,25.63,360,-0.0884615384615,0
25.31,25.31,24.81,25.63,360,-0.0461538461538,0
25.31,25.31,24.81,25.63,360,0.0,0
25.31,25.31,24.81,25.63,360,0.0,0
25.31,25.31,24.81,25.63,360,0.0,0
25.31,25.31,24.81,25.69,360,0.0,0
25.31,25.31,24.81,25.69,360,0.0,0
25.31,25.31,24.75,25.69,360,0.0,0
25.31,25.31,24.81,25.63,365,0.0461538461538,0
25.31,25.31,24.81,25.63,360,0.0423076923077,0
25.31,25.31,24.81,25.63,360,0.0384615384615,0
25.31,25.31,24.75,25.63,360,0.0346153846154,0
25.31,25.38,24.81,25.63,360,0.0307692307692,0
25.31,25.31,24.75,25.63,365,0.0730769230769,0
25.31,25.31,24.75,25.63,360,0.0653846153846,0
25.31,25.31,24.75,25.63,360,0.0576923076923,0
25.31,25.31,24.75,25.63,360,0.05,0
25.31,25.31,24.75,25.63,360,0.0423076923077,0
25.31,25.31,24.75,25.63,360,0.0346153846154,0
25.31,25.31,24.81,25.63,360,0.0269230769231,0
25.31,25.31,24.75,25.69,360,0.0192307692308,0
25.31,25.31,24.81,25.69,360,0.0115384615385,0
25.31,25.31,24.81,25.63,360,0.00384615384615,0
25.31,25.31,24.81,25.63,360,-0.00384615384615,0
25.31,25.31,24.81,25.63,360,-0.0115384615385,0
25.31,25.31,24.75,25.63,360,-0.0192307692308,0
25.31,25.31,24.75,25.63,360,-0.0269230769231,0
25.31,25.31,24.75,25.63,360,-0.0346153846154,0
25.31,25.31,24.81,25.63,360,-0.0423076923077,0
25.31,25.31,24.75,25.63,360,-0.05,0
25.31,25.31,24.75,25.69,360,-0.0576923076923,0
25.31,25.31,24.75,25.69,360,-0.0653846153846,0
25.31,25.31,24.81,25.63,360,-0.0730769230769,0
25.31,25.31,24.75,25.63,360,-0.0307692307692,0
25.31,25.31,24.81,25.63,360,-0.0346153846154,0
25.31,25.31,24.81,25.63,360,-0.0384615384615,0
25.31,25.31,24.75,25.63,360,-0.0423076923077,0
25.31,25.31,24.75,25.63,360,-0.0461538461538,0
25.31,25.31,24.75,25.69,360,0.0,0
25.31,25.31,24.75,25.69,360,0.0,0
25.31,25.31,24.75,25.63,360,0.0,0
25.31,25.31,24.75,25.63,360,0.0,0
25.31,25.31,24.75,25.63,360,0.0,0
25.31,25.31,24.75,25.63,360,0.0,0
25.25,25.31,24.75,25.63,360,0.0,0
25.31,25.31,24.75,25.63,360,0.0,0
25.31,25.31,24.75,25.63,360,0.0,0
25.25,25.31,24.75,25.63,360,0.0,0
25.31,25.31,24.81,25.63,360,0.0,0
25.31,25.31,24.75,25.63,360,0.0,0
25.31,25.31,24.75,25.63,360,0.0,0
25.31,25.31,24.75,25.63,360,0.0,0
25.25,25.31,24.75,25.63,360,0.0,0
25.25,25.31,24.75,25.63,360,0.0,0
25.31,25.31,24.81,25.63,360,0.0,0
25.31,25.31,24.75,25.63,360,0.0,0
25.25,25.31,24.75,25.63,360,0.0,0
25.31,25.31,24.75,25.63,360,0.0,0
25.25,25.31,24.75,25.63,360,0.0,0
25.31,25.31,24.75,25.63,360,0.0,0
25.25,25.31,24.75,25.63,360,0.0,0
25.31,25.31,24.75,25.63,360,0.0,0
25.31,25.31,24.75,25.69,360,0.0,0
25.31,25.31,24.75,25.63,360,0.0,0
25.25,25.31,24.75,25.63,360,0.0,0
25.25,25.31,24.75,25.63,360,0.0,0
25.31,25.31,24.75,25.63,360,0.0,0
25.25,25.31,24.75,25.69,360,0.0,0
25.25,25.31,24.75,25.69,360,0.0,0
25.25,25.31,24.75,25.63,360,0.0,0
25.31,25.31,24.75,25.69,360,0.0,0
25.25,25.31,24.75,25.63,360,0.0,0
25.25,25.31,24.75,25.63,360,0.0,0
25.25,25.31,24.75,25.63,360,0.0,0
25.25,25.31,24.75,25.63,360,0.0,0
25.25,25.31,24.75,25.63,360,0.0,0
25.25,25.31,24.75,25.63,360,0.0,0
25.25,25.31,24.75,25.63,360,0.0,0
25.25,25.31,24.75,25.69,360,0.0,0
25.25,25.25,24.75,25.63,360,0.0,0
25.25,25.31,24.75,25.63,360,0.0,0
25.25,25.31,24.75,25.63,360,0.0,0
25.25,25.31,24.75,25.63,360,0.0,0
25.31,25.31,24.75,25.63,360,0.0,0
25.25,25.31,24.69,25.63,360,0.0,0
25.25,25.31,24.69,25.63,360,0.0,0
25.25,25.31,24.75,25.63,360,0.0,0
25.31,25.31,24.75,25.63,360,0.0,0
25.31,25.31,24.75,25.63,360,0.0,0
25.25,25.31,24.75,25.63,360,0.0,0
25.25,25.31,24.75,25.63,360,0.0,0
25.25,25.31,24.75,25.63,360,0.0,0
25.25,25.31,24.69,25.56,360,0.0,0
25.25,25.31,24.75,25.56,360,0.0,0
25.31,25.25,24.69,25.56,360,0.0,0
25.25,25.31,24.69,25.63,360,0.0,0
25.31,25.31,24.75,25.63,360,0.0,0
25.25,25.31,24.75,25.63,360,0.0,0
25.25,25.31,24.75,25.56,360,0.0,0
25.25,25.31,24.75,25.63,360,0.0,0
25.25,25.31,24.75,25.63,360,0.0,0
25.25,25.31,24.75,25.56,360,0.0,0
25.25,25.31,24.69,25.63,360,0.0,0
25.25,25.31,24.75,25.56,360,0.0,0
25.25,25.31,24.69,25.63,360,0.0,0
25.25,25.31,24.69,25.63,360,0.0,0
25.25,25.31,24.69,25.63,360,0.0,0
25.25,25.25,24.75,25.63,360,0.0,0
25.25,25.25,24.69,25.56,360,0.0,0
25.25,25.25,24.69,25.63,360,0.0,0
25.25,25.25,24.69,25.63,360,0.0,0
25.25,25.31,24.69,25.69,360,0.0,0
25.25,25.25,24.69,25.63,360,0.0,0
25.25,25.25,24.75,25.69,360,0.0,0
25.25,25.31,24.75,25.63,360,0.0,0
25.25,25.31,24.75,25.63,360,0.0,0
25.25,25.31,24.75,25.63,360,0.0,0
25.25,25.25,24.75,25.69,360,0.0,0
25.25,25.31,24.69,25.63,360,0.0,0
25.25,25.25,24.69,25.63,360,0.0,0
25.25,25.25,24.69,25.63,360,0.0,0
25.25,25.31,24.69,25.63,360,0.0,0
25.25,25.31,24.69,25.63,360,0.0,0
25.25,25.31,24.69,25.63,360,0.0,0
25.25,25.31,24.69,25.63,360,0.0,0
25.25,25.25,24.69,25.63,360,0.0,0
25.25,25.25,24.75,25.56,360,0.0,0
25.25,25.25,24.69,25.56,360,0.0,0
25.25,25.25,24.69,25.63,360,0.0,0
25.25,25.25,24.69,25.63,360,0.0,0
25.25,25.25,24.69,25.63,360,0.0,0
25.25,25.31,24.75,25.56,360,0.0,0
25.25,25.31,24.75,25.56,360,0.0,0
25.25,25.25,24.75,25.56,360,0.0,0
25.25,25.25,24.69,25.63,360,0.0,0
25.25,25.25,24.75,25.63,360,0.0,0
25.25,25.25,24.69,25.63,360,0.0,0
25.25,25.25,24.69,25.63,360,0.0,0
25.25,25.25,24.69,25.63,360,0.0,0
25.25,25.25,24.69,25.63,360,0.0,0
25.25,25.25,24.69,25.56,360,0.0,0
25.25,25.25,24.69,25.56,360,0.0,0
25.25,25.31,24.69,25.56,360,0.0,0
25.25,25.25,24.69,25.56,360,0.0,0
25.25,25.25,24.69,25.63,360,0.0,0
25.25,25.25,24.69,25.56,360,0.0,0
25.25,25.25,24.69,25.63,360,0.0,0
25.25,25.25,24.69,25.56,360,0.0,0
25.25,25.25,24.69,25.63,360,0.0,0
25.25,25.25,24.69,25.63,360,0.0,0
25.25,25.25,24.69,25.63,360,0.0,0
25.25,25.25,24.75,25.63,360,0.0,0
25.25,25.25,24.69,25.63,360,0.0,0
25.25,25.25,24.69,25.56,360,0.0,0
25.25,25.25,24.69,25.56,360,0.0,0
25.25,25.25,24.69,25.63,360,0.0,0
25.25,25.25,24.69,25.63,360,0.0,0
25.19,25.25,24.69,25.63,360,0.0,0
25.25,25.25,24.69,25.63,360,0.0,0
25.25,25.25,24.69,25.56,360,0.0,0
25.25,25.25,24.69,25.63,360,0.0,0
25.19,25.25,24.69,25.63,360,0.0,0
25.25,25.25,24.69,25.63,360,0.0,0
25.25,25.25,24.69,25.56,360,0.0,0
25.25,25.25,24.69,25.56,360,0.0,0
25.25,25.25,24.75,25.56,360,0.0,0
25.25,25.25,24.69,25.56,360,0.0,0
25.25,25.25,24.69,25.56,360,0.0,0
25.25,25.25,24.69,25.63,360,0.0,0
25.25,25.25,24.69,25.56,360,0.0,0
25.25,25.25,24.69,25.63,360,0.0,0
25.25,25.25,24.69,25.63,360,0.0,0
25.25,25.25,24.69,25.56,360,0.0,0
25.25,25.25,24.69,25.56,360,0.0,0
25.25,25.25,24.69,25.56,360,0.0,0
25.25,25.25,24.69,25.56,360,0.0,0
25.25,25.25,24.69,25.56,360,0.0,0
25.25,25.25,24.69,25.56,360,0.0,0
25.25,25.25,24.69,25.56,360,0.0,0
25.25,25.25,24.69,25.56,360,0.0,0
25.19,25.19,24.69,25.56,360,0.0,0
25.25,25.25,24.69,25.56,360,0.0,0
25.19,25.25,24.69,25.56,360,0.0,0
25.19,25.25,24.69,25.56,360,0.0,0
25.25,25.25,24.69,25.63,360,0.0,0
25.19,25.25,24.69,25.63,360,0.0,0
25.25,25.25,24.69,25.56,360,0.0,0
25.19,25.25,24.69,25.63,360,0.0,0
25.19,25.25,24.69,25.63,360,0.0,0
25.19,25.25,24.69,25.56,360,0.0,0
25.19,25.25,24.69,25.56,360,0.0,0
25.19,25.25,24.69,25.56,360,0.0,0
25.19,25.25,24.75,25.56,360,0.0,0
25.19,25.25,24.69,25.56,360,0.0,0
25.19,25.25,24.69,25.56,360,0.0,0
25.19,25.25,24.63,25.56,360,0.0,0
25.25,25.25,24.69,25.56,360,0.0,0
25.25,25.25,24.69,25.56,360,0.0,0
25.25,25.25,24.69,25.56,360,0.0,0
25.19,25.25,24.69,25.56,360,0.0,0
25.19,25.25,24.69,25.63,360,0.0,0
25.25,25.25,24.69,25.56,360,0.0,0
25.19,25.25,24.69,25.56,360,0.0,0
25.25,25.25,24.69,25.63,360,0.0,0
25.19,25.25,24.69,25.63,360,0.0,0
25.25,25.25,24.69,25.56,360,0.0,0
25.19,25.25,24.69,25.56,360,0.0,0
25.19,25.25,24.69,25.56,360,0.0,0
25.25,25.25,24.69,25.56,360,0.0,0
25.25,25.25,24.69,25.56,360,0.0,0
25.25,25.25,24.69,25.56,360,0.0,0
25.25,25.25,24.69,25.56,360,0.0,0
25.19,25.25,24.69,25.56,360,0.0,0
25.19,25.19,24.69,25.56,360,0.0,0
25.25,25.25,24.63,25.56,360,0.0,0
25.25,25.25,24.69,25.63,360,0.0,0
25.25,25.25,24.69,25.56,360,0.0,0
25.19,25.25,24.69,25.56,360,0.0,0
25.19,25.25,24.63,25.56,360,0.0,0
25.19,25.25,24.69,25.5,360,0.0,0
25.19,25.25,24.69,25.56,360,0.0,0
25.19,25.25,24.63,25.56,360,0.0,0
25.19,25.25,24.63,25.63,360,0.0,0
25.19,25.25,24.63,25.56,360,0.0,0
25.19,25.25,24.63,25.56,360,0.0,0
25.19,25.25,24.63,25.5,360,0.0,0
25.25,25.25,24.63,25.56,360,0.0,0
25.25,25.25,24.63,25.56,360,0.0,0
25.19,25.25,24.63,25.56,360,0.0,0
25.19,25.25,24.63,25.56,360,0.0,0
25.19,25.25,24.63,25.5,360,0.0,0
25.25,25.25,24.63,25.5,360,0.0,0
25.19,25.25,24.63,25.5,360,0.0,0
25.25,25.25,24.69,25.5,360,0.0,0
25.19,25.25,24.69,25.63,360,0.0,0
25.19,25.25,24.63,25.56,355,-0.0461538461538,0
25.19,25.25,24.63,25.5,360,-0.0423076923077,0
25.19,25.25,24.63,25.56,360,-0.0384615384615,0
25.19,25.25,24.63,25.5,360,-0.0346153846154,0
25.25,25.25,24.63,25.5,360,-0.0307692307692,0
25.19,25.25,24.63,25.5,360,-0.0269230769231,0
25.25,25.25,24.63,25.56,360,-0.0230769230769,0
25.19,25.25,24.63,25.56,360,-0.0192307692308,0
25.19,25.25,24.63,25.5,360,-0.0153846153846,0
25.19,25.25,24.63,25.5,360,-0.0115384615385,0
25.19,25.25,24.63,25.5,360,-0.00769230769231,0
25.19,25.25,24.63,25.5,360,-0.00384615384615,0
25.19,25.25,24.63,25.5,360,7.69801162017e-19,0
25.19,25.25,24.63,25.5,360,0.00384615384615,0
25.19,25.25,24.63,25.56,360,0.00769230769231,0
25.19,25.19,24.63,25.5,360,0.0115384615385,0
25.19,25.25,24.63,25.56,360,0.0153846153846,0
25.19,25.25,24.63,25.56,360,0.0192307692308,0
25.19,25.19,24.63,25.56,360,0.0230769230769,0
25.19,25.19,24.63,25.5,360,0.0269230769231,0
25.19,25.25,24.63,25.5,360,0.0307692307692,0
25.19,25.19,24.69,25.56,360,0.0346153846154,0
25.19,25.25,24.63,25.56,360,0.0384615384615,0
25.19,25.25,24.63,25.5,360,0.0423076923077,0
25.19,25.25,24.63,25.5,360,0.0461538461538,0
25.19,25.19,24.63,25.5,360,0.0,0
25.19,25.19,24.63,25.5,360,0.0,0
25.19,25.19,24.63,25.5,360,0.0,0
25.19,25.19,24.63,25.5,360,0.0,0
25.19,25.19,24.63,25.56,360,0.0,0
25.19,25.25,24.63,25.5,360,0.0,0
25.19,25.25,24.63,25.5,360,0.0,0
25.19,25.19,24.63,25.5,360,0.0,0
25.19,25.25,24.63,25.56,360,0.0,0
25.19,25.19,24.63,25.56,360,0.0,0
25.19,25.19,24.63,25.56,360,0.0,0
25.19,25.25,24.63,25.56,360,0.0,0
25.19,25.19,24.63,25.56,360,0.0,0
25.19,25.19,24.63,25.5,360,0.0,0
25.19,25.19,24.63,25.5,360,0.0,0
25.19,25.25,24.63,25.5,360,0.0,0
25.19,25.19,24.63,25.56,360,0.0,0
25.19,25.25,24.63,25.56,360,0.0,0
25.19,25.25,24.63,25.5,360,0.0,0
25.19,25.25,24.56,25.5,360,0.0,0
25.19,25.19,24.63,25.5,360,0.0,0
25.19,25.19,24.56,25.5,360,0.0,0
25.19,25.19,24.63,25.5,360,0.0,0
25.19,25.19,24.63,25.5,360,0.0,0
25.19,25.19,24.63,25.5,360,0.0,0
25.19,25.19,24.63,25.5,360,0.0,0
25.19,25.19,24.63,25.5,355,-0.0461538461538,0
25.19,25.19,24.63,25.5,355,-0.0884615384615,0
25.19,25.19,24.63,25.5,355,-0.126923076923,0
25.19,25.19,24.63,25.5,360,-0.115384615385,0
25.19,25.19,24.63,25.5,360,-0.103846153846,0
25.19,25.19,24.63,25.5,360,-0.0923076923077,0
25.19,25.19,24.56,25.5,360,-0.0807692307692,0
25.19,25.19,24.63,25.5,360,-0.0692307692308,0
25.19,25.19,24.63,25.5,360,-0.0576923076923,0
25.19,25.19,24.63,25.5,360,-0.0461538461538,0
25.19,25.19,24.63,25.5,360,-0.0346153846154,0
25.19,25.19,24.63,25.5,360,-0.0230769230769,0
25.19,25.19,24.63,25.5,360,-0.0115384615385,0
25.19,25.19,24.63,25.5,360,3.0792046480700003e-18,0
25.19,25.19,24.63,25.5,360,0.0115384615385,0
25.19,25.19,24.63,25.5,360,0.0230769230769,0
25.19,25.19,24.56,25.5,360,0.0346153846154,0
25.19,25.19,24.63,25.56,360,0.0461538461538,0
25.19,25.19,24.63,25.5,360,0.0576923076923,0
25.19,25.19,24.63,25.5,360,0.0692307692308,0
25.19,25.19,24.63,25.44,360,0.0807692307692,0
25.19,25.19,24.63,25.5,360,0.0923076923077,0
25.19,25.19,24.63,25.5,360,0.103846153846,0
25.19,25.19,24.63,25.5,360,0.115384615385,0
25.19,25.25,24.63,25.5,360,0.126923076923,0
25.19,25.19,24.56,25.5,360,0.0884615384615,0
25.19,25.25,24.56,25.5,360,0.0461538461538,0
25.19,25.25,24.63,25.5,360,0.0,0
25.19,25.19,24.63,25.5,360,0.0,0
25.19,25.19,24.56,25.5,360,0.0,0
25.19,25.19,24.56,25.56,360,0.0,0
25.19,25.19,24.56,25.5,360,0.0,0
25.13,25.19,24.56,25.5,360,0.0,0
25.19,25.19,24.63,25.5,360,0.0,0
25.13,25.19,24.56,25.5,360,0.0,0
25.13,25.19,24.56,25.5,355,-0.0461538461538,0
25.19,25.19,24.63,25.5,360,-0.0423076923077,0
25.19,25.19,24.63,25.5,360,-0.0384615384615,0
25.19,25.19,24.56,25.5,360,-0.0346153846154,0
25.19,25.19,24.56,25.5,360,-0.0307692307692,0
25.19,25.19,24.63,25.5,360,-0.0269230769231,0
25.19,25.19,24.63,25.5,360,-0.0230769230769,0
25.19,25.19,24.56,25.5,360,-0.0192307692308,0
25.19,25.19,24.56,25.56,355,-0.0615384615385,0
25.19,25.19,24.63,25.5,360,-0.0538461538462,0
25.19,25.19,24.56,25.5,355,-0.0923076923077,0
25.19,25.19,24.56,25.5,360,-0.0807692307692,0
25.13,25.19,24.56,25.5,360,-0.0692307692308,0
25.19,25.19,24.56,25.5,360,-0.0576923076923,0
25.19,25.19,24.56,25.5,360,-0.0461538461538,0
25.19,25.19,24.56,25.5,360,-0.0346153846154,0
25.19,25.19,24.56,25.5,360,-0.0230769230769,0
25.13,25.19,24.56,25.5,360,-0.0115384615385,0
25.19,25.19,24.56,25.5,360,3.0792046480700003e-18,0
25.13,25.19,24.56,25.44,360,0.0115384615385,0
25.19,25.19,24.56,25.5,360,0.0230769230769,0
25.13,25.19,24.56,25.5,360,0.0346153846154,0
25.19,25.19,24.56,25.44,360,0.0461538461538,0
25.19,25.19,24.56,25.5,360,0.0576923076923,0
25.19,25.19,24.56,25.5,360,0.0692307692308,0
25.19,25.19,24.63,25.5,360,0.0307692307692,0
25.19,25.19,24.56,25.5,360,0.0384615384615,0
25.19,25.19,24.56,25.5,355,-1.23168185923e-17,0
25.19,25.19,24.56,25.56,360,0.0115384615385,0
25.13,25.19,24.63,25.5,355,-0.0230769230769,0
25.13,25.19,24.63,25.5,355,-0.0538461538462,0
25.19,25.19,24.56,25.5,355,-0.0807692307692,0
25.13,25.19,24.56,25.5,355,-0.103846153846,0
25.19,25.19,24.56,25.44,355,-0.173076923077,0
25.13,25.19,24.56,25.5,355,-0.192307692308,0
25.19,25.13,24.56,25.44,360,-0.211538461538,0
25.13,25.19,24.56,25.5,360,-0.184615384615,0
25.19,25.19,24.56,25.44,360,-0.157692307692,0
25.19,25.19,24.63,25.5,360,-0.130769230769,0
25.13,25.19,24.63,25.44,360,-0.103846153846,0
25.19,25.19,24.63,25.44,360,-0.0769230769231,0
25.13,25.19,24.56,25.5,360,-0.05,0
25.13,25.13,24.56,25.44,360,-0.0230769230769,0
25.13,25.19,24.56,25.44,360,0.00384615384615,0
25.13,25.19,24.56,25.44,355,-0.0153846153846,0
25.13,25.19,24.56,25.44,360,0.0153846153846,0
25.13,25.19,24.56,25.5,360,0.0461538461538,0
25.13,25.19,24.56,25.44,355,0.0307692307692,0
25.13,25.19,24.63,25.44,355,0.0192307692308,0
25.13,25.19,24.56,25.44,360,0.0576923076923,0
25.13,25.19,24.56,25.44,360,0.0961538461538,0
25.13,25.19,24.56,25.5,360,0.134615384615,0
25.19,25.19,24.56,25.44,355,0.0769230769231,0
25.13,25.19,24.56,25.44,355,0.0692307692308,0
25.13,25.13,24.56,25.44,355,0.0153846153846,0
25.13,25.19,24.56,25.5,355,-0.0384615384615,0
25.13,25.19,24.56,25.5,360,-0.0461538461538,0
25.13,25.19,24.56,25.44,355,-0.103846153846,0
25.13,25.19,24.56,25.5,355,-0.161538461538,0
25.13,25.19,24.56,25.5,355,-0.219230769231,0
25.13,25.19,24.56,25.44,355,-0.226923076923,0
25.13,25.19,24.56,25.44,360,-0.184615384615,0
25.19,25.19,24.56,25.44,355,-0.188461538462,0
25.13,25.19,24.56,25.44,355,-0.188461538462,0
25.13,25.19,24.56,25.5,355,-0.184615384615,0
25.19,25.13,24.56,25.5,355,-0.176923076923,0
25.13,25.19,24.56,25.5,355,-0.165384615385,0
25.13,25.19,24.56,25.44,355,-0.15,0
25.13,25.13,24.56,25.5,355,-0.130769230769,0
25.13,25.19,24.56,25.5,355,-0.157692307692,0
25.13,25.19,24.56,25.44,355,-0.134615384615,0
25.13,25.19,24.56,25.5,355,-0.107692307692,0
25.13,25.19,24.56,25.44,355,-0.126923076923,0
25.13,25.19,24.56,25.44,355,-0.146153846154,0
25.13,25.19,24.56,25.5,355,-0.115384615385,0
25.13,25.19,24.56,25.44,355,-0.0807692307692,0
25.19,25.13,24.56,25.44,355,-0.0423076923077,0
25.13,25.19,24.56,25.44,355,-0.05,0
25.13,25.19,24.56,25.44,360,-0.0115384615385,0
25.13,25.19,24.56,25.44,360,0.0230769230769,0
25.13,25.13,24.56,25.44,360,0.0538461538462,0
25.13,25.19,24.56,25.44,360,0.130769230769,0
25.13,25.19,24.56,25.44,360,0.157692307692,0
25.13,25.13,24.56,25.44,360,0.180769230769,0
25.13,25.13,24.56,25.44,360,0.2,0
25.13,25.13,24.56,25.44,360,0.215384615385,0
25.13,25.19,24.5,25.44,360,0.276923076923,0
25.13,25.19,24.5,25.44,360,0.288461538462,0
25.13,25.19,24.5,25.44,355,0.25,0
25.13,25.13,24.5,25.44,355,0.211538461538,0
25.13,25.19,24.56,25.44,355,0.173076923077,0
25.13,25.19,24.5,25.44,355,0.134615384615,0
25.13,25.19,24.56,25.44,355,0.0961538461538,0
25.13,25.19,24.5,25.44,360,0.103846153846,0
25.13,25.13,24.5,25.44,360,0.107692307692,0
25.13,25.13,24.5,25.44,360,0.107692307692,0
25.13,25.13,24.5,25.44,360,0.103846153846,0
25.13,25.13,24.5,25.44,355,0.05,0
25.13,25.13,24.5,25.44,355,-0.00384615384615,0
25.13,25.13,24.56,25.44,360,-0.0115384615385,0
25.13,25.13,24.56,25.5,355,-0.0692307692308,0
25.13,25.13,24.56,25.44,355,-0.126923076923,0
25.13,25.13,24.5,25.44,360,-0.138461538462,0
25.13,25.19,24.5,25.44,360,-0.103846153846,0
25.13,25.13,24.56,25.44,360,-0.0692307692308,0
25.13,25.13,24.56,25.44,360,-0.0346153846154,0
25.13,25.13,24.5,25.44,360,6.1584092961300004e-18,0
25.13,25.13,24.56,25.44,360,0.0346153846154,0
25.13,25.13,24.56,25.44,360,0.0692307692308,0
25.13,25.13,24.5,25.38,355,0.0576923076923,0
25.13,25.13,24.56,25.44,360,0.0961538461538,0
25.13,25.13,24.5,25.44,355,0.0884615384615,0
25.13,25.13,24.5,25.44,355,0.0846153846154,0
25.13,25.13,24.5,25.44,355,0.0346153846154,0
25.13,25.13,24.5,25.44,360,0.0307692307692,0
25.13,25.13,24.56,25.44,360,0.0230769230769,0
25.13,25.13,24.56,25.44,355,-0.0346153846154,0
25.13,25.13,24.5,25.44,355,-0.0923076923077,0
25.13,25.13,24.5,25.44,360,-0.0538461538462,0
25.13,25.13,24.5,25.44,355,-0.0615384615385,0
25.13,25.13,24.5,25.44,355,-0.0653846153846,0
25.13,25.13,24.5,25.44,355,-0.0653846153846,0
25.13,25.13,24.5,25.5,355,-0.111538461538,0
25.13,25.13,24.5,25.44,355,-0.157692307692,0
25.13,25.13,24.5,25.5,360,-0.107692307692,0
25.13,25.13,24.5,25.44,360,-0.107692307692,0
25.13,25.13,24.5,25.44,360,-0.111538461538,0
25.13,25.13,24.5,25.44,360,-0.0692307692308,0
25.13,25.13,24.5,25.44,355,-0.0730769230769,0
25.13,25.13,24.5,25.44,360,-0.0269230769231,0
25.13,25.13,24.5,25.44,360,0.0192307692308,0
25.13,25.13,24.5,25.44,355,0.0192307692308,0
25.13,25.13,24.5,25.44,355,0.0230769230769,0
25.06,25.13,24.5,25.44,355,0.0307692307692,0
25.13,25.13,24.5,25.44,355,-0.00769230769231,0
25.13,25.13,24.5,25.44,355,0.00384615384615,0
25.13,25.13,24.5,25.44,355,-0.0307692307692,0
25.13,25.13,24.5,25.38,355,-0.0653846153846,0
25.06,25.13,24.5,25.44,355,-0.1,0
25.13,25.13,24.5,25.44,355,-0.0846153846154,0
25.13,25.13,24.5,25.44,355,-0.0653846153846,0
25.13,25.13,24.5,25.38,355,-0.0923076923077,0
25.13,25.13,24.5,25.44,360,-0.0730769230769,0
25.13,25.13,24.5,25.44,355,-0.0538461538462,0
25.13,25.13,24.5,25.44,355,-0.0807692307692,0
25.13,25.13,24.5,25.44,355,-0.107692307692,0
25.13,25.13,24.5,25.44,355,-0.134615384615,0
25.13,25.13,24.5,25.38,355,-0.161538461538,0
25.13,25.13,24.5,25.44,355,-0.188461538462,0
25.13,25.13,24.5,25.44,355,-0.165384615385,0
25.13,25.13,24.5,25.38,355,-0.138461538462,0
25.13,25.13,24.5,25.44,360,-0.0615384615385,0
25.06,25.13,24.5,25.38,360,0.0153846153846,0
25.06,25.13,24.5,25.38,355,-0.00384615384615,0
25.06,25.13,24.5,25.38,360,0.0730769230769,0
25.13,25.13,24.5,25.38,360,0.15,0
25.13,25.13,24.5,25.38,355,0.130769230769,0
25.06,25.13,24.5,25.44,360,0.157692307692,0
25.13,25.13,24.5,25.44,355,0.134615384615,0
25.13,25.13,24.5,25.44,360,0.157692307692,0
25.13,25.13,24.5,25.44,360,0.176923076923,0
25.13,25.13,24.5,25.44,360,0.192307692308,0
25.06,25.13,24.5,25.44,355,0.157692307692,0
25.06,25.13,24.56,25.44,355,0.123076923077,0
25.13,25.13,24.5,25.44,360,0.134615384615,0
25.13,25.13,24.5,25.44,355,0.0961538461538,0
25.13,25.13,24.5,25.44,360,0.103846153846,0
25.13,25.13,24.5,25.38,360,0.157692307692,0
25.13,25.13,24.5,25.44,360,0.161538461538,0
25.13,25.13,24.5,25.44,360,0.161538461538,0
25.06,25.13,24.5,25.44,360,0.157692307692,0
25.06,25.13,24.5,25.44,360,0.15,0
25.06,25.19,24.5,25.38,360,0.138461538462,0
25.06,25.13,24.5,25.38,360,0.123076923077,0
25.06,25.13,24.5,25.38,360,0.103846153846,0
25.06,25.13,24.5,25.38,360,0.0807692307692,0
25.06,25.13,24.5,25.38,360,0.103846153846,0
25.13,25.13,24.5,25.38,360,0.126923076923,0
25.06,25.13,24.5,25.44,355,0.0538461538462,0
25.13,25.13,24.5,25.38,355,0.0307692307692,0
25.06,25.13,24.5,25.44,360,0.0576923076923,0
25.06,25.13,24.5,25.38,360,0.0346153846154,0
25.06,25.13,24.5,25.38,360,0.0576923076923,0
25.06,25.13,24.5,25.38,360,0.0307692307692,0
25.13,25.13,24.56,25.44,360,0.05,0
25.06,25.13,24.56,25.44,360,0.0692307692308,0
25.06,25.13,24.5,25.38,360,0.0884615384615,0
25.06,25.13,24.56,25.38,360,0.0576923076923,0
25.13,25.13,24.5,25.44,360,0.0230769230769,0
25.06,25.19,24.5,25.38,360,0.0346153846154,0
25.06,25.13,24.56,25.38,360,-0.00384615384615,0
25.13,25.13,24.5,25.38,360,0.00384615384615,0
25.06,25.13,24.5,25.38,360,0.0115384615385,0
25.13,25.13,24.5,25.38,360,0.0192307692308,0
25.06,25.13,24.56,25.44,360,0.0269230769231,0
25.06,25.13,24.5,25.38,360,0.0346153846154,0
25.06,25.13,24.5,25.44,360,0.0423076923077,0
25.06,25.13,24.5,25.38,360,0.05,0
25.06,25.13,24.5,25.38,355,0.0115384615385,0
25.06,25.13,24.5,25.44,360,0.0230769230769,0
25.06,25.13,24.5,25.44,360,0.0346153846154,0
25.06,25.13,24.5,25.44,360,0.0461538461538,0
25.06,25.13,24.5,25.5,360,0.0576923076923,0
25.06,25.13,24.5,25.44,360,0.0192307692308,0
25.06,25.19,24.5,25.44,360,-0.0230769230769,0
25.13,25.13,24.5,25.44,355,-0.0653846153846,0
25.13,25.13,24.5,25.44,355,-0.103846153846,0
25.06,25.13,24.5,25.38,360,-0.0923076923077,0
25.13,25.13,24.5,25.38,360,-0.0807692307692,0
25.06,25.13,24.5,25.44,360,-0.0692307692308,0
25.13,25.13,24.56,25.44,360,-0.0576923076923,0
25.06,25.13,24.56,25.44,360,-0.0461538461538,0
25.06,25.13,24.5,25.38,360,-0.0346153846154,0
25.06,25.13,24.5,25.44,360,-0.0230769230769,0
25.06,25.13,24.5,25.44,360,-0.0115384615385,0
25.06,25.13,24.5,25.44,360,-3.0792046480700003e-18,0
25.06,25.13,24.5,25.44,360,0.0115384615385,0
25.06,25.13,24.56,25.44,360,0.0230769230769,0
25.06,25.13,24.5,25.44,360,0.0346153846154,0
25.06,25.13,24.5,25.38,360,0.0461538461538,0
25.06,25.13,24.5,25.44,360,0.0576923076923,0
25.06,25.13,24.5,25.44,360,0.0692307692308,0
25.06,25.13,24.5,25.44,360,0.0807692307692,0
25.06,25.13,24.5,25.44,360,0.0423076923077,0
25.06,25.13,24.5,25.44,360,0.05,0
25.06,25.13,24.5,25.38,360,0.0576923076923,0
25.06,25.13,24.5,25.38,360,0.0653846153846,0
25.06,25.13,24.56,25.38,360,0.0730769230769,0
25.06,25.13,24.56,25.38,355,0.0346153846154,0
25.06,25.13,24.56,25.38,360,0.0461538461538,0
25.06,25.13,24.56,25.38,360,0.00769230769231,0
25.06,25.13,24.56,25.44,360,-0.0346153846154,0
25.06,25.13,24.56,25.38,360,-0.0307692307692,0
25.06,25.13,24.56,25.44,360,-0.0269230769231,0
25.06,25.13,24.56,25.44,360,-0.0230769230769,0
25.06,25.13,24.56,25.38,360,-0.0192307692308,0
25.13,25.13,24.5,25.44,360,-0.0153846153846,0
25.13,25.13,24.5,25.44,360,-0.0115384615385,0
25.06,25.13,24.5,25.44,360,-0.00769230769231,0
25.13,25.13,24.5,25.5,360,-0.00384615384615,0
25.13,25.13,24.5,25.44,360,7.69801162017e-19,0
25.06,25.13,24.5,25.38,360,0.00384615384615,0
25.06,25.13,24.56,25.44,360,0.00769230769231,0
25.06,25.13,24.5,25.44,360,0.0115384615385,0
25.13,25.13,24.5,25.5,360,0.0153846153846,0
25.06,25.13,24.56,25.44,360,0.0192307692308,0
25.06,25.13,24.56,25.44,360,0.0230769230769,0
25.06,25.13,24.5,25.44,360,0.0269230769231,0
25.06,25.13,24.5,25.38,360,0.0307692307692,0
25.06,25.13,24.5,25.44,360,0.0346153846154,0
25.06,25.13,24.56,25.44,360,0.0384615384615,0
25.06,25.13,24.5,25.5,360,0.0423076923077,0
25.06,25.13,24.5,25.5,360,0.0461538461538,0
25.06,25.13,24.56,25.5,360,0.0,0
25.06,25.13,24.5,25.5,360,0.0,0
25.06,25.13,24.5,25.44,360,0.0,0
25.06,25.13,24.5,25.44,360,0.0,0
25.06,25.13,24.5,25.5,360,0.0,0
25.06,25.13,24.5,25.44,360,0.0,0
25.13,25.13,24.5,25.44,360,0.0,0
25.06,25.13,24.56,25.44,360,0.0,0
25.13,25.13,24.5,25.38,360,0.0,0
25.06,25.13,24.5,25.38,360,0.0,0
25.06,25.13,24.5,25.38,360,0.0,0
25.06,25.13,24.5,25.44,360,0.0,0
25.13,25.13,24.56,25.44,360,0.0,0
25.13,25.13,24.5,25.5,360,0.0,0
25.06,25.13,24.56,25.44,360,0.0,0
25.06,25.19,24.5,25.44,360,0.0,0
25.06,25.19,24.5,25.44,360,0.0,0
25.06,25.13,24.56,25.44,360,0.0,0
25.13,25.13,24.5,25.44,360,0.0,0
25.06,25.13,24.5,25.44,360,0.0,0
25.13,25.13,24.56,25.44,360,0.0,0
25.13,25.13,24.5,25.44,360,0.0,0
25.13,25.13,24.56,25.44,360,0.0,0
25.06,25.13,24.5,25.5,360,0.0,0
25.06,25.13,24.56,25.44,360,0.0,0
25.13,25.13,24.5,25.44,360,0.0,0
25.06,25.13,24.5,25.44,360,0.0,0
25.13,25.13,24.5,25.44,360,0.0,0
25.06,25.13,24.5,25.5,360,0.0,0
25.06,25.13,24.56,25.44,360,0.0,0
25.13,25.13,24.56,25.5,360,0.0,0
25.13,25.13,24.56,25.44,360,0.0,0
25.13,25.13,24.56,25.5,360,0.0,0
25.13,25.13,24.56,25.44,360,0.0,0
25.06,25.13,24.56,25.44,360,0.0,0
25.06,25.13,24.56,25.38,360,0.0,0
25.13,25.13,24.56,25.5,360,0.0,0
25.13,25.13,24.56,25.44,360,0.0,0
25.06,25.13,24.56,25.44,360,0.0,0
25.13,25.13,24.56,25.44,360,0.0,0
25.13,25.13,24.56,25.44,360,0.0,0
25.06,25.13,24.56,25.44,360,0.0,0
25.13,25.13,24.56,25.38,360,0.0,0
25.13,25.13,24.56,25.44,360,0.0,0
25.13,25.13,24.56,25.44,360,0.0,0
25.13,25.13,24.56,25.38,360,0.0,0
25.13,25.13,24.56,25.44,360,0.0,0
25.13,25.13,24.56,25.44,360,0.0,0
25.13,25.13,24.56,25.44,360,0.0,0
25.06,25.13,24.56,25.38,360,0.0,0
25.13,25.13,24.56,25.44,360,0.0,0
25.13,25.13,24.56,25.44,360,0.0,0
25.13,25.13,24.56,25.44,360,0.0,0
25.06,25.13,24.56,25.5,360,0.0,0
25.06,25.13,24.56,25.56,360,0.0,0
25.06,25.13,24.56,25.5,360,0.0,0
25.13,25.13,24.56,25.44,360,0.0,0
25.06,25.13,24.56,25.44,360,0.0,0
25.13,25.13,24.56,25.44,360,0.0,0
25.13,25.13,24.56,25.5,360,0.0,0
25.13,25.13,24.56,25.44,360,0.0,0
25.13,25.13,24.56,25.44,360,0.0,0
25.13,25.13,24.63,25.38,360,0.0,0
25.13,25.13,24.63,25.44,360,0.0,0
25.13,25.13,24.56,25.38,360,0.0,0
25.13,25.13,24.56,25.38,360,0.0,0
25.13,25.13,24.63,25.38,360,0.0,0
25.13,25.13,24.56,25.31,360,0.0,0
25.13,25.13,24.56,25.38,360,0.0,0
25.13,25.13,24.56,25.38,360,0.0,0
25.13,25.13,24.56,25.38,360,0.0,0
25.13,25.13,24.56,25.38,360,0.0,0
25.13,25.13,24.63,25.31,360,0.0,0
25.13,25.13,24.63,25.31,360,0.0,0
25.06,25.13,24.63,25.31,360,0.0,0
25.13,25.13,24.56,25.31,360,0.0,0
25.13,25.13,24.56,25.38,360,0.0,0
25.13,25.13,24.56,25.38,360,0.0,0
25.13,25.13,24.56,25.38,360,0.0,0
25.13,25.13,24.63,25.38,360,0.0,0
25.13,25.13,24.63,25.38,360,0.0,0
25.13,25.13,24.56,25.31,360,0.0,0
25.13,25.13,24.63,25.38,360,0.0,0
25.13,25.13,24.63,25.44,360,0.0,0
25.13,25.13,24.63,25.44,360,0.0,0
25.06,25.13,24.63,25.44,360,0.0,0
25.13,25.13,24.63,25.44,360,0.0,0
25.13,25.13,24.63,25.44,360,0.0,0
25.13,25.13,24.63,25.38,360,0.0,0
25.13,25.13,24.63,25.38,360,0.0,0
25.13,25.13,24.63,25.38,360,0.0,0
25.13,25.13,24.63,25.38,360,0.0,0
25.13,25.13,24.63,25.38,355,-0.0461538461538,0
25.13,25.13,24.63,25.31,360,-0.0423076923077,0
25.13,25.13,24.63,25.38,360,-0.0384615384615,0
25.13,25.13,24.63,25.31,360,-0.0346153846154,0
25.13,25.13,24.63,25.38,360,-0.0307692307692,0
25.13,25.13,24.63,25.38,360,-0.0269230769231,0
25.13,25.13,24.63,25.31,360,-0.0230769230769,0
25.13,25.13,24.63,25.31,360,-0.0192307692308,0
25.13,25.13,24.63,25.38,360,-0.0153846153846,0
25.13,25.13,24.63,25.44,360,-0.0115384615385,0
25.13,25.13,24.63,25.44,360,-0.00769230769231,0
25.13,25.13,24.63,25.38,360,-0.00384615384615,0
25.13,25.13,24.63,25.44,360,7.69801162017e-19,0
25.13,25.13,24.63,25.44,360,0.00384615384615,0
25.13,25.13,24.63,25.44,360,0.00769230769231,0
25.13,25.13,24.63,25.44,360,0.0115384615385,0
25.13,25.13,24.63,25.44,360,0.0153846153846,0
25.13,25.13,24.63,25.44,355,-0.0269230769231,0
25.13,25.13,24.63,25.44,355,-0.0653846153846,0
25.06,25.19,24.63,25.44,360,-0.0538461538462,0
25.13,25.13,24.63,25.44,360,-0.0423076923077,0
25.13,25.13,24.63,25.5,360,-0.0307692307692,0
25.13,25.13,24.63,25.5,360,-0.0192307692308,0
25.13,25.13,24.63,25.5,360,-0.00769230769231,0
25.13,25.13,24.63,25.44,360,0.00384615384615,0
25.13,25.13,24.63,25.5,360,-0.0346153846154,0
25.13,25.13,24.63,25.56,360,-0.0269230769231,0
25.13,25.13,24.63,25.44,360,-0.0192307692308,0
25.13,25.13,24.69,25.44,360,-0.0115384615385,0
25.13,25.13,24.63,25.5,355,-0.05,0
25.13,25.13,24.69,25.44,360,-0.0384615384615,0
25.13,25.13,24.69,25.44,360,-0.0269230769231,0
25.13,25.13,24.63,25.44,360,-0.0153846153846,0
25.13,25.13,24.69,25.44,360,-0.00384615384615,0
25.19,25.13,24.69,25.44,360,0.00769230769231,0
25.13,25.13,24.63,25.38,360,0.0192307692308,0
25.13,25.13,24.69,25.38,355,-0.0153846153846,0
25.19,25.13,24.69,25.38,355,-0.0461538461538,0
25.13,25.19,24.69,25.44,360,-0.0269230769231,0
25.13,25.13,24.69,25.44,360,-0.00769230769231,0
25.13,25.13,24.69,25.44,360,0.0115384615385,0
25.13,25.13,24.69,25.5,360,0.0307692307692,0
25.13,25.13,24.69,25.44,360,-2.46336371845e-17,0
25.13,25.13,24.56,25.31,355,-0.0807692307692,0
25.0,25.0,24.5,25.31,355,-0.111538461538,0
25.0,25.06,24.56,25.31,355,-0.138461538462,0
25.0,25.0,24.56,25.38,355,-0.161538461538,0
25.0,25.0,24.56,25.31,355,-0.180769230769,0
25.06,25.0,24.5,25.31,355,-0.196153846154,0
25.0,25.0,24.56,25.31,355,-0.207692307692,0
25.0,25.0,24.56,25.31,355,-0.215384615385,0
25.0,25.0,24.56,25.31,355,-0.219230769231,0
25.06,25.0,24.56,25.31,355,-0.219230769231,0
25.0,25.0,24.56,25.31,355,-0.215384615385,0
25.06,25.0,24.56,25.31,355,-0.257692307692,0
25.0,25.0,24.56,25.31,355,-0.25,0
25.06,25.0,24.56,25.31,355,-0.238461538462,0
25.0,25.0,24.56,25.25,355,-0.223076923077,0
25.0,25.0,24.56,25.31,355,-0.203846153846,0
25.0,25.0,24.56,25.38,355,-0.180769230769,0
25.0,25.0,24.56,25.31,355,-0.153846153846,0
25.0,25.06,24.56,25.31,355,-0.173076923077,0
25.0,25.0,24.56,25.38,355,-0.192307692308,0
25.0,25.06,24.56,25.38,355,-0.161538461538,0
25.0,25.06,24.56,25.38,355,-0.126923076923,0
25.0,25.06,24.56,25.38,355,-0.0884615384615,0
25.06,25.06,24.56,25.44,355,-0.0461538461538,0
25.0,25.06,24.56,25.44,355,0.0,0
25.06,25.06,24.56,25.44,355,0.0,0
25.06,25.06,24.56,25.44,355,0.0,0
25.0,25.0,24.63,25.44,355,0.0,0
25.06,25.0,24.63,25.44,355,0.0,0
25.0,25.06,24.56,25.44,355,0.0,0
25.06,25.0,24.56,25.44,355,0.0,0
25.06,25.06,24.63,25.44,355,0.0,0
25.06,25.06,24.56,25.44,355,0.0,0
25.06,25.0,24.56,25.38,355,0.0,0
25.0,25.06,24.56,25.38,355,0.0,0
25.06,25.06,24.56,25.44,355,0.0,0
25.06,25.06,24.56,25.38,355,0.0,0
25.06,25.06,24.56,25.38,355,0.0,0
25.06,25.06,24.56,25.38,355,0.0,0
25.06,25.06,24.56,25.38,355,0.0,0
25.06,25.06,24.56,25.44,355,0.0,0
25.06,25.06,24.56,25.5,355,0.0,0
25.06,25.06,24.63,25.44,355,0.0,0
25.06,25.06,24.63,25.5,355,0.0,0
25.06,25.06,24.63,25.44,355,0.0,0
25.06,25.06,24.63,25.5,355,0.0,0
25.06,25.06,24.56,25.5,355,0.0,0
25.06,25.06,24.63,25.44,355,0.0,0
25.06,25.06,24.56,25.44,355,0.0,0
25.06,25.06,24.56,25.44,355,0.0,0
25.06,25.06,24.56,25.5,355,0.0,0
25.06,25.06,24.63,25.44,355,0.0,0
25.06,25.06,24.63,25.44,355,0.0,0
25.06,25.06,24.63,25.44,355,0.0,0
25.06,25.06,24.63,25.38,355,0.0,0
25.06,25.06,24.63,25.31,355,0.0,0
25.06,25.06,24.63,25.38,355,0.0,0
25.06,25.06,24.63,25.38,355,0.0,0
25.0,25.06,24.63,25.44,355,0.0,0
25.0,25.06,24.63,25.44,355,0.0,0
25.0,25.06,24.69,25.5,355,0.0,0
25.0,25.06,24.63,25.5,355,0.0,0
25.06,25.06,24.63,25.44,355,0.0,0
25.0,25.06,24.63,25.44,355,0.0,0
25.0,25.06,24.63,25.44,355,0.0,0
25.0,25.06,24.63,25.5,355,0.0,0
25.0,25.06,24.69,25.5,355,0.0,0
25.06,25.06,24.63,25.5,355,0.0,0
25.0,25.06,24.69,25.5,355,0.0,0
25.06,25.06,24.69,25.44,355,0.0,0
25.0,25.06,24.63,25.44,355,0.0,0
25.0,25.06,24.63,25.44,355,0.0,0
25.0,25.06,24.63,25.5,355,0.0,0
25.0,25.06,24.69,25.5,355,0.0,0
25.06,25.0,24.63,25.56,355,0.0,0
25.0,25.06,24.63,25.5,355,0.0,0
25.0,25.06,24.63,25.56,355,0.0,0
25.0,25.06,24.63,25.56,355,0.0,0
25.0,25.06,24.63,25.56,355,0.0,0
25.06,25.06,24.69,25.56,355,0.0,0
25.06,25.06,24.63,25.63,355,0.0,0
25.06,25.06,24.69,25.56,355,0.0,0
25.0,25.06,24.63,25.56,355,0.0,0
25.06,25.06,24.63,25.5,355,0.0,0
25.06,25.06,24.63,25.56,355,0.0,0
25.0,25.06,24.63,25.5,355,0.0,0
25.06,25.06,24.63,25.5,355,0.0,0
25.06,25.06,24.63,25.5,355,0.0,0
25.06,25.06,24.63,25.56,355,0.0,0
25.06,25.06,24.63,25.56,355,0.0,0
25.06,25.06,24.63,25.56,355,0.0,0
25.06,25.06,24.63,25.56,355,0.0,0
25.06,25.06,24.63,25.56,355,0.0,0
25.06,25.06,24.69,25.56,355,0.0,0
25.06,25.06,24.63,25.5,355,0.0,0
25.06,25.06,24.63,25.56,355,0.0,0
25.0,25.06,24.69,25.5,355,0.0,0
25.06,25.06,24.63,25.56,355,0.0,0
25.06,25.06,24.69,25.56,355,0.0,0
25.06,25.06,24.69,25.56,355,0.0,0
25.06,25.06,24.69,25.56,355,0.0,0
25.06,25.06,24.69,25.63,355,0.0,0
25.06,25.06,24.69,25.56,355,0.0,0
25.06,25.06,24.69,25.69,355,0.0,0
25.06,25.06,24.69,25.69,355,0.0,0
25.06,25.06,24.69,25.69,355,0.0,0
25.06,25.06,24.69,25.69,355,0.0,0
25.06,25.06,24.69,25.63,355,0.0,0
25.06,25.06,24.69,25.63,355,0.0,0
25.06,25.06,24.69,25.63,355,0.0,0
25.06,25.06,24.69,25.69,355,0.0,0
25.06,25.06,24.69,25.69,355,0.0,0
25.06,25.06,24.69,25.63,355,0.0,0
25.06,25.06,24.69,25.56,355,0.0,0
25.06,25.06,24.63,25.56,355,0.0,0
25.06,25.13,24.69,25.63,355,0.0,0
25.06,25.13,24.69,25.63,355,0.0,0
25.06,25.06,24.69,25.56,355,0.0,0
25.06,25.06,24.69,25.69,355,0.0,0
25.06,25.13,24.69,25.69,355,0.0,0
25.06,25.06,24.69,25.69,355,0.0,0
25.06,25.06,24.69,25.75,355,0.0,0
25.06,25.06,24.69,25.75,355,0.0,0
25.06,25.06,24.69,25.69,355,0.0,0
25.06,25.13,24.69,25.69,355,0.0,0
25.06,25.06,24.69,25.69,355,0.0,0
25.06,25.06,24.69,25.63,355,0.0,0
25.06,25.13,24.75,25.75,355,0.0,0
25.06,25.13,24.69,25.69,355,0.0,0
25.13,25.06,24.69,25.69,355,0.0,0
25.13,25.13,24.69,25.75,355,0.0,0
25.13,25.13,24.69,25.69,355,0.0,0
25.13,25.13,24.69,25.69,355,0.0,0
25.13,25.13,24.69,25.69,355,0.0,0
25.06,25.13,24.69,25.69,355,0.0,0
25.13,25.13,24.69,25.63,355,0.0,0
25.06,25.13,24.69,25.69,355,0.0,0
25.06,25.06,24.69,25.69,355,0.0,0
25.13,25.06,24.69,25.63,355,0.0,0
25.06,25.13,24.75,25.63,355,0.0,0
25.06,25.13,24.75,25.69,355,0.0,0
25.13,25.13,24.69,25.69,355,0.0,0
25.13,25.06,24.69,25.69,355,0.0,0
25.06,25.13,24.75,25.63,355,0.0,0
25.13,25.13,24.69,25.63,355,0.0,0
25.06,25.13,24.75,25.69,355,0.0,0
25.06,25.13,24.69,25.63,355,0.0,0
25.06,25.13,24.75,25.69,355,0.0,0
25.06,25.13,24.75,25.69,355,0.0,0
25.06,25.13,24.75,25.69,355,0.0,0
25.06,25.13,24.75,25.69,355,0.0,0
25.13,25.13,24.75,25.69,355,0.0,0
25.06,25.13,24.75,25.69,355,0.0,0
25.13,25.13,24.69,25.81,355,0.0,0
25.13,25.13,24.75,25.75,355,0.0,0
25.13,25.13,24.75,25.75,355,0.0,0
25.13,25.13,24.75,25.75,355,0.0,0
25.13,25.13,24.75,25.75,355,0.0,0
25.13,25.13,24.75,25.75,355,0.0,0
25.13,25.13,24.81,25.75,355,0.0,0
25.13,25.13,24.81,25.75,355,0.0,0
25.13,25.13,24.75,25.75,355,0.0,0
25.13,25.13,24.75,25.75,355,0.0,0
25.13,25.13,24.75,25.75,355,0.0,0
25.13,25.13,24.75,25.75,355,0.0,0
25.13,25.13,24.75,25.75,355,0.0,0
25.13,25.13,24.75,25.75,355,0.0,0
25.13,25.13,24.75,25.75,355,0.0,0
25.13,25.13,24.75,25.75,355,0.0,0
25.13,25.13,24.75,25.75,355,0.0,0
25.13,25.13,24.75,25.75,355,0.0,0
25.13,25.13,24.75,25.75,355,0.0,0
25.13,25.13,24.75,25.75,355,0.0,0
25.13,25.13,24.75,25.75,355,0.0,0
25.13,25.13,24.75,25.75,355,0.0,0
25.13,25.13,24.75,25.69,355,0.0,0
25.13,25.13,24.75,25.81,355,0.0,0
25.13,25.13,24.75,25.75,355,0.0,0
25.13,25.13,24.75,25.69,355,0.0,0
25.13,25.13,24.81,25.69,355,0.0,0
25.13,25.13,24.75,25.69,355,0.0,0
25.13,25.13,24.75,25.69,355,0.0,0
25.13,25.13,24.81,25.75,355,0.0,0
25.13,25.13,24.81,25.69,355,0.0,0
25.13,25.13,24.81,25.69,355,0.0,0
25.13,25.13,24.81,25.75,355,0.0,0
25.13,25.13,24.81,25.75,355,0.0,0
25.13,25.13,24.81,25.81,355,0.0,0
25.13,25.13,24.81,25.81,355,0.0,0
25.13,25.13,24.81,25.81,355,0.0,0
25.13,25.13,24.81,25.75,355,0.0,0
25.19,25.13,24.81,25.75,355,0.0,0
25.19,25.13,24.81,25.75,355,0.0,0
25.13,25.13,24.81,25.75,355,0.0,0
25.19,25.13,24.81,25.75,355,0.0,0
25.19,25.13,24.81,25.75,355,0.0,0
25.19,25.13,24.81,25.75,355,0.0,0
25.19,25.13,24.81,25.75,355,0.0,0
25.19,25.13,24.81,25.75,355,0.0,0
25.19,25.13,24.81,25.75,355,0.0,0
25.19,25.13,24.81,25.75,355,0.0,0
25.13,25.13,24.81,25.75,355,0.0,0
25.13,25.13,24.81,25.81,355,0.0,0
25.19,25.13,24.81,25.75,355,0.0,0
25.13,25.13,24.81,25.75,355,0.0,0
25.13,25.13,24.81,25.75,355,0.0,0
25.19,25.13,24.88,25.75,355,0.0,0
25.19,25.13,24.81,25.75,355,0.0,0
25.13,25.13,24.81,25.75,355,0.0,0
25.19,25.13,24.88,25.75,355,0.0,0
25.13,25.13,24.81,25.75,355,0.0,0
25.13,25.13,24.81,25.69,355,0.0,0
25.13,25.13,24.81,25.75,355,0.0,0
25.13,25.13,24.81,25.69,355,0.0,0
25.13,25.19,24.81,25.69,355,0.0,0
25.13,25.13,24.81,25.75,355,0.0,0
25.13,25.19,24.81,25.75,355,0.0,0
25.19,25.13,24.81,25.81,355,0.0,0
25.19,25.13,24.81,25.81,355,0.0,0
25.13,25.19,24.81,25.81,355,0.0,0
25.13,25.13,24.81,25.81,355,0.0,0
25.13,25.13,24.81,25.75,355,0.0,0
25.13,25.13,24.81,25.75,355,0.0,0
25.19,25.13,24.88,25.75,355,0.0,0
25.19,25.13,24.81,25.75,355,0.0,0
25.19,25.19,24.88,25.75,355,0.0,0
25.19,25.13,24.88,25.75,355,0.0,0
25.19,25.19,24.88,25.81,355,0.0,0
25.19,25.19,24.88,25.75,355,0.0,0
25.13,25.19,24.88,25.75,355,0.0,0
25.19,25.13,24.88,25.81,355,0.0,0
25.19,25.19,24.88,25.75,355,0.0,0
25.19,25.19,24.88,25.81,355,0.0,0
25.19,25.13,24.88,25.81,355,0.0,0
25.19,25.19,24.88,25.75,355,0.0,0
25.13,25.19,24.88,25.81,355,0.0,0
25.19,25.19,24.88,25.75,355,0.0,0
25.19,25.19,24.88,25.75,355,0.0,0
25.19,25.19,24.88,25.81,355,0.0,0
25.19,25.19,24.88,25.75,355,0.0,0
25.19,25.19,24.88,25.81,355,0.0,0
25.19,25.19,24.88,25.75,355,0.0,0
25.19,25.19,24.88,25.75,355,0.0,0
25.19,25.19,24.88,25.75,355,0.0,0
25.19,25.19,24.88,25.81,355,0.0,0
25.19,25.19,24.88,25.81,355,0.0,0
25.19,25.19,24.88,25.81,355,0.0,0
25.19,25.19,24.88,25.75,355,0.0,0
25.19,25.19,24.88,25.75,355,0.0,0
25.19,25.19,24.88,25.81,355,0.0,0
25.19,25.19,24.94,25.81,355,0.0,0
25.19,25.19,24.94,25.81,355,0.0,0
25.13,25.19,24.94,25.81,355,0.0,0
25.19,25.19,24.88,25.75,355,0.0,0
25.19,25.19,24.88,25.75,355,0.0,0
25.19,25.19,24.88,25.75,355,0.0,0
25.19,25.19,24.88,25.69,355,0.0,0
25.19,25.19,24.88,25.75,355,0.0,0
25.19,25.19,24.88,25.75,355,0.0,0
25.19,25.19,24.88,25.81,355,0.0,0
25.19,25.19,24.88,25.75,355,0.0,0
25.19,25.19,24.88,25.81,355,0.0,0
25.19,25.19,24.94,25.75,355,0.0,0
25.19,25.19,24.94,25.81,355,0.0,0
25.19,25.19,24.94,25.75,355,0.0,0
25.19,25.19,24.88,25.75,355,0.0,0
25.19,25.19,24.94,25.75,355,0.0,0
25.19,25.19,24.94,25.75,355,0.0,0
25.19,25.19,24.88,25.81,355,0.0,0
25.19,25.19,24.94,25.88,355,0.0,0
25.19,25.19,24.94,25.81,355,0.0,0
25.25,25.19,24.94,25.81,355,0.0,0
25.19,25.19,24.94,25.88,355,0.0,0
25.19,25.19,24.94,25.81,355,0.0,0
25.25,25.19,24.88,25.81,355,0.0,0
25.19,25.19,24.94,25.81,355,0.0,0
25.25,25.19,24.94,25.75,355,0.0,0
25.25,25.19,24.94,25.81,355,0.0,0
25.19,25.19,24.94,25.81,355,0.0,0
25.19,25.19,24.94,25.81,355,0.0,0
25.19,25.19,24.88,25.81,355,0.0,0
25.19,25.19,24.94,25.81,355,0.0,0
25.19,25.19,24.88,25.81,355,0.0,0
25.19,25.19,24.88,25.88,355,0.0,0
25.19,25.19,24.94,25.81,355,0.0,0
25.19,25.19,24.94,25.88,355,0.0,0
25.19,25.19,24.94,25.88,355,0.0,0
25.19,25.19,24.94,25.81,355,0.0,0
25.19,25.19,24.94,25.81,355,0.0,0
25.19,25.19,24.94,25.81,355,0.0,0
25.19,25.19,24.88,25.81,355,0.0,0
25.19,25.19,24.94,25.81,355,0.0,0
25.19,25.19,24.94,25.75,355,0.0,0
25.19,25.25,25.0,25.81,355,0.0,0
25.19,25.19,25.0,25.81,355,0.0,0
25.19,25.19,24.94,25.81,355,0.0,0
25.19,25.19,24.94,25.81,355,0.0,0
25.19,25.19,24.94,25.81,355,0.0,0
25.19,25.19,25.0,25.75,355,0.0,0
25.19,25.19,24.94,25.81,355,0.0,0
25.19,25.19,24.94,25.81,355,0.0,0
25.19,25.19,25.0,25.88,355,0.0,0
25.19,25.19,25.0,25.88,355,0.0,0
25.19,25.19,25.0,25.88,355,0.0,0
25.19,25.19,25.0,25.88,355,0.0,0
25.19,25.19,25.0,25.94,355,0.0,0
25.19,25.19,25.0,25.88,355,0.0,0
25.19,25.19,24.94,25.88,355,0.0,0
25.25,25.19,25.0,25.88,355,0.0,0
25.25,25.19,24.94,25.88,355,0.0,0
25.25,25.19,25.0,25.81,355,0.0,0
25.19,25.19,25.0,25.88,355,0.0,0
25.19,25.19,24.94,25.88,355,0.0,0
25.25,25.19,25.0,25.88,355,0.0,0
25.19,25.19,25.0,25.88,355,0.0,0
25.19,25.19,25.0,25.81,355,0.0,0
25.19,25.19,25.0,25.81,355,0.0,0
25.19,25.19,25.0,25.88,355,0.0,0
25.25,25.19,25.0,25.81,355,0.0,0
25.25,25.25,25.0,25.81,355,0.0,0
25.19,25.25,25.0,25.81,355,0.0,0
25.25,25.19,25.0,25.81,355,0.0,0
25.25,25.19,25.0,25.88,355,0.0,0
25.25,25.19,25.0,25.88,355,0.0,0
25.25,25.19,25.0,25.88,355,0.0,0
25.19,25.19,25.0,25.88,355,0.0,0
25.25,25.25,24.94,25.88,355,0.0,0
25.25,25.25,25.0,25.81,355,0.0,0
25.25,25.25,25.0,25.81,355,0.0,0
25.25,25.25,25.0,25.88,355,0.0,0
25.25,25.25,25.0,25.88,355,0.0,0
25.19,25.19,25.0,25.81,355,0.0,0
25.19,25.25,25.0,25.81,355,0.0,0
25.25,25.25,25.0,25.81,355,0.0,0
25.25,25.25,25.0,25.81,355,0.0,0
25.19,25.19,25.0,25.81,355,0.0,0
25.25,25.19,25.0,25.81,355,0.0,0
25.19,25.19,25.0,25.81,355,0.0,0
25.25,25.25,25.0,25.81,355,0.0,0
25.25,25.19,25.0,25.81,355,0.0,0
25.25,25.25,25.0,25.81,355,0.0,0
25.25,25.25,25.0,25.81,355,0.0,0
25.25,25.25,25.0,25.81,355,0.0,0
25.25,25.25,25.0,25.75,355,0.0,0
25.25,25.25,25.0,25.81,355,0.0,0
25.25,25.25,25.0,25.75,355,0.0,0
25.25,25.25,25.0,25.81,355,0.0,0
25.25,25.25,25.0,25.81,355,0.0,0
25.25,25.25,25.0,25.88,355,0.0,0
25.25,25.25,25.0,25.88,355,0.0,0
25.25,25.25,25.06,25.81,355,0.0,0
25.25,25.25,25.0,25.88,355,0.0,0
25.25,25.25,25.0,25.88,355,0.0,0
25.25,25.25,25.06,25.81,355,0.0,0
25.25,25.25,25.0,25.81,355,0.0,0
25.25,25.25,25.06,25.88,355,0.0,0
25.25,25.25,25.06,25.88,355,0.0,0
25.25,25.25,25.06,25.81,355,0.0,0
25.25,25.25,25.06,25.88,355,0.0,0
25.25,25.25,25.06,25.88,355,0.0,0
25.25,25.25,25.06,25.88,355,0.0,0
25.25,25.25,25.06,25.88,355,0.0,0
25.25,25.25,25.06,25.81,355,0.0,0
25.25,25.25,25.06,25.81,355,0.0,0
25.19,25.25,25.06,25.88,355,0.0,0
25.19,25.25,25.06,25.88,355,0.0,0
25.19,25.25,25.06,25.88,355,0.0,0
25.25,25.25,25.06,25.88,355,0.0,0
25.19,25.25,25.06,25.81,355,0.0,0
25.25,25.25,25.06,25.81,355,0.0,0
25.25,25.25,25.06,25.81,355,0.0,0
25.19,25.25,25.06,25.88,355,0.0,0
25.25,25.25,25.06,25.88,355,0.0,0
25.19,25.25,25.06,26.0,355,0.0,0
25.19,25.25,25.06,25.88,355,0.0,0
25.25,25.25,25.06,25.88,355,0.0,0
25.25,25.25,25.06,25.88,355,0.0,0
25.25,25.25,25.06,25.88,355,0.0,0
25.25,25.25,25.06,25.88,355,0.0,0
25.25,25.25,25.13,25.88,355,0.0,0
25.25,25.25,25.13,25.88,355,0.0,0
25.25,25.25,25.06,25.88,355,0.0,0
25.25,25.25,25.13,25.88,355,0.0,0
25.25,25.25,25.06,25.88,355,0.0,0
25.25,25.25,25.13,25.88,355,0.0,0
25.25,25.25,25.06,25.88,355,0.0,0
25.25,25.25,25.13,25.88,355,0.0,0
25.25,25.25,25.13,25.94,355,0.0,0
25.25,25.25,25.13,25.88,355,0.0,0
25.31,25.25,25.13,25.88,355,0.0,0
25.25,25.25,25.13,25.88,355,0.0,0
25.25,25.25,25.13,25.88,355,0.0,0
25.25,25.31,25.13,25.88,355,0.0,0
25.25,25.25,25.13,25.88,355,0.0,0
25.25,25.31,25.13,25.88,355,0.0,0
25.25,25.25,25.13,25.94,355,0.0,0
25.25,25.25,25.13,25.88,355,0.0,0
25.25,25.31,25.13,25.94,355,0.0,0
25.25,25.25,25.13,25.88,355,0.0,0
25.25,25.25,25.13,25.88,355,0.0,0
25.25,25.25,25.13,25.88,355,0.0,0
25.25,25.31,25.13,25.88,355,0.0,0
25.25,25.31,25.13,25.88,355,0.0,0
25.25,25.25,25.13,25.88,355,0.0,0
25.25,25.31,25.13,25.88,355,0.0,0
25.25,25.25,25.13,25.88,355,0.0,0
25.31,25.31,25.13,25.88,355,0.0,0
25.25,25.25,25.13,25.88,355,0.0,0
25.25,25.31,25.13,25.88,355,0.0,0
25.31,25.31,25.13,25.88,355,0.0,0
25.31,25.25,25.13,25.88,355,0.0,0
25.25,25.31,25.13,25.94,355,0.0,0
25.25,25.31,25.13,25.88,355,0.0,0
25.31,25.31,25.13,25.88,355,0.0,0
25.25,25.31,25.13,25.88,355,0.0,0
25.31,25.31,25.13,25.88,355,0.0,0
25.31,25.25,25.13,25.94,355,0.0,0
25.31,25.25,25.19,25.94,355,0.0,0
25.25,25.31,25.13,25.88,355,0.0,0
25.25,25.31,25.13,25.88,355,0.0,0
25.25,25.31,25.13,25.88,355,0.0,0
25.25,25.31,25.13,25.88,355,0.0,0
25.25,25.31,25.13,25.88,355,0.0,0
25.25,25.25,25.13,25.88,355,0.0,0
25.25,25.31,25.13,25.88,355,0.0,0
25.31,25.31,25.13,25.88,355,0.0,0
25.25,25.31,25.13,25.88,355,0.0,0
25.31,25.31,25.13,25.88,355,0.0,0
25.31,25.31,25.13,25.88,355,0.0,0
25.31,25.25,25.19,25.88,355,0.0,0
25.31,25.31,25.13,25.88,355,0.0,0
25.31,25.31,25.13,25.88,355,0.0,0
25.31,25.31,25.19,25.94,355,0.0,0
25.25,25.31,25.19,25.88,355,0.0,0
25.25,25.31,25.19,25.94,355,0.0,0
25.25,25.31,25.19,25.94,355,0.0,0
25.25,25.31,25.19,25.88,355,0.0,0
25.31,25.31,25.19,25.94,355,0.0,0
25.31,25.31,25.19,25.94,355,0.0,0
25.31,25.31,25.13,25.94,355,0.0,0
25.31,25.31,25.19,25.94,355,0.0,0
25.31,25.31,25.13,25.94,355,0.0,0
25.31,25.31,25.19,25.94,355,0.0,0
25.25,25.31,25.19,25.94,355,0.0,0
25.31,25.31,25.19,25.94,355,0.0,0
25.25,25.31,25.19,25.94,355,0.0,0
25.31,25.31,25.19,25.94,355,0.0,0
25.31,25.31,25.19,26.0,355,0.0,0
25.31,25.31,25.19,26.0,355,0.0,0
25.31,25.31,25.19,26.0,355,0.0,0
25.31,25.31,25.19,26.0,355,0.0,0
25.31,25.31,25.19,25.94,355,0.0,0
25.31,25.31,25.19,25.94,355,0.0,0
25.31,25.31,25.19,25.94,355,0.0,0
25.31,25.31,25.19,25.94,355,0.0,0
25.31,25.31,25.19,26.0,355,0.0,0
25.31,25.31,25.19,25.94,355,0.0,0
25.31,25.31,25.19,25.94,355,0.0,0
25.31,25.31,25.19,25.94,355,0.0,0
25.31,25.31,25.19,25.94,355,0.0,0
25.31,25.31,25.19,25.94,355,0.0,0
25.31,25.31,25.19,25.94,355,0.0,0
25.31,25.31,25.19,25.94,355,0.0,0
25.31,25.31,25.19,25.94,355,0.0,0
25.31,25.31,25.19,25.94,355,0.0,0
25.31,25.31,25.19,25.94,355,0.0,0
25.31,25.31,25.19,25.94,355,0.0,0
25.31,25.31,25.19,25.94,355,0.0,0
25.31,25.31,25.19,25.94,355,0.0,0
25.31,25.31,25.19,25.94,355,0.0,0
25.31,25.31,25.19,26.0,355,0.0,0
25.31,25.31,25.19,25.94,355,0.0,0
25.31,25.31,25.19,26.0,355,0.0,0
25.31,25.31,25.19,26.0,355,0.0,0
25.31,25.31,25.19,26.0,355,0.0,0
25.31,25.31,25.19,26.06,355,0.0,0
25.31,25.31,25.19,26.0,355,0.0,0
25.31,25.31,25.19,26.0,355,0.0,0
25.31,25.31,25.19,25.94,355,0.0,0
25.31,25.31,25.19,26.0,355,0.0,0
25.31,25.31,25.19,26.0,355,0.0,0
25.31,25.31,25.19,26.0,355,0.0,0
25.31,25.31,25.25,26.06,355,0.0,0
25.31,25.31,25.25,26.0,355,0.0,0
25.31,25.31,25.25,26.0,355,0.0,0
25.31,25.31,25.19,26.0,355,0.0,0
25.31,25.31,25.25,26.06,355,0.0,0
25.31,25.31,25.19,26.06,355,0.0,0
25.31,25.31,25.19,26.0,355,0.0,0
25.31,25.31,25.19,26.0,355,0.0,0
25.31,25.31,25.25,26.0,355,0.0,0
25.31,25.31,25.19,26.0,355,0.0,0
25.31,25.31,25.19,26.0,355,0.0,0
25.31,25.31,25.19,26.0,355,0.0,0
25.31,25.31,25.19,26.0,355,0.0,0
25.31,25.31,25.19,26.0,355,0.0,0
25.31,25.31,25.19,26.0,355,0.0,0
25.31,25.31,25.19,26.0,355,0.0,0
25.31,25.31,25.19,26.0,355,0.0,0
25.31,25.31,25.19,26.0,355,0.0,0
25.31,25.31,25.19,26.0,355,0.0,0
25.31,25.31,25.25,25.94,355,0.0,0
25.31,25.31,25.19,26.0,355,0.0,0
25.31,25.31,25.25,26.0,355,0.0,0
25.31,25.31,25.25,25.94,355,0.0,0
25.31,25.31,25.25,25.94,355,0.0,0
25.31,25.31,25.19,26.0,355,0.0,0
25.31,25.31,25.25,26.0,355,0.0,0
25.31,25.31,25.25,25.94,355,0.0,0
25.31,25.31,25.25,25.94,355,0.0,0
25.31,25.31,25.25,26.0,355,0.0,0
25.31,25.31,25.25,26.0,355,0.0,0
25.31,25.31,25.25,26.0,355,0.0,0
25.38,25.31,25.25,26.0,355,0.0,0
25.31,25.31,25.25,26.0,355,0.0,0
25.31,25.38,25.25,26.0,355,0.0,0
25.31,25.31,25.25,26.0,355,0.0,0
25.38,25.31,25.25,26.0,355,0.0,0
25.38,25.38,25.19,26.0,355,0.0,0
25.38,25.31,25.25,25.94,355,0.0,0
25.31,25.31,25.25,25.94,355,0.0,0
25.31,25.38,25.25,26.0,355,0.0,0
25.31,25.38,25.25,26.0,355,0.0,0
25.38,25.31,25.25,26.0,355,0.0,0
25.31,25.31,25.25,26.0,355,0.0,0
25.31,25.38,25.25,25.94,355,0.0,0
25.38,25.38,25.25,25.94,355,0.0,0
25.31,25.38,25.25,26.0,355,0.0,0
25.38,25.38,25.25,26.0,355,0.0,0
25.38,25.38,25.25,26.0,355,0.0,0
25.31,25.38,25.25,26.0,355,0.0,0
25.31,25.38,25.25,26.0,355,0.0,0
25.31,25.38,25.25,26.0,355,0.0,0
25.31,25.38,25.25,26.0,355,0.0,0
25.31,25.38,25.25,26.0,355,0.0,0
25.38,25.38,25.31,26.06,355,0.0,0
25.31,25.38,25.31,26.0,355,0.0,0
25.38,25.38,25.31,26.06,355,0.0,0
25.38,25.38,25.31,26.0,355,0.0,0
25.31,25.31,25.31,26.06,355,0.0,0
25.38,25.38,25.25,26.0,355,0.0,0
25.38,25.38,25.31,26.0,355,0.0,0
25.38,25.38,25.25,26.06,355,0.0,0
25.38,25.38,25.25,26.06,355,0.0,0
25.31,25.38,25.25,26.0,355,0.0,0
25.31,25.38,25.25,26.06,355,0.0,0
25.31,25.38,25.25,26.06,355,0.0,0
25.31,25.38,25.31,26.06,355,0.0,0
25.31,25.38,25.31,26.0,355,0.0,0
25.38,25.38,25.31,26.0,355,0.0,0
25.31,25.38,25.31,26.06,355,0.0,0
25.38,25.38,25.25,26.06,355,0.0,0
25.38,25.38,25.25,26.06,355,0.0,0
25.38,25.38,25.31,26.0,355,0.0,0
25.38,25.38,25.25,26.06,355,0.0,0
25.31,25.38,25.31,26.06,355,0.0,0
25.31,25.38,25.25,26.0,355,0.0,0
25.38,25.38,25.31,26.0,355,0.0,0
25.38,25.38,25.25,26.06,355,0.0,0
25.38,25.38,25.31,26.06,355,0.0,0
25.38,25.38,25.31,26.13,355,0.0,0
25.38,25.38,25.25,26.06,355,0.0,0
25.38,25.38,25.25,26.06,355,0.0,0
25.38,25.38,25.31,26.06,355,0.0,0
25.38,25.38,25.31,26.06,355,0.0,0
25.38,25.38,25.31,26.06,355,0.0,0
25.38,25.38,25.31,26.0,355,0.0,0
25.38,25.38,25.31,26.0,355,0.0,0
25.38,25.38,25.31,26.06,355,0.0,0
25.38,25.38,25.31,26.06,355,0.0,0
25.31,25.38,25.31,26.06,355,0.0,0
25.38,25.38,25.31,26.06,355,0.0,0
25.38,25.38,25.31,26.06,355,0.0,0
25.38,25.38,25.25,26.06,355,0.0,0
25.31,25.38,25.31,26.06,355,0.0,0
25.38,25.38,25.31,26.0,355,0.0,0
25.31,25.38,25.31,26.06,355,0.0,0
25.38,25.38,25.31,26.0,355,0.0,0
25.38,25.38,25.31,26.0,355,0.0,0
25.38,25.38,25.31,26.06,355,0.0,0
25.38,25.38,25.31,26.06,355,0.0,0
25.38,25.38,25.31,26.06,355,0.0,0
25.38,25.38,25.31,26.06,355,0.0,0
25.31,25.38,25.31,26.06,355,0.0,0
25.38,25.38,25.31,26.06,355,0.0,0
25.38,25.38,25.31,26.06,355,0.0,0
25.38,25.38,25.31,26.06,355,0.0,0
25.38,25.38,25.31,26.06,355,0.0,0
25.38,25.38,25.31,26.06,355,0.0,0
25.38,25.38,25.31,26.06,355,0.0,0
25.38,25.38,25.31,26.13,355,0.0,0
25.38,25.38,25.31,26.06,355,0.0,0
25.38,25.38,25.31,26.06,355,0.0,0
25.38,25.38,25.31,26.06,355,0.0,0
25.38,25.38,25.31,26.06,355,0.0,0
25.38,25.38,25.31,26.06,355,0.0,0
25.38,25.38,25.31,26.06,355,0.0,0
25.38,25.38,25.31,26.06,355,0.0,0
25.38,25.38,25.31,26.13,355,0.0,0
25.38,25.38,25.38,26.13,355,0.0,0
25.38,25.38,25.38,26.06,355,0.0,0
25.38,25.38,25.31,26.13,355,0.0,0
25.38,25.38,25.31,26.06,355,0.0,0
25.38,25.38,25.31,26.13,355,0.0,0
25.38,25.38,25.38,26.06,355,0.0,0
25.38,25.44,25.31,26.13,355,0.0,0
25.38,25.38,25.31,26.06,355,0.0,0
25.38,25.38,25.38,26.13,355,0.0,0
25.38,25.38,25.38,26.13,355,0.0,0
25.38,25.44,25.38,26.19,355,0.0,0
25.38,25.38,25.38,26.19,355,0.0,0
25.44,25.38,25.38,26.13,355,0.0,0
25.38,25.44,25.31,26.13,355,0.0,0
25.38,25.44,25.38,26.13,355,0.0,0
25.38,25.44,25.38,26.19,355,0.0,0
25.38,25.44,25.31,26.13,355,0.0,0
25.38,25.44,25.38,26.13,355,0.0,0
25.38,25.38,25.31,26.13,355,0.0,0
25.38,25.38,25.38,26.13,355,0.0,0
25.38,25.38,25.38,26.06,355,0.0,0
25.38,25.44,25.38,26.13,355,0.0,0
25.38,25.44,25.31,26.13,355,0.0,0
25.38,25.44,25.38,26.13,355,0.0,0
25.38,25.38,25.38,26.13,355,0.0,0
25.38,25.44,25.38,26.06,355,0.0,0
25.38,25.44,25.38,26.13,355,0.0,0
25.38,25.38,25.38,26.13,355,0.0,0
25.38,25.44,25.38,26.19,355,0.0,0
25.38,25.44,25.38,26.19,355,0.0,0
25.44,25.44,25.38,26.19,355,0.0,0
25.38,25.44,25.38,26.13,355,0.0,0
25.38,25.44,25.38,26.13,355,0.0,0
25.38,25.44,25.38,26.13,355,0.0,0
25.38,25.44,25.38,26.06,355,0.0,0
25.38,25.44,25.38,26.13,355,0.0,0
25.38,25.44,25.38,26.13,355,0.0,0
25.38,25.44,25.38,26.13,355,0.0,0
25.38,25.44,25.38,26.13,355,0.0,0
25.44,25.44,25.38,26.13,355,0.0,0
25.38,25.38,25.38,26.13,355,0.0,0
25.44,25.44,25.38,26.13,355,0.0,0
25.38,25.44,25.38,26.13,355,0.0,0
25.38,25.44,25.38,26.13,355,0.0,0
25.38,25.44,25.38,26.13,355,0.0,0
25.44,25.44,25.38,26.19,355,0.0,0
25.38,25.44,25.38,26.19,355,0.0,0
25.38,25.44,25.38,26.13,355,0.0,0
25.44,25.44,25.38,26.06,355,0.0,0
25.44,25.38,25.38,26.13,355,0.0,0
25.44,25.44,25.38,26.13,355,0.0,0
25.44,25.44,25.38,26.13,355,0.0,0
25.44,25.38,25.38,26.13,355,0.0,0
25.44,25.44,25.44,26.13,355,0.0,0
25.38,25.44,25.38,26.13,355,0.0,0
25.38,25.44,25.38,26.13,355,0.0,0
25.38,25.44,25.38,26.13,355,0.0,0
25.44,25.44,25.38,26.13,355,0.0,0
25.44,25.44,25.44,26.13,355,0.0,0
25.44,25.44,25.38,26.19,355,0.0,0
25.44,25.44,25.38,26.19,355,0.0,0
25.44,25.44,25.38,26.19,355,0.0,0
25.44,25.44,25.38,26.19,355,0.0,0
25.38,25.44,25.38,26.13,355,0.0,0
25.38,25.44,25.38,26.19,355,0.0,0
25.38,25.44,25.38,26.19,355,0.0,0
25.38,25.44,25.38,26.19,355,0.0,0
25.38,25.44,25.38,26.13,355,0.0,0
25.38,25.44,25.38,26.19,355,0.0,0
25.38,25.44,25.38,26.13,355,0.0,0
25.38,25.44,25.38,26.13,355,0.0,0
25.38,25.44,25.38,26.19,355,0.0,0
25.44,25.44,25.38,26.13,355,0.0,0
25.38,25.44,25.38,26.13,355,0.0,0
25.44,25.44,25.38,26.19,355,0.0,0
25.38,25.44,25.44,26.13,355,0.0,0
25.44,25.44,25.44,26.19,355,0.0,0
25.38,25.44,25.38,26.19,355,0.0,0
25.44,25.44,25.38,26.19,355,0.0,0
25.44,25.44,25.38,26.19,355,0.0,0
25.38,25.44,25.38,26.19,355,0.0,0
25.44,25.44,25.38,26.19,355,0.0,0
25.44,25.44,25.38,26.13,355,0.0,0
25.44,25.44,25.44,26.13,355,0.0,0
25.44,25.44,25.38,26.06,355,0.0,0
25.44,25.44,25.44,26.13,355,0.0,0
25.44,25.44,25.38,26.13,355,0.0,0
25.38,25.44,25.44,26.19,355,0.0,0
25.38,25.44,25.38,26.13,355,0.0,0
25.38,25.44,25.38,26.19,355,0.0,0
25.38,25.44,25.44,26.13,355,0.0,0
25.38,25.44,25.44,26.19,355,0.0,0
25.38,25.44,25.44,26.13,355,0.0,0
25.44,25.44,25.44,26.13,355,0.0,0
25.44,25.44,25.38,26.13,355,0.0,0
25.44,25.44,25.44,26.13,355,0.0,0
25.44,25.44,25.44,26.13,355,0.0,0
25.44,25.44,25.38,26.13,355,0.0,0
25.44,25.44,25.44,26.13,355,0.0,0
25.44,25.44,25.44,26.13,355,0.0,0
25.44,25.44,25.38,26.19,355,0.0,0
25.44,25.44,25.38,26.19,355,0.0,0
25.44,25.44,25.44,26.19,355,0.0,0
25.44,25.44,25.38,26.13,355,0.0,0
25.44,25.44,25.44,26.13,355,0.0,0
25.44,25.44,25.38,26.19,355,0.0,0
25.44,25.44,25.38,26.19,355,0.0,0
25.44,25.44,25.44,26.13,355,0.0,0
25.44,25.44,25.38,26.13,355,0.0,0
25.44,25.44,25.38,26.13,355,0.0,0
25.44,25.44,25.38,26.19,355,0.0,0
25.44,25.44,25.38,26.13,355,0.0,0
25.44,25.44,25.44,26.13,355,0.0,0
25.44,25.5,25.44,26.13,355,0.0,0
25.44,25.44,25.38,26.19,355,0.0,0
25.44,25.44,25.44,26.19,355,0.0,0
25.44,25.44,25.38,26.19,355,0.0,0
25.44,25.44,25.44,26.13,355,0.0,0
25.44,25.44,25.38,26.19,355,0.0,0
25.44,25.44,25.44,26.19,355,0.0,0
25.44,25.44,25.44,26.13,355,0.0,0
25.44,25.44,25.38,26.13,355,0.0,0
25.44,25.44,25.38,26.13,355,0.0,0
25.38,25.44,25.38,26.13,355,0.0,0
25.44,25.44,25.44,26.13,355,0.0,0
25.44,25.44,25.38,26.13,355,0.0,0
25.44,25.44,25.38,26.13,355,0.0,0
25.44,25.44,25.44,26.13,355,0.0,0
25.44,25.44,25.44,26.13,355,0.0,0
25.44,25.44,25.38,26.13,355,0.0,0
25.44,25.44,25.38,26.13,355,0.0,0
25.44,25.44,25.38,26.13,355,0.0,0
25.38,25.44,25.38,26.13,355,0.0,0
25.38,25.44,25.38,26.13,355,0.0,0
25.44,25.44,25.44,26.19,355,0.0,0
25.44,25.44,25.44,26.13,355,0.0,0
25.44,25.44,25.38,26.13,355,0.0,0
25.44,25.44,25.44,26.13,355,0.0,0
25.44,25.44,25.44,26.13,355,0.0,0
25.44,25.44,25.44,26.13,355,0.0,0
25.44,25.44,25.38,26.13,355,0.0,0
25.44,25.44,25.44,26.13,355,0.0,0
25.44,25.44,25.38,26.13,355,0.0,0
25.44,25.44,25.44,26.13,355,0.0,0
25.44,25.44,25.44,26.13,355,0.0,0
25.44,25.44,25.44,26.19,355,0.0,0
25.44,25.44,25.38,26.13,355,0.0,0
25.44,25.44,25.44,26.13,355,0.0,0
25.38,25.44,25.38,26.13,355,0.0,0
25.44,25.44,25.44,26.13,355,0.0,0
25.38,25.44,25.38,26.13,355,0.0,0
25.44,25.44,25.38,26.19,355,0.0,0
25.44,25.44,25.38,26.13,355,0.0,0
25.44,25.44,25.38,26.13,355,0.0,0
25.44,25.44,25.44,26.13,355,0.0,0
25.44,25.44,25.38,26.13,355,0.0,0
25.44,25.44,25.38,26.13,355,0.0,0
25.38,25.44,25.44,26.06,355,0.0,0
25.44,25.44,25.38,26.19,355,0.0,0
25.44,25.5,25.38,26.13,355,0.0,0
25.44,25.44,25.38,26.13,355,0.0,0
25.44,25.44,25.38,26.19,355,0.0,0
25.44,25.44,25.38,26.13,355,0.0,0
25.44,25.44,25.44,26.13,355,0.0,0
25.44,25.44,25.44,26.13,355,0.0,0
25.44,25.44,25.44,26.13,355,0.0,0
25.44,25.44,25.44,26.13,355,0.0,0
25.44,25.44,25.38,26.13,355,0.0,0
25.44,25.44,25.44,26.13,355,0.0,0
25.44,25.44,25.38,26.13,355,0.0,0
25.44,25.44,25.44,26.13,355,0.0,0
25.44,25.44,25.44,26.19,355,0.0,0
25.44,25.44,25.38,26.19,355,0.0,0
25.44,25.44,25.44,26.19,355,0.0,0
25.44,25.44,25.44,26.19,355,0.0,0
25.44,25.44,25.44,26.13,355,0.0,0
25.44,25.44,25.44,26.13,355,0.0,0
25.44,25.44,25.44,26.13,355,0.0,0
25.44,25.44,25.38,26.13,355,0.0,0
25.44,25.44,25.44,26.13,355,0.0,0
25.44,25.44,25.38,26.19,355,0.0,0
25.44,25.44,25.44,26.13,355,0.0,0
25.44,25.44,25.44,26.19,355,0.0,0
25.44,25.44,25.44,26.25,355,0.0,0
25.44,25.44,25.38,26.19,355,0.0,0
25.44,25.44,25.44,26.19,355,0.0,0
25.44,25.44,25.44,26.19,355,0.0,0
25.44,25.44,25.44,26.19,355,0.0,0
25.44,25.44,25.44,26.19,355,0.0,0
25.44,25.5,25.44,26.19,350,-0.0461538461538,0
25.44,25.44,25.44,26.31,355,-0.0423076923077,0
25.44,25.44,25.38,26.19,355,-0.0384615384615,0
25.44,25.5,25.38,26.19,355,-0.0346153846154,0
25.44,25.44,25.38,26.19,355,-0.0307692307692,0
25.44,25.44,25.44,26.19,350,-0.0730769230769,0
25.44,25.44,25.38,26.13,350,-0.111538461538,0
25.44,25.44,25.44,26.13,350,-0.146153846154,0
25.44,25.44,25.44,26.13,350,-0.176923076923,0
25.44,25.44,25.38,26.13,350,-0.203846153846,0
25.44,25.44,25.38,26.13,350,-0.226923076923,0
25.44,25.44,25.38,26.13,350,-0.246153846154,0
25.44,25.44,25.38,26.19,350,-0.261538461538,0
25.44,25.44,25.38,26.13,350,-0.273076923077,0
25.44,25.44,25.44,26.13,350,-0.280769230769,0
25.44,25.44,25.38,26.13,355,-0.238461538462,0
25.44,25.44,25.38,26.13,355,-0.196153846154,0
25.44,25.44,25.38,26.13,355,-0.153846153846,0
25.44,25.44,25.38,26.13,355,-0.111538461538,0
25.44,25.44,25.38,26.13,355,-0.0692307692308,0
25.44,25.44,25.38,26.13,355,-0.0269230769231,0
25.44,25.44,25.38,26.13,350,-0.0307692307692,0
25.44,25.5,25.44,26.13,350,-0.0307692307692,0
25.44,25.44,25.38,26.13,355,0.0192307692308,0
25.44,25.44,25.44,26.19,355,0.0692307692308,0
25.44,25.44,25.38,26.13,355,0.0692307692308,0
25.44,25.44,25.38,26.13,355,0.115384615385,0
25.44,25.44,25.38,26.13,355,0.161538461538,0
25.44,25.44,25.38,26.13,350,0.161538461538,0
25.44,25.44,25.38,26.13,355,0.211538461538,0
25.44,25.44,25.38,26.19,350,0.165384615385,0
25.44,25.44,25.38,26.13,355,0.165384615385,0
25.44,25.44,25.44,26.06,355,0.161538461538,0
25.44,25.44,25.38,26.13,350,0.107692307692,0
25.44,25.44,25.38,26.13,350,0.0538461538462,0
25.44,25.44,25.38,26.06,350,-1.23168185923e-17,0
25.44,25.44,25.38,26.06,350,-0.0538461538462,0
25.44,25.44,25.38,26.13,350,-0.107692307692,0
25.44,25.44,25.38,26.13,350,-0.161538461538,0
25.44,25.44,25.38,26.13,350,-0.215384615385,0
25.44,25.44,25.38,26.13,350,-0.219230769231,0
25.44,25.44,25.38,26.13,350,-0.219230769231,0
25.44,25.44,25.38,26.13,355,-0.169230769231,0
25.44,25.44,25.38,26.06,350,-0.165384615385,0
25.44,25.44,25.38,26.13,350,-0.157692307692,0
25.44,25.5,25.38,26.13,350,-0.146153846154,0
25.44,25.44,25.38,26.13,350,-0.180769230769,0
25.44,25.44,25.38,26.06,350,-0.215384615385,0
25.44,25.44,25.44,26.06,355,-0.153846153846,0
25.5,25.44,25.38,26.13,355,-0.0923076923077,0
25.44,25.44,25.38,26.06,355,-0.0307692307692,0
25.44,25.44,25.38,26.06,355,0.0307692307692,0
25.44,25.44,25.38,26.13,350,0.0461538461538,0
25.44,25.44,25.38,26.19,350,0.0153846153846,0
25.44,25.44,25.38,26.19,355,0.0807692307692,0
25.44,25.44,25.38,26.13,350,0.05,0
25.44,25.44,25.38,26.13,355,0.115384615385,0
25.44,25.44,25.38,26.19,355,0.180769230769,0
25.44,25.44,25.38,26.13,350,0.15,0
25.44,25.44,25.44,26.13,350,0.119230769231,0
25.44,25.44,25.38,26.13,350,0.0884615384615,0
25.44,25.44,25.38,26.13,350,0.0576923076923,0
25.44,25.44,25.38,26.13,350,0.0269230769231,0
25.44,25.44,25.38,26.13,350,-0.00384615384615,0
25.44,25.44,25.38,26.13,350,-0.0346153846154,0
25.44,25.44,25.38,26.13,355,-0.0192307692308,0
25.44,25.44,25.38,26.13,355,-0.00769230769231,0
25.44,25.5,25.38,26.13,350,0.00384615384615,0
25.44,25.44,25.38,26.13,350,-0.0307692307692,0
25.44,25.44,25.38,26.19,350,-0.0653846153846,0
25.44,25.5,25.38,26.19,350,-0.1,0
25.44,25.44,25.38,26.13,350,-0.134615384615,0
25.44,25.5,25.38,26.13,350,-0.169230769231,0
25.44,25.44,25.38,26.13,350,-0.153846153846,0
25.44,25.44,25.38,26.13,355,-0.0884615384615,0
25.44,25.44,25.38,26.19,355,-0.0230769230769,0
25.44,25.44,25.38,26.25,350,-0.00384615384615,0
25.44,25.44,25.38,26.19,350,-0.0307692307692,0
25.44,25.5,25.38,26.19,350,-0.0576923076923,0
25.44,25.44,25.38,26.19,350,-0.0346153846154,0
25.44,25.44,25.44,26.19,350,-0.0576923076923,0
25.44,25.5,25.38,26.19,350,-0.0307692307692,0
25.44,25.5,25.38,26.13,350,-6.1584092961300004e-18,0
25.44,25.44,25.38,26.13,350,-0.0153846153846,0
25.44,25.5,25.38,26.13,350,-0.0307692307692,0
25.44,25.44,25.38,26.19,350,-0.0461538461538,0
25.44,25.5,25.38,26.13,350,-0.0615384615385,0
25.44,25.44,25.38,26.19,350,-0.0769230769231,0
25.44,25.5,25.38,26.13,350,-0.0923076923077,0
25.44,25.44,25.38,26.19,350,-0.107692307692,0
25.44,25.5,25.31,26.25,350,-0.0730769230769,0
25.44,25.44,25.38,26.13,355,0.0115384615385,0
25.44,25.44,25.38,26.13,350,-6.1584092961300004e-18,0
25.44,25.5,25.38,26.13,350,-0.0115384615385,0
25.44,25.44,25.38,26.13,350,-0.0230769230769,0
25.44,25.44,25.38,26.13,350,-0.0346153846154,0
25.44,25.44,25.38,26.13,350,-0.0461538461538,0
25.44,25.44,25.44,26.19,350,-0.0576923076923,0
25.44,25.44,25.38,26.13,350,-0.0692307692308,0
25.44,25.44,25.38,26.19,350,-0.0307692307692,0
25.44,25.44,25.31,26.19,350,0.0115384615385,0
25.44,25.44,25.38,26.19,350,0.00769230769231,0
25.44,25.44,25.31,26.13,350,0.00384615384615,0
25.44,25.44,25.31,26.13,350,-7.69801162017e-19,0
25.44,25.44,25.31,26.13,350,-0.00384615384615,0
25.44,25.44,25.38,26.19,350,-0.00769230769231,0
25.44,25.44,25.38,26.19,350,-0.0115384615385,0
25.44,25.44,25.38,26.19,350,-0.0153846153846,0
25.44,25.44,25.31,26.19,350,-0.0192307692308,0
25.5,25.44,25.31,26.13,350,-0.0230769230769,0
25.44,25.44,25.31,26.13,350,-0.0269230769231,0
25.44,25.44,25.31,26.13,350,-0.0307692307692,0
25.44,25.44,25.31,26.06,350,-0.0346153846154,0
25.44,25.44,25.31,26.13,350,-0.0384615384615,0
25.44,25.44,25.31,26.25,350,-0.0423076923077,0
25.44,25.44,25.31,26.13,350,-0.0461538461538,0
25.44,25.44,25.31,26.19,350,0.0,0
25.44,25.44,25.31,26.19,350,0.0,0
25.44,25.44,25.31,26.19,350,0.0,0
25.44,25.44,25.31,26.19,350,0.0,0
25.44,25.44,25.31,26.19,350,0.0,0
25.44,25.44,25.31,26.19,350,0.0,0
25.44,25.44,25.31,26.19,350,0.0,0
25.44,25.44,25.31,26.19,350,0.0,0
25.5,25.44,25.31,26.13,350,0.0,0
25.44,25.44,25.31,26.19,350,0.0,0
25.44,25.44,25.31,26.19,350,0.0,0
25.44,25.5,25.31,26.19,350,0.0,0
25.5,25.44,25.31,26.13,350,0.0,0
25.44,25.44,25.31,26.13,350,0.0,0
25.44,25.44,25.31,26.13,350,0.0,0
25.44,25.44,25.31,26.19,350,0.0,0
25.44,25.44,25.25,26.13,350,0.0,0
25.44,25.44,25.31,26.13,350,0.0,0
25.44,25.44,25.25,26.19,350,0.0,0
25.44,25.44,25.31,26.13,350,0.0,0
25.44,25.44,25.31,26.06,350,0.0,0
25.44,25.44,25.31,26.13,350,0.0,0
25.44,25.44,25.31,26.06,350,0.0,0
25.44,25.44,25.31,26.13,350,0.0,0
25.44,25.44,25.25,26.19,350,0.0,0
25.44,25.44,25.25,26.13,350,0.0,0
25.44,25.44,25.25,26.06,350,0.0,0
25.44,25.44,25.31,26.13,350,0.0,0
25.44,25.44,25.25,26.13,350,0.0,0
25.44,25.44,25.25,26.19,350,0.0,0
25.44,25.44,25.31,26.13,350,0.0,0
25.44,25.44,25.25,26.13,350,0.0,0
25.44,25.44,25.25,26.13,350,0.0,0
25.44,25.44,25.25,26.13,350,0.0,0
25.44,25.44,25.25,26.13,350,0.0,0
25.44,25.44,25.31,26.13,350,0.0,0
25.44,25.44,25.25,26.19,350,0.0,0
25.44,25.44,25.25,26.19,350,0.0,0
25.44,25.44,25.25,26.13,350,0.0,0
25.44,25.44,25.25,26.06,350,0.0,0
25.44,25.44,25.31,26.13,350,0.0,0
25.44,25.44,25.31,26.13,350,0.0,0
25.44,25.44,25.31,26.13,350,0.0,0
25.44,25.44,25.25,26.06,350,0.0,0
25.44,25.44,25.25,26.06,350,0.0,0
25.44,25.44,25.25,26.06,350,0.0,0
25.44,25.44,25.25,26.13,350,0.0,0
25.44,25.44,25.31,26.13,350,0.0,0
25.44,25.44,25.25,26.13,350,0.0,0
25.44,25.44,25.25,26.13,350,0.0,0
25.44,25.44,25.25,26.13,350,0.0,0
25.44,25.44,25.25,26.06,350,0.0,0
25.44,25.44,25.25,26.13,350,0.0,0
25.44,25.44,25.25,26.06,350,0.0,0
25.44,25.44,25.25,26.13,350,0.0,0
25.44,25.44,25.25,26.19,350,0.0,0
25.44,25.44,25.25,26.13,350,0.0,0
25.44,25.44,25.25,26.13,350,0.0,0
25.44,25.44,25.25,26.13,350,0.0,0
25.44,25.44,25.25,26.06,350,0.0,0
25.44,25.44,25.25,26.06,350,0.0,0
25.44,25.44,25.25,26.13,350,0.0,0
25.44,25.44,25.25,26.13,350,0.0,0
25.44,25.44,25.19,26.06,350,0.0,0
25.44,25.44,25.25,26.19,350,0.0,0
25.44,25.44,25.25,26.13,350,0.0,0
25.44,25.44,25.25,26.13,350,0.0,0
25.44,25.44,25.25,26.13,350,0.0,0
25.44,25.44,25.25,26.06,350,0.0,0
25.44,25.44,25.25,26.19,355,0.0461538461538,0
25.44,25.44,25.25,26.13,350,0.0423076923077,0
25.44,25.44,25.25,26.13,350,0.0384615384615,0
25.44,25.44,25.25,26.06,350,0.0346153846154,0
25.44,25.44,25.25,26.06,350,0.0307692307692,0
25.44,25.44,25.25,26.06,350,0.0269230769231,0
25.44,25.44,25.25,26.06,350,0.0230769230769,0
25.5,25.44,25.25,26.13,350,0.0192307692308,0
25.44,25.44,25.19,26.06,350,0.0153846153846,0
25.44,25.44,25.25,26.06,350,0.0115384615385,0
25.44,25.44,25.25,26.06,350,0.00769230769231,0
25.44,25.44,25.25,26.06,350,0.00384615384615,0
25.44,25.44,25.25,26.06,350,-7.69801162017e-19,0
25.44,25.44,25.25,26.19,350,-0.00384615384615,0
25.44,25.44,25.25,26.13,350,-0.00769230769231,0
25.44,25.44,25.25,26.13,350,-0.0115384615385,0
25.44,25.44,25.25,26.06,350,-0.0153846153846,0
25.44,25.44,25.25,26.06,350,-0.0192307692308,0
25.44,25.44,25.25,26.06,350,-0.0230769230769,0
25.44,25.44,25.25,26.0,350,-0.0269230769231,0
25.44,25.44,25.25,26.13,350,-0.0307692307692,0
25.44,25.44,25.25,26.06,350,-0.0346153846154,0
25.44,25.44,25.25,26.06,350,-0.0384615384615,0
25.44,25.44,25.25,26.06,350,-0.0423076923077,0
25.44,25.44,25.25,26.13,350,-0.0461538461538,0
25.44,25.44,25.25,26.06,350,0.0,0
25.44,25.44,25.19,26.06,350,0.0,0
25.44,25.44,25.25,26.06,350,0.0,0
25.44,25.44,25.25,26.06,350,0.0,0
25.44,25.44,25.25,26.06,350,0.0,0
25.44,25.44,25.19,26.13,350,0.0,0
25.44,25.44,25.25,26.13,350,0.0,0
25.44,25.44,25.19,26.06,350,0.0,0
25.44,25.44,25.25,26.13,350,0.0,0
25.44,25.44,25.25,26.06,350,0.0,0
25.44,25.44,25.25,26.13,350,0.0,0
25.44,25.44,25.25,26.06,350,0.0,0
25.44,25.44,25.25,26.13,350,0.0,0
25.44,25.44,25.25,26.19,350,0.0,0
25.44,25.44,25.25,26.06,350,0.0,0
25.44,25.44,25.25,26.06,350,0.0,0
25.44,25.44,25.25,26.06,350,0.0,0
25.44,25.44,25.25,26.06,350,0.0,0
25.5,25.44,25.25,26.06,350,0.0,0
25.44,25.44,25.25,26.06,350,0.0,0
25.44,25.44,25.25,26.06,350,0.0,0
25.44,25.44,25.25,26.0,350,0.0,0
25.44,25.44,25.25,26.0,350,0.0,0
25.44,25.44,25.25,26.0,350,0.0,0
25.44,25.44,25.25,26.0,350,0.0,0
25.44,25.44,25.19,26.0,350,0.0,0
25.44,25.44,25.19,26.0,350,0.0,0
25.44,25.44,25.19,26.0,350,0.0,0
25.44,25.44,25.19,26.0,350,0.0,0
25.44,25.44,25.25,26.0,350,0.0,0
25.5,25.44,25.19,26.0,355,0.0461538461538,0
25.44,25.44,25.19,26.0,350,0.0423076923077,0
25.44,25.44,25.25,26.0,350,0.0384615384615,0
25.5,25.44,25.25,26.06,350,0.0346153846154,0
25.44,25.44,25.19,26.0,350,0.0307692307692,0
25.44,25.44,25.19,26.0,350,0.0269230769231,0
25.5,25.44,25.19,26.0,350,0.0230769230769,0
25.44,25.44,25.19,26.0,350,0.0192307692308,0
25.44,25.44,25.19,26.06,350,0.0153846153846,0
25.44,25.44,25.19,26.0,350,0.0115384615385,0
25.44,25.44,25.19,26.0,355,0.0538461538462,0
25.44,25.44,25.25,26.06,350,0.0461538461538,0
25.44,25.44,25.25,26.06,350,0.0384615384615,0
25.44,25.44,25.19,26.06,350,0.0307692307692,0
25.44,25.44,25.19,26.0,355,0.0692307692308,0
25.44,25.44,25.19,26.06,355,0.103846153846,0
25.44,25.44,25.25,26.0,355,0.134615384615,0
25.44,25.44,25.19,26.06,355,0.161538461538,0
25.44,25.44,25.19,26.0,355,0.184615384615,0
25.44,25.44,25.25,26.06,355,0.203846153846,0
25.44,25.44,25.19,26.0,355,0.219230769231,0
25.44,25.44,25.19,26.06,355,0.230769230769,0
25.44,25.44,25.19,26.0,350,0.192307692308,0
25.44,25.44,25.25,26.0,355,0.2,0
25.44,25.44,25.19,26.0,350,0.157692307692,0
25.44,25.44,25.19,26.06,355,0.211538461538,0
25.44,25.44,25.19,26.0,355,0.215384615385,0
25.44,25.44,25.19,26.0,355,0.215384615385,0
25.44,25.44,25.25,26.0,350,0.165384615385,0
25.44,25.44,25.19,26.0,350,0.115384615385,0
25.44,25.44,25.25,26.0,355,0.111538461538,0
25.44,25.44,25.25,26.0,355,0.103846153846,0
25.44,25.44,25.19,26.0,355,0.0923076923077,0
25.44,25.44,25.19,26.0,355,0.0769230769231,0
25.44,25.44,25.19,26.0,355,0.0576923076923,0
25.44,25.44,25.19,26.0,355,0.0846153846154,0
25.44,25.44,25.25,26.0,355,0.0615384615385,0
25.44,25.44,25.19,26.06,355,0.0346153846154,0
25.44,25.44,25.19,26.06,355,0.00384615384615,0
25.44,25.44,25.19,26.0,350,-0.0269230769231,0
25.44,25.44,25.19,26.0,350,-0.0538461538462,0
25.44,25.44,25.19,26.0,355,-0.0307692307692,0
25.44,25.44,25.19,26.13,350,-0.0538461538462,0
25.44,25.44,25.19,26.06,350,-0.0730769230769,0
25.44,25.44,25.19,26.06,350,-0.0884615384615,0
25.44,25.44,25.19,26.0,350,-0.1,0
25.44,25.44,25.19,26.0,355,-0.0615384615385,0
25.44,25.44,25.19,26.0,350,-0.119230769231,0
25.44,25.44,25.19,26.06,350,-0.126923076923,0
25.44,25.44,25.19,26.06,350,-0.180769230769,0
25.44,25.44,25.19,26.06,355,-0.138461538462,0
25.44,25.44,25.19,26.0,350,-0.142307692308,0
25.44,25.44,25.19,26.0,355,-0.0961538461538,0
25.44,25.44,25.25,26.06,355,-0.1,0
25.44,25.44,25.19,26.0,350,-0.153846153846,0
25.44,25.44,25.19,26.06,350,-0.157692307692,0
25.44,25.44,25.19,26.0,355,-0.111538461538,0
25.44,25.44,25.19,26.0,355,-0.0653846153846,0
25.44,25.44,25.19,26.0,355,-0.0192307692308,0
25.44,25.44,25.19,26.0,355,0.0269230769231,0
25.44,25.44,25.19,26.0,355,0.0730769230769,0
25.5,25.44,25.19,26.06,350,0.0730769230769,0
25.44,25.44,25.19,26.06,355,0.123076923077,0
25.44,25.44,25.19,26.06,355,0.173076923077,0
25.44,25.44,25.19,26.06,355,0.173076923077,0
25.44,25.44,25.13,26.06,355,0.169230769231,0
25.44,25.44,25.19,26.06,355,0.211538461538,0
25.44,25.44,25.19,26.0,355,0.203846153846,0
25.44,25.44,25.19,26.13,355,0.192307692308,0
25.44,25.44,25.19,26.06,355,0.176923076923,0
25.44,25.44,25.19,26.06,355,0.157692307692,0
25.44,25.44,25.19,26.0,355,0.184615384615,0
25.44,25.44,25.19,26.0,355,0.161538461538,0
25.44,25.44,25.19,26.13,355,0.134615384615,0
25.44,25.44,25.13,26.06,355,0.103846153846,0
25.44,25.44,25.19,26.06,355,0.119230769231,0
25.44,25.44,25.19,26.0,350,0.0384615384615,0
25.44,25.44,25.13,26.0,355,0.0538461538462,0
25.44,25.44,25.19,26.0,355,0.0692307692308,0
25.44,25.44,25.19,26.0,355,0.0346153846154,0
25.44,25.44,25.19,26.0,355,-0.00384615384615,0
25.44,25.44,25.19,26.0,355,0.00384615384615,0
25.44,25.44,25.19,26.06,355,0.0115384615385,0
25.44,25.44,25.19,26.0,355,0.0192307692308,0
25.44,25.44,25.19,26.0,355,0.0269230769231,0
25.44,25.44,25.19,26.06,355,0.0346153846154,0
25.44,25.44,25.19,26.0,350,-0.0538461538462,0
25.44,25.44,25.19,26.06,350,-0.0923076923077,0
25.44,25.44,25.19,26.06,350,-0.126923076923,0
25.44,25.44,25.19,26.06,355,-0.111538461538,0
25.44,25.44,25.19,26.0,350,-0.142307692308,0
25.44,25.44,25.19,26.0,350,-0.169230769231,0
25.44,25.44,25.19,26.06,350,-0.192307692308,0
25.44,25.44,25.19,26.0,350,-0.211538461538,0
25.44,25.44,25.19,26.0,355,-0.180769230769,0
25.44,25.44,25.19,26.06,355,-0.15,0
25.44,25.44,25.19,26.0,350,-0.165384615385,0
25.44,25.44,25.19,26.0,350,-0.176923076923,0
25.44,25.44,25.13,26.0,350,-0.184615384615,0
25.44,25.44,25.19,26.06,350,-0.188461538462,0
25.44,25.44,25.19,26.0,355,-0.142307692308,0
25.44,25.44,25.19,26.06,355,-0.146153846154,0
25.44,25.44,25.19,26.0,350,-0.15,0
25.44,25.44,25.13,26.0,350,-0.15,0
25.44,25.44,25.19,26.0,350,-0.146153846154,0
25.44,25.44,25.13,26.0,350,-0.138461538462,0
25.44,25.44,25.13,26.06,350,-0.126923076923,0
25.44,25.44,25.13,26.0,350,-0.111538461538,0
25.44,25.44,25.13,26.0,350,-0.0923076923077,0
25.44,25.44,25.13,26.0,350,-0.0692307692308,0
25.44,25.44,25.19,26.0,355,0.00384615384615,0
25.44,25.44,25.13,26.0,355,0.0269230769231,0
25.44,25.44,25.13,26.0,350,-6.1584092961300004e-18,0
25.44,25.44,25.19,26.0,355,0.0192307692308,0
25.44,25.44,25.13,26.0,355,0.0846153846154,0
25.44,25.44,25.19,26.0,355,0.1,0
25.44,25.44,25.19,26.0,355,0.111538461538,0
25.44,25.44,25.13,25.94,355,0.119230769231,0
25.44,25.44,25.13,26.0,350,0.0769230769231,0
25.44,25.44,25.13,26.0,350,0.0846153846154,0
25.44,25.44,25.13,26.06,350,0.0961538461538,0
25.44,25.44,25.13,26.06,350,0.0615384615385,0
25.44,25.44,25.13,26.0,350,0.0269230769231,0
25.44,25.44,25.13,26.0,350,-0.00769230769231,0
25.44,25.44,25.13,26.0,350,-0.0423076923077,0
25.44,25.44,25.19,26.0,350,-0.0269230769231,0
25.44,25.44,25.13,26.06,355,0.0384615384615,0
25.44,25.44,25.13,26.06,350,0.00769230769231,0
25.44,25.44,25.19,26.06,355,0.0230769230769,0
25.44,25.44,25.13,26.0,355,0.0346153846154,0
25.44,25.44,25.13,26.06,355,0.0423076923077,0
25.44,25.44,25.19,26.0,355,0.0461538461538,0
25.44,25.44,25.19,26.06,350,1.23168185923e-17,0
25.44,25.44,25.13,26.06,350,-0.0461538461538,0
25.44,25.44,25.13,26.06,355,-0.0461538461538,0
25.44,25.44,25.13,26.0,350,-0.0461538461538,0
25.44,25.44,25.13,26.06,350,-0.0423076923077,0
25.44,25.44,25.13,26.06,350,-0.0846153846154,0
25.44,25.44,25.13,26.06,350,-0.0769230769231,0
25.44,25.44,25.13,26.0,355,-0.0192307692308,0
25.44,25.44,25.13,26.0,350,-0.00769230769231,0
25.44,25.44,25.13,26.06,355,0.0538461538462,0
25.44,25.44,25.19,26.0,355,0.115384615385,0
25.44,25.44,25.19,26.0,355,0.126923076923,0
25.44,25.44,25.13,26.0,355,0.134615384615,0
25.44,25.44,25.13,26.0,355,0.138461538462,0
25.44,25.44,25.13,26.0,355,0.138461538462,0
25.44,25.44,25.13,26.0,350,0.0884615384615,0
25.44,25.44,25.13,26.0,355,0.0846153846154,0
25.44,25.44,25.13,26.0,355,0.0769230769231,0
25.44,25.44,25.13,26.06,355,0.0653846153846,0
25.44,25.44,25.19,26.0,355,0.1,0
25.44,25.44,25.19,26.06,355,0.0846153846154,0
25.44,25.44,25.13,26.0,350,0.0692307692308,0
25.44,25.44,25.13,26.0,350,0.0576923076923,0
25.44,25.44,25.13,26.0,350,0.05,0
25.44,25.5,25.13,26.0,350,0.0461538461538,0
25.44,25.44,25.13,26.0,350,-0.00384615384615,0
25.44,25.44,25.13,26.0,355,-0.00769230769231,0
25.5,25.44,25.13,26.06,355,0.0346153846154,0
25.44,25.44,25.13,26.06,355,0.0269230769231,0
25.44,25.44,25.13,26.06,350,-0.0307692307692,0
25.44,25.44,25.13,26.0,355,-0.0423076923077,0
25.5,25.44,25.13,26.0,355,-0.0576923076923,0
25.44,25.44,25.13,26.0,355,-0.0269230769231,0
25.44,25.44,25.13,26.0,355,-0.0461538461538,0
25.5,25.44,25.13,26.0,350,-0.0653846153846,0
25.44,25.44,25.13,26.0,350,-0.0807692307692,0
25.44,25.44,25.13,26.0,350,-0.0923076923077,0
25.44,25.44,25.13,26.06,355,-0.0538461538462,0
25.44,25.44,25.13,26.0,350,-0.0615384615385,0
25.44,25.44,25.13,26.0,355,-0.0192307692308,0
25.44,25.44,25.19,26.0,350,-0.0730769230769,0
25.44,25.44,25.13,26.0,355,-0.0307692307692,0
25.44,25.44,25.13,26.0,350,-0.0346153846154,0
25.44,25.44,25.13,26.0,350,-0.0346153846154,0
25.44,25.44,25.13,26.0,350,-0.0307692307692,0
25.44,25.44,25.19,26.0,350,-0.0230769230769,0
25.44,25.44,25.19,26.0,350,-0.0615384615385,0
25.44,25.44,25.13,26.06,355,-0.0538461538462,0
25.44,25.44,25.19,26.06,350,-0.0961538461538,0
25.44,25.44,25.13,26.06,350,-0.138461538462,0
25.44,25.44,25.13,26.0,350,-0.180769230769,0
25.44,25.44,25.13,26.0,350,-0.173076923077,0
25.44,25.44,25.19,26.0,350,-0.161538461538,0
25.44,25.44,25.13,25.94,350,-0.146153846154,0
25.44,25.44,25.13,25.94,350,-0.176923076923,0
25.44,25.44,25.13,25.94,350,-0.157692307692,0
25.44,25.44,25.13,25.94,355,-0.0884615384615,0
25.44,25.5,25.13,25.94,355,-0.0192307692308,0
25.44,25.44,25.13,25.94,355,0.05,0
25.44,25.5,25.13,26.0,355,0.0692307692308,0
25.44,25.44,25.13,26.0,350,0.0384615384615,0
25.44,25.5,25.13,26.06,355,0.0538461538462,0
25.5,25.5,25.13,26.0,355,0.115384615385,0
25.44,25.5,25.13,26.0,355,0.126923076923,0
25.5,25.44,25.13,26.06,350,0.138461538462,0
25.44,25.5,25.13,26.0,355,0.15,0
25.44,25.44,25.13,26.0,350,0.161538461538,0
25.44,25.44,25.13,26.0,350,0.126923076923,0
25.44,25.44,25.13,26.0,350,0.0923076923077,0
25.44,25.44,25.13,26.0,350,0.0576923076923,0
25.44,25.44,25.13,26.0,350,0.0230769230769,0
25.44,25.44,25.13,26.0,355,0.0346153846154,0
25.44,25.44,25.13,26.06,355,0.0923076923077,0
25.44,25.44,25.13,26.06,355,0.1,0
25.44,25.44,25.13,26.0,355,0.103846153846,0
25.44,25.44,25.13,26.0,355,0.103846153846,0
25.44,25.44,25.13,26.0,355,0.1,0
25.44,25.44,25.19,25.94,355,0.0923076923077,0
25.44,25.44,25.13,25.94,350,0.0346153846154,0
25.44,25.44,25.13,25.94,350,-0.0230769230769,0
25.44,25.44,25.13,25.94,350,-0.0807692307692,0
25.44,25.44,25.13,25.94,350,-0.0884615384615,0
25.44,25.44,25.13,25.94,350,-0.0923076923077,0
25.44,25.44,25.13,26.0,350,-0.0923076923077,0
25.44,25.44,25.13,25.94,355,-0.0423076923077,0
25.44,25.44,25.13,26.06,355,-0.0423076923077,0
25.44,25.44,25.13,26.06,350,-0.0423076923077,0
25.44,25.44,25.13,26.0,350,-0.0384615384615,0
25.44,25.44,25.13,26.0,350,-0.0307692307692,0
25.5,25.44,25.13,26.0,350,-0.0692307692308,0
25.44,25.44,25.13,26.0,355,-0.0115384615385,0
25.44,25.44,25.13,25.94,350,-0.05,0
25.44,25.44,25.13,25.94,350,-0.0884615384615,0
25.44,25.44,25.13,26.0,350,-0.126923076923,0
25.44,25.5,25.13,26.0,350,-0.165384615385,0
25.44,25.44,25.13,26.0,350,-0.203846153846,0
25.5,25.5,25.13,26.0,350,-0.192307692308,0
25.44,25.44,25.13,26.0,350,-0.176923076923,0
25.44,25.44,25.13,26.0,350,-0.157692307692,0
25.44,25.44,25.13,26.06,350,-0.134615384615,0
25.44,25.44,25.13,26.0,355,-0.0615384615385,0
25.44,25.5,25.13,26.06,355,0.0115384615385,0
25.44,25.44,25.13,26.0,355,0.0846153846154,0
25.44,25.44,25.13,26.0,355,0.107692307692,0
25.44,25.44,25.13,25.94,355,0.126923076923,0
25.44,25.5,25.13,25.94,350,0.0961538461538,0
25.44,25.44,25.06,26.0,350,0.0653846153846,0
25.44,25.44,25.13,26.0,350,0.0346153846154,0
25.44,25.44,25.13,26.0,355,0.05,0
25.44,25.44,25.13,26.0,350,0.0653846153846,0
25.44,25.5,25.06,26.06,350,0.0846153846154,0
25.44,25.5,25.13,26.0,350,0.0576923076923,0
25.44,25.5,25.13,26.0,355,0.0769230769231,0
25.44,25.5,25.06,26.0,355,0.0923076923077,0
25.44,25.5,25.06,26.0,355,0.103846153846,0
25.44,25.5,25.13,26.0,355,0.161538461538,0
25.44,25.44,25.06,26.0,355,0.169230769231,0
25.44,25.44,25.13,26.0,350,0.126923076923,0
25.44,25.5,25.13,26.0,350,0.0846153846154,0
25.44,25.44,25.13,26.06,350,0.0423076923077,0
25.44,25.44,25.06,26.0,350,-1.23168185923e-17,0
25.44,25.44,25.13,26.0,350,-0.0423076923077,0
25.44,25.44,25.06,26.0,350,-0.0846153846154,0
25.44,25.5,25.13,26.06,350,-0.126923076923,0
25.44,25.44,25.06,26.0,350,-0.169230769231,0
25.44,25.44,25.06,26.0,350,-0.161538461538,0
25.44,25.44,25.06,26.0,355,-0.103846153846,0
25.44,25.5,25.06,25.94,355,-0.0461538461538,0
25.44,25.5,25.06,25.94,350,-0.0346153846154,0
25.44,25.44,25.13,25.94,355,0.0269230769231,0
25.44,25.5,25.06,25.94,350,-0.00769230769231,0
25.44,25.44,25.13,25.88,355,0.00384615384615,0
25.44,25.5,25.13,25.94,355,0.0115384615385,0
25.44,25.44,25.06,25.94,355,0.0653846153846,0
25.44,25.5,25.06,25.88,355,0.0692307692308,0
25.44,25.44,25.06,25.88,350,0.0230769230769,0
25.44,25.5,25.06,25.94,350,-0.0230769230769,0
25.44,25.44,25.13,26.0,350,-0.0192307692308,0
25.44,25.44,25.06,26.0,350,-0.0115384615385,0
25.44,25.5,25.06,25.94,350,0.0,0
25.44,25.44,25.13,26.0,350,0.0153846153846,0
25.44,25.44,25.13,26.0,350,0.0346153846154,0
25.44,25.44,25.13,26.0,350,0.00769230769231,0
25.44,25.5,25.06,25.94,350,-0.0192307692308,0
25.44,25.44,25.13,26.0,350,-0.0461538461538,0
25.44,25.44,25.06,26.0,350,-0.0730769230769,0
25.44,25.5,25.06,25.94,355,-0.0538461538462,0
25.44,25.44,25.13,25.94,355,-0.0384615384615,0
25.44,25.44,25.13,25.94,350,-0.0730769230769,0
25.44,25.5,25.13,25.94,350,-0.107692307692,0
25.44,25.44,25.13,25.94,355,-0.0961538461538,0
25.44,25.44,25.13,25.94,355,-0.0384615384615,0
25.44,25.44,25.13,25.94,355,0.0192307692308,0
25.44,25.44,25.06,25.88,355,0.0269230769231,0
25.44,25.44,25.06,25.94,355,0.0807692307692,0
25.44,25.44,25.06,25.94,355,0.0846153846154,0
25.44,25.44,25.13,25.94,355,0.134615384615,0
25.5,25.44,25.13,25.94,350,0.138461538462,0
25.44,25.44,25.13,25.94,350,0.146153846154,0
25.44,25.5,25.06,25.94,355,0.203846153846,0
25.44,25.44,25.13,25.94,355,0.211538461538,0
25.44,25.44,25.13,26.0,355,0.215384615385,0
25.44,25.44,25.13,25.94,355,0.215384615385,0
25.44,25.5,25.13,26.0,355,0.211538461538,0
25.44,25.44,25.13,26.0,355,0.203846153846,0
25.44,25.44,25.06,26.0,355,0.192307692308,0
25.44,25.44,25.06,25.94,355,0.176923076923,0
25.44,25.44,25.06,26.0,355,0.157692307692,0
25.44,25.44,25.06,26.0,355,0.134615384615,0
25.44,25.5,25.06,25.94,355,0.107692307692,0
25.44,25.44,25.13,25.94,355,0.0769230769231,0
25.44,25.5,25.06,25.94,355,0.0923076923077,0
25.44,25.44,25.06,26.0,355,0.107692307692,0
25.44,25.44,25.06,26.0,355,0.0730769230769,0
25.44,25.44,25.06,26.0,355,0.0346153846154,0
25.44,25.5,25.06,25.94,355,0.0423076923077,0
25.44,25.44,25.06,26.06,355,0.05,0
25.38,25.44,25.13,25.94,355,0.0576923076923,0
25.44,25.44,25.06,25.94,355,0.0653846153846,0
25.44,25.44,25.13,25.94,355,0.0730769230769,0
25.44,25.44,25.13,26.0,355,0.0807692307692,0
25.44,25.44,25.06,25.94,350,0.0423076923077,0
25.44,25.44,25.13,25.94,355,0.00384615384615,0
25.44,25.44,25.06,25.94,350,-0.0846153846154,0
25.38,25.44,25.13,26.0,355,-0.0769230769231,0
25.44,25.44,25.06,25.94,355,-0.0692307692308,0
25.44,25.44,25.06,26.0,355,-0.0615384615385,0
25.44,25.44,25.13,26.0,350,-0.1,0
25.44,25.44,25.06,25.94,350,-0.134615384615,0
25.38,25.44,25.06,25.94,350,-0.165384615385,0
25.44,25.44,25.06,26.0,355,-0.146153846154,0
25.38,25.44,25.06,25.94,355,-0.126923076923,0
25.44,25.44,25.06,25.94,355,-0.107692307692,0
25.44,25.44,25.06,25.94,355,-0.0884615384615,0
25.44,25.44,25.06,25.94,355,-0.0692307692308,0
25.44,25.44,25.06,25.94,350,-0.0961538461538,0
25.44,25.44,25.06,25.94,350,-0.119230769231,0
25.44,25.44,25.06,25.94,350,-0.138461538462,0
25.44,25.44,25.06,25.88,355,-0.107692307692,0
25.44,25.44,25.13,25.94,350,-0.123076923077,0
25.38,25.44,25.06,26.0,350,-0.134615384615,0
25.44,25.5,25.06,25.94,350,-0.142307692308,0
25.44,25.44,25.06,25.88,355,-0.1,0
25.44,25.44,25.13,25.94,350,-0.103846153846,0
25.44,25.44,25.06,25.94,355,-0.0576923076923,0
25.44,25.44,25.06,25.94,350,-0.0576923076923,0
25.38,25.44,25.06,26.0,350,-0.103846153846,0
25.38,25.44,25.13,25.94,350,-0.1,0
25.44,25.44,25.06,26.0,355,-0.0961538461538,0
25.38,25.44,25.06,25.94,350,-0.0923076923077,0
25.38,25.44,25.06,26.0,350,-0.0846153846154,0
25.38,25.44,25.06,25.94,350,-0.0730769230769,0
25.44,25.44,25.06,25.94,355,-0.0615384615385,0
25.38,25.44,25.06,25.94,350,-0.1,0
25.38,25.44,25.06,25.94,355,-0.0923076923077,0
25.38,25.44,25.06,25.88,355,-0.0384615384615,0
25.44,25.44,25.06,25.94,355,0.0153846153846,0
25.44,25.44,25.06,25.94,355,0.0692307692308,0
25.44,25.44,25.13,25.88,355,0.123076923077,0
25.44,25.44,25.06,25.88,350,0.130769230769,0
25.44,25.44,25.13,25.94,355,0.138461538462,0
25.38,25.44,25.13,25.88,355,0.142307692308,0
25.44,25.44,25.13,26.0,355,0.142307692308,0
25.44,25.44,25.13,26.0,355,0.188461538462,0
25.44,25.44,25.13,26.0,350,0.138461538462,0
25.44,25.44,25.06,25.94,355,0.134615384615,0
25.44,25.44,25.06,26.0,355,0.126923076923,0
25.38,25.44,25.06,25.94,355,0.165384615385,0
25.38,25.44,25.06,25.94,355,0.153846153846,0
25.38,25.44,25.06,25.94,355,0.188461538462,0
25.38,25.44,25.06,25.94,355,0.173076923077,0
25.38,25.44,25.06,25.88,355,0.153846153846,0
25.38,25.44,25.06,25.88,355,0.130769230769,0
25.44,25.44,25.06,25.88,350,0.107692307692,0
25.44,25.44,25.06,25.81,355,0.0846153846154,0
25.44,25.44,25.06,25.88,355,0.0576923076923,0
25.38,25.44,25.06,25.88,350,-0.0192307692308,0
25.38,25.44,25.06,25.88,355,0.0,0
25.38,25.44,25.06,25.88,355,-0.0307692307692,0
25.38,25.44,25.06,25.88,355,-0.0153846153846,0
25.38,25.44,25.06,25.88,355,3.0792046480700003e-18,0
25.38,25.44,25.06,25.94,355,0.0153846153846,0
25.38,25.44,25.06,25.88,355,0.0307692307692,0
25.38,25.44,25.06,25.81,355,0.0461538461538,0
25.38,25.44,25.06,25.81,355,0.0115384615385,0
25.38,25.44,25.06,25.81,355,0.0230769230769,0
25.38,25.44,25.06,25.88,350,-0.0115384615385,0
25.38,25.44,25.06,25.88,355,0.00384615384615,0
25.38,25.44,25.06,25.88,355,0.0192307692308,0
25.38,25.44,25.06,25.88,355,-0.0153846153846,0
25.38,25.44,25.06,25.88,355,-0.00384615384615,0
25.38,25.44,25.06,25.94,355,0.00769230769231,0
25.38,25.44,25.06,25.94,350,-0.0269230769231,0
25.38,25.44,25.13,25.94,350,-0.0576923076923,0
25.38,25.44,25.06,25.94,355,-0.0384615384615,0
25.38,25.44,25.06,25.88,350,-0.0653846153846,0
25.38,25.44,25.13,25.88,350,-0.0884615384615,0
25.44,25.44,25.06,25.94,350,-0.107692307692,0
25.38,25.44,25.06,25.94,350,-0.173076923077,0
25.38,25.44,25.06,25.88,350,-0.188461538462,0
25.38,25.44,25.06,25.88,355,-0.153846153846,0
25.38,25.44,25.06,25.94,355,-0.169230769231,0
25.38,25.44,25.06,25.88,350,-0.184615384615,0
25.38,25.44,25.06,25.94,350,-0.196153846154,0
25.38,25.44,25.06,25.88,355,-0.157692307692,0
25.38,25.44,25.06,25.88,355,-0.119230769231,0
25.38,25.44,25.06,25.88,355,-0.0807692307692,0
25.38,25.44,25.06,25.88,355,-0.0423076923077,0
25.38,25.44,25.06,25.94,355,-0.00384615384615,0
25.38,25.44,25.06,25.94,355,0.0346153846154,0
25.38,25.44,25.06,25.88,355,0.0730769230769,0
25.38,25.44,25.06,25.94,355,0.0615384615385,0
25.38,25.44,25.06,25.88,355,0.0961538461538,0
25.38,25.44,25.06,25.88,355,0.130769230769,0
25.38,25.44,25.06,25.88,355,0.165384615385,0
25.38,25.44,25.06,25.88,355,0.2,0
25.38,25.44,25.06,25.88,355,0.234615384615,0
25.38,25.44,25.06,25.94,355,0.219230769231,0
25.38,25.44,25.06,25.88,355,0.2,0
25.38,25.44,25.06,25.88,355,0.226923076923,0
25.38,25.44,25.06,25.88,355,0.203846153846,0
25.38,25.44,25.06,25.88,355,0.176923076923,0
25.38,25.44,25.06,25.81,355,0.146153846154,0
25.38,25.44,25.06,25.88,355,0.111538461538,0
25.38,25.44,25.06,25.88,350,0.0269230769231,0
25.38,25.44,25.06,25.88,355,0.0384615384615,0
25.38,25.44,25.06,25.88,355,0.05,0
25.38,25.44,25.06,25.81,355,0.0115384615385,0
25.38,25.44,25.06,25.88,355,-0.0307692307692,0
25.38,25.44,25.06,25.94,355,-0.0269230769231,0
25.38,25.44,25.06,25.94,355,-0.0230769230769,0
25.44,25.44,25.06,25.88,355,-0.0192307692308,0
25.44,25.44,25.06,25.94,355,-0.0153846153846,0
25.44,25.44,25.06,25.88,355,-0.0115384615385,0
25.38,25.44,25.06,25.88,355,-0.00769230769231,0
25.38,25.44,25.06,25.88,355,-0.00384615384615,0
25.38,25.44,25.0,25.88,355,7.69801162017e-19,0
25.38,25.44,25.06,25.88,355,0.00384615384615,0
25.38,25.44,25.06,25.88,355,0.00769230769231,0
25.38,25.44,25.06,25.88,355,0.0115384615385,0
25.38,25.44,25.06,25.81,355,0.0153846153846,0
25.38,25.44,25.06,25.88,355,0.0192307692308,0
25.38,25.44,25.06,25.88,355,0.0230769230769,0
25.38,25.44,25.06,25.88,355,0.0269230769231,0
25.38,25.44,25.06,25.88,350,-0.0153846153846,0
25.38,25.44,25.06,25.88,350,-0.0538461538462,0
25.38,25.44,25.06,25.88,355,-0.0423076923077,0
25.38,25.44,25.06,25.88,355,-0.0307692307692,0
25.38,25.44,25.06,25.88,355,-0.0192307692308,0
25.38,25.44,25.06,25.81,355,-0.0576923076923,0
25.38,25.44,25.06,25.81,355,-0.05,0
25.38,25.44,25.06,25.88,355,-0.0423076923077,0
25.38,25.44,25.06,25.81,355,-0.0346153846154,0
25.38,25.44,25.06,25.88,350,-0.0730769230769,0
25.38,25.44,25.06,25.88,355,-0.0615384615385,0
25.38,25.44,25.06,25.88,355,-0.05,0
25.38,25.44,25.06,25.88,355,-0.0384615384615,0
25.38,25.44,25.06,25.94,355,-0.0269230769231,0
25.38,25.44,25.06,25.94,355,-0.0153846153846,0
25.38,25.44,25.06,25.88,355,-0.00384615384615,0
25.38,25.44,25.06,25.88,355,0.00769230769231,0
25.38,25.44,25.06,25.88,355,0.0192307692308,0
25.38,25.44,25.06,25.94,355,0.0307692307692,0
25.38,25.44,25.06,25.88,355,0.0423076923077,0
25.38,25.44,25.06,25.88,355,0.0538461538462,0
25.38,25.44,25.06,25.88,355,0.0653846153846,0
25.38,25.44,25.06,25.88,355,0.0769230769231,0
25.38,25.44,25.06,25.81,355,0.0884615384615,0
25.38,25.44,25.06,25.88,350,0.0538461538462,0
25.38,25.44,25.06,25.88,355,0.0192307692308,0
25.38,25.44,25.06,25.94,355,-0.0192307692308,0
25.38,25.44,25.06,25.88,355,-0.0115384615385,0
25.38,25.44,25.06,25.88,350,-0.05,0
25.38,25.44,25.06,25.81,350,-0.0846153846154,0
25.38,25.38,25.0,25.88,355,-0.0692307692308,0
25.44,25.44,25.06,25.81,355,-0.0538461538462,0
25.38,25.44,25.06,25.88,355,-0.0384615384615,0
25.38,25.44,25.06,25.88,355,-0.0230769230769,0
25.38,25.44,25.06,25.88,355,-0.0576923076923,0
25.44,25.44,25.06,25.88,355,-0.0461538461538,0
25.38,25.44,25.06,25.88,355,-0.0346153846154,0
25.38,25.44,25.06,25.88,355,-0.0230769230769,0
25.38,25.44,25.06,25.88,355,-0.0115384615385,0
25.38,25.44,25.06,25.81,355,3.0792046480700003e-18,0
25.38,25.44,25.0,25.88,355,0.0115384615385,0
25.38,25.44,25.06,25.81,355,0.0230769230769,0
25.38,25.44,25.06,25.81,355,0.0346153846154,0
25.38,25.44,25.06,25.81,355,0.0461538461538,0
25.38,25.44,25.06,25.81,355,0.0576923076923,0
25.38,25.38,25.06,25.81,355,0.0692307692308,0
25.38,25.44,25.06,25.81,355,0.0807692307692,0
25.38,25.44,25.06,25.88,355,0.0923076923077,0
25.38,25.44,25.06,25.88,355,0.103846153846,0
25.38,25.44,25.06,25.94,355,0.0653846153846,0
25.38,25.44,25.06,25.88,355,0.0730769230769,0
25.38,25.38,25.06,25.88,355,0.0807692307692,0
25.38,25.44,25.0,25.88,355,0.0884615384615,0
25.38,25.38,25.0,25.88,355,0.0461538461538,0
25.38,25.38,25.06,25.81,355,0.0,0
25.38,25.44,25.06,25.88,355,0.0,0
25.44,25.44,25.06,25.88,355,0.0,0
25.38,25.44,25.06,25.88,355,0.0,0
25.38,25.44,25.06,25.88,355,0.0,0
25.38,25.44,25.06,25.88,355,0.0,0
25.38,25.44,25.06,25.88,355,0.0,0
25.38,25.44,25.06,25.88,355,0.0,0
25.44,25.44,25.06,25.88,355,0.0,0
25.38,25.38,25.0,25.88,355,0.0,0
25.38,25.44,25.06,25.94,355,0.0,0
25.38,25.44,25.06,25.88,355,0.0,0
25.44,25.44,25.06,25.88,355,0.0,0
25.44,25.44,25.0,25.88,355,0.0,0
25.44,25.38,25.06,25.88,355,0.0,0
25.44,25.44,25.06,25.88,355,0.0,0
25.44,25.44,25.06,25.94,355,0.0,0
25.44,25.44,25.06,25.94,355,0.0,0
25.38,25.44,25.06,25.94,355,0.0,0
25.44,25.44,25.06,26.0,355,0.0,0
25.44,25.44,25.06,26.0,355,0.0,0
25.44,25.44,25.06,26.0,355,0.0,0
25.44,25.44,25.06,25.94,355,0.0,0
25.44,25.44,25.06,26.06,355,0.0,0
25.44,25.44,25.0,25.94,355,0.0,0
25.44,25.44,25.06,25.94,355,0.0,0
25.44,25.44,25.06,25.94,355,0.0,0
25.44,25.44,25.06,25.94,355,0.0,0
25.44,25.38,25.06,25.94,355,0.0,0
25.38,25.44,25.06,25.94,355,0.0,0
25.38,25.44,25.06,25.88,355,0.0,0
25.44,25.38,25.06,25.94,355,0.0,0
25.44,25.44,25.06,25.88,355,0.0,0
25.44,25.44,25.06,25.94,355,0.0,0
25.44,25.44,25.06,26.0,355,0.0,0
25.44,25.44,25.06,25.94,355,0.0,0
25.44,25.44,25.06,25.94,355,0.0,0
25.44,25.38,25.06,25.94,355,0.0,0
25.44,25.38,25.06,25.88,355,0.0,0
25.38,25.38,25.0,25.94,355,0.0,0
25.44,25.38,25.06,25.94,355,0.0,0
25.44,25.44,25.06,25.94,355,0.0,0
25.38,25.38,25.06,25.94,355,0.0,0
25.44,25.44,25.06,25.94,355,0.0,0
25.38,25.38,25.06,25.88,355,0.0,0
25.38,25.44,25.0,25.88,355,0.0,0
25.44,25.44,25.06,25.88,355,0.0,0
25.38,25.44,25.06,25.88,355,0.0,0
25.44,25.38,25.06,25.88,355,0.0,0
25.44,25.44,25.0,25.94,355,0.0,0
25.38,25.44,25.06,25.94,355,0.0,0
25.38,25.38,25.06,25.88,355,0.0,0
25.38,25.44,25.06,25.88,355,0.0,0
25.44,25.44,25.06,25.88,355,0.0,0
25.44,25.44,25.06,25.94,355,0.0,0
25.38,25.38,25.06,25.88,355,0.0,0
25.38,25.44,25.06,25.88,355,0.0,0
25.38,25.44,25.06,25.94,355,0.0,0
25.38,25.38,25.06,25.88,355,0.0,0
25.38,25.44,25.06,25.88,355,0.0,0
25.38,25.38,25.06,25.88,355,0.0,0
25.38,25.38,25.0,25.88,355,0.0,0
25.44,25.38,25.06,25.88,355,0.0,0
25.38,25.38,25.06,25.88,355,0.0,0
25.44,25.44,25.0,25.88,355,0.0,0
25.38,25.44,25.06,25.88,355,0.0,0
25.44,25.38,25.06,25.88,355,0.0,0
25.44,25.44,25.06,25.88,355,0.0,0
25.44,25.44,25.06,25.94,355,0.0,0
25.44,25.44,25.06,25.94,355,0.0,0
25.44,25.38,25.06,25.94,355,0.0,0
25.38,25.44,25.06,25.94,355,0.0,0
25.38,25.38,25.06,25.88,355,0.0,0
25.44,25.38,25.06,25.94,355,0.0,0
25.38,25.38,25.06,25.88,355,0.0,0
25.44,25.38,25.0,25.88,355,0.0,0
25.38,25.38,25.06,25.94,355,0.0,0
25.44,25.44,25.0,25.88,355,0.0,0
25.38,25.38,25.0,25.94,355,0.0,0
25.44,25.38,25.06,25.88,355,0.0,0
25.38,25.38,25.0,25.94,355,0.0,0
25.38,25.44,25.0,25.94,355,0.0,0
25.38,25.38,25.0,25.94,355,0.0,0
25.44,25.38,25.0,25.94,355,0.0,0
25.38,25.38,25.0,25.88,355,0.0,0
25.38,25.38,25.0,25.88,355,0.0,0
25.38,25.44,25.0,25.88,355,0.0,0
25.38,25.38,25.0,25.88,355,0.0,0
25.44,25.38,25.0,25.88,355,0.0,0
25.44,25.38,25.06,25.94,355,0.0,0
25.44,25.38,25.0,25.94,355,0.0,0
25.38,25.38,25.0,25.88,355,0.0,0
25.38,25.38,25.0,25.88,355,0.0,0
25.44,25.38,25.0,25.88,355,0.0,0
25.44,25.38,25.0,25.88,355,0.0,0
25.38,25.38,25.0,25.88,355,0.0,0
25.44,25.38,25.0,25.88,355,0.0,0
25.44,25.38,25.0,25.94,355,0.0,0
25.38,25.38,25.0,25.88,355,0.0,0
25.38,25.38,25.06,25.88,355,0.0,0
25.44,25.38,25.0,25.88,355,0.0,0
25.38,25.44,25.06,25.88,355,0.0,0
25.38,25.44,25.0,25.94,355,0.0,0
25.38,25.38,25.06,25.88,355,0.0,0
25.38,25.38,25.0,25.94,355,0.0,0
25.38,25.38,25.0,25.88,355,0.0,0
25.38,25.38,25.0,25.88,355,0.0,0
25.44,25.44,25.0,25.94,355,0.0,0
25.38,25.38,25.0,25.88,355,0.0,0
25.38,25.44,25.0,25.88,355,0.0,0
25.38,25.44,25.0,25.88,355,0.0,0
25.38,25.44,25.0,25.81,355,0.0,0
25.44,25.44,25.0,25.81,355,0.0,0
25.38,25.44,25.0,25.88,355,0.0,0
25.38,25.38,25.0,25.88,355,0.0,0
25.44,25.38,25.0,25.88,355,0.0,0
25.44,25.44,25.06,25.88,355,0.0,0
25.44,25.38,25.0,25.88,355,0.0,0
25.38,25.44,25.0,25.81,355,0.0,0
25.38,25.38,25.0,25.88,355,0.0,0
25.44,25.38,25.0,25.88,355,0.0,0
25.38,25.38,25.06,25.81,355,0.0,0
25.44,25.38,25.0,25.88,355,0.0,0
25.38,25.38,25.0,25.88,355,0.0,0
25.38,25.38,25.0,25.88,355,0.0,0
25.38,25.38,25.0,25.88,355,0.0,0
25.38,25.38,25.0,25.81,355,0.0,0
25.38,25.38,25.0,25.81,355,0.0,0
25.38,25.38,25.0,25.81,355,0.0,0
25.38,25.38,25.0,25.81,355,0.0,0
25.38,25.44,25.0,25.81,355,0.0,0
25.38,25.38,25.0,25.81,355,0.0,0
25.38,25.38,25.0,25.81,355,0.0,0
25.38,25.38,25.0,25.81,355,0.0,0
25.38,25.38,25.0,25.81,355,0.0,0
25.38,25.38,25.0,25.81,355,0.0,0
25.38,25.44,25.0,25.81,355,0.0,0
25.38,25.44,25.0,25.81,355,0.0,0
25.38,25.38,25.0,25.88,355,0.0,0
25.38,25.44,25.0,25.88,355,0.0,0
25.44,25.38,25.0,25.88,355,0.0,0
25.38,25.38,25.0,25.88,355,0.0,0
25.44,25.44,25.0,25.81,355,0.0,0
25.38,25.44,25.0,25.88,355,0.0,0
25.38,25.44,25.0,25.88,355,0.0,0
25.38,25.38,25.0,25.88,355,0.0,0
25.38,25.44,25.0,25.88,355,0.0,0
25.38,25.38,25.0,25.88,355,0.0,0
25.38,25.38,25.0,25.88,355,0.0,0
25.38,25.38,25.0,25.81,355,0.0,0
25.38,25.44,25.0,25.88,355,0.0,0
25.38,25.38,25.0,25.88,355,0.0,0
25.44,25.38,25.0,25.88,355,0.0,0
25.38,25.44,25.0,25.88,355,0.0,0
25.38,25.38,25.0,25.88,355,0.0,0
25.38,25.44,25.0,25.88,355,0.0,0
25.38,25.44,25.0,25.88,355,0.0,0
25.38,25.44,25.0,25.88,355,0.0,0
25.38,25.38,25.0,25.88,355,0.0,0
25.38,25.38,25.0,25.88,355,0.0,0
25.38,25.38,24.94,25.81,355,0.0,0
25.38,25.38,25.0,25.81,355,0.0,0
25.38,25.38,25.0,25.88,355,0.0,0
25.38,25.44,25.0,25.88,355,0.0,0
25.38,25.38,25.0,25.88,355,0.0,0
25.44,25.44,25.0,25.81,355,0.0,0
25.38,25.38,24.94,25.88,355,0.0,0
25.38,25.44,25.0,25.81,355,0.0,0
25.38,25.44,25.0,25.81,355,0.0,0
25.38,25.38,25.0,25.81,355,0.0,0
25.38,25.38,25.0,25.81,355,0.0,0
25.38,25.44,25.0,25.81,355,0.0,0
25.38,25.38,25.0,25.81,355,0.0,0
25.38,25.38,25.0,25.81,355,0.0,0
25.38,25.38,25.0,25.81,355,0.0,0
25.38,25.38,24.94,25.88,355,0.0,0
25.38,25.38,25.0,25.81,355,0.0,0
25.38,25.38,25.0,25.81,355,0.0,0
25.38,25.38,25.0,25.88,355,0.0,0
25.38,25.38,25.0,25.88,355,0.0,0
25.38,25.38,25.0,25.88,355,0.0,0
25.38,25.38,25.0,25.81,355,0.0,0
25.44,25.38,25.0,25.88,355,0.0,0
25.38,25.38,25.0,25.94,355,0.0,0
25.38,25.38,25.0,25.88,355,0.0,0
25.38,25.38,24.94,25.81,355,0.0,0
25.38,25.38,25.0,25.81,355,0.0,0
25.38,25.38,25.0,25.81,355,0.0,0
25.38,25.38,25.0,25.81,355,0.0,0
25.38,25.38,25.0,25.81,355,0.0,0
25.38,25.38,25.0,25.81,355,0.0,0
25.38,25.38,25.0,25.81,355,0.0,0
25.38,25.38,25.0,25.81,355,0.0,0
25.38,25.38,25.0,25.88,355,0.0,0
25.38,25.38,25.0,25.88,355,0.0,0
25.38,25.38,25.0,25.88,355,0.0,0
25.38,25.38,25.0,25.88,355,0.0,0
25.38,25.38,24.94,25.81,355,0.0,0
25.38,25.38,25.0,25.88,355,0.0,0
25.38,25.38,25.0,25.81,355,0.0,0
25.38,25.38,25.0,25.81,355,0.0,0
25.38,25.38,25.0,25.88,355,0.0,0
25.38,25.38,25.0,25.88,355,0.0,0
25.38,25.38,25.0,25.88,355,0.0,0
25.38,25.38,25.0,25.88,355,0.0,0
25.38,25.38,25.0,25.81,355,0.0,0
25.38,25.38,25.0,25.81,355,0.0,0
25.38,25.38,25.0,25.81,355,0.0,0
25.38,25.38,25.0,25.81,355,0.0,0
25.38,25.38,25.0,25.81,355,0.0,0
25.38,25.44,25.0,25.81,355,0.0,0
25.38,25.38,25.0,25.88,355,0.0,0
25.38,25.38,25.0,25.81,355,0.0,0
25.38,25.38,25.0,25.81,355,0.0,0
25.38,25.38,25.0,25.88,355,0.0,0
25.38,25.44,25.0,25.88,355,0.0,0
25.38,25.38,25.0,25.81,355,0.0,0
25.44,25.38,24.94,25.88,355,0.0,0
25.38,25.38,25.0,25.81,355,0.0,0
25.38,25.38,24.94,25.81,355,0.0,0
25.38,25.38,24.94,25.81,355,0.0,0
25.38,25.38,25.0,25.81,355,0.0,0
25.38,25.38,25.0,25.81,355,0.0,0
25.38,25.44,25.0,25.81,355,0.0,0
25.38,25.44,25.0,25.81,355,0.0,0
25.38,25.38,25.0,25.81,355,0.0,0
25.38,25.38,25.0,25.81,355,0.0,0
25.38,25.38,25.0,25.88,355,0.0,0
25.38,25.38,24.94,25.88,355,0.0,0
25.38,25.44,24.94,25.88,355,0.0,0
25.44,25.38,24.94,25.81,355,0.0,0
25.38,25.38,25.0,25.81,355,0.0,0
25.38,25.38,25.0,25.88,355,0.0,0
25.38,25.38,25.0,25.88,355,0.0,0
25.38,25.38,24.94,25.88,355,0.0,0
25.38,25.38,25.0,25.81,355,0.0,0
25.38,25.38,24.94,25.81,355,0.0,0
25.38,25.38,25.0,25.81,355,0.0,0
25.38,25.38,24.94,25.88,355,0.0,0
25.38,25.38,25.0,25.81,355,0.0,0
25.38,25.38,24.94,25.81,355,0.0,0
25.38,25.38,25.0,25.81,355,0.0,0
25.38,25.44,24.94,25.81,355,0.0,0
25.38,25.38,24.94,25.81,355,0.0,0
25.38,25.38,24.94,25.81,355,0.0,0
25.38,25.38,24.94,25.81,355,0.0,0
25.38,25.38,24.94,25.81,355,0.0,0
25.38,25.38,24.94,25.81,355,0.0,0
25.38,25.38,24.94,25.81,355,0.0,0
25.38,25.38,25.0,25.81,355,0.0,0
25.38,25.38,25.0,25.81,355,0.0,0
25.31,25.38,24.94,25.81,355,0.0,0
25.38,25.38,24.94,25.81,355,0.0,0
25.38,25.38,24.94,25.81,355,0.0,0
25.38,25.38,24.94,25.81,355,0.0,0
25.38,25.38,24.94,25.81,355,0.0,0
25.38,25.38,24.94,25.81,355,0.0,0
25.38,25.38,24.94,25.81,355,0.0,0
25.38,25.38,24.94,25.81,355,0.0,0
25.38,25.38,25.0,25.81,355,0.0,0
25.38,25.38,24.94,25.81,355,0.0,0
25.38,25.38,24.94,25.81,355,0.0,0
25.38,25.38,25.0,25.81,355,0.0,0
25.38,25.38,24.94,25.81,355,0.0,0
25.38,25.38,24.94,25.81,355,0.0,0
25.38,25.38,24.94,25.81,355,0.0,0
25.38,25.38,24.94,25.81,355,0.0,0
25.38,25.38,24.94,25.81,355,0.0,0
25.38,25.38,24.94,25.81,355,0.0,0
25.31,25.38,24.94,25.81,355,0.0,0
25.38,25.38,24.94,25.81,355,0.0,0
25.38,25.38,24.94,25.81,355,0.0,0
25.38,25.38,24.94,25.81,355,0.0,0
25.38,25.38,24.94,25.81,355,0.0,0
25.38,25.38,24.94,25.81,355,0.0,0
25.38,25.38,24.94,25.81,355,0.0,0
25.38,25.38,24.94,25.88,355,0.0,0
25.38,25.38,24.94,25.81,355,0.0,0
25.38,25.38,24.94,25.81,355,0.0,0
25.38,25.38,24.94,25.81,355,0.0,0
25.38,25.38,25.0,25.81,355,0.0,0
25.38,25.38,25.0,25.81,355,0.0,0
25.38,25.38,24.94,25.81,355,0.0,0
25.38,25.38,24.94,25.81,355,0.0,0
25.38,25.38,24.94,25.81,355,0.0,0
25.38,25.38,24.94,25.81,355,0.0,0
25.38,25.38,24.94,25.75,355,0.0,0
25.38,25.38,24.94,25.75,355,0.0,0
25.38,25.38,24.94,25.81,355,0.0,0
25.38,25.38,24.94,25.81,355,0.0,0
25.38,25.38,24.94,25.81,355,0.0,0
25.38,25.38,24.94,25.81,355,0.0,0
25.38,25.38,24.94,25.81,355,0.0,0
25.38,25.38,24.94,25.88,355,0.0,0
25.38,25.38,24.94,25.88,355,0.0,0
25.38,25.38,24.94,25.81,355,0.0,0
25.38,25.38,24.94,25.81,355,0.0,0
25.38,25.38,24.94,25.88,355,0.0,0
25.38,25.38,24.94,25.88,355,0.0,0
25.38,25.38,24.94,25.81,355,0.0,0
25.38,25.38,24.94,25.88,355,0.0,0
25.38,25.38,24.94,25.81,355,0.0,0
25.38,25.38,24.94,25.81,355,0.0,0
25.38,25.38,24.94,25.81,355,0.0,0
25.38,25.38,24.94,25.81,355,0.0,0
25.38,25.38,24.94,25.81,355,0.0,0
25.38,25.38,24.94,25.81,355,0.0,0
25.38,25.38,24.94,25.81,355,0.0,0
25.38,25.38,24.94,25.81,355,0.0,0
25.38,25.38,24.94,25.81,355,0.0,0
25.38,25.38,24.94,25.75,355,0.0,0
25.38,25.38,24.94,25.75,355,0.0,0
25.38,25.38,24.94,25.81,355,0.0,0
25.38,25.38,24.94,25.81,355,0.0,0
25.38,25.38,24.94,25.81,355,0.0,0
25.38,25.38,24.94,25.81,355,0.0,0
25.38,25.38,24.94,25.81,355,0.0,0
25.38,25.38,24.94,25.81,355,0.0,0
25.38,25.38,24.94,25.81,355,0.0,0
25.38,25.38,24.94,25.81,355,0.0,0
25.31,25.38,24.94,25.81,355,0.0,0
25.38,25.38,24.94,25.81,355,0.0,0
25.38,25.38,24.94,25.81,355,0.0,0
25.38,25.38,24.94,25.81,355,0.0,0
25.38,25.38,24.94,25.81,355,0.0,0
25.38,25.38,24.94,25.81,355,0.0,0
25.38,25.38,24.94,25.81,355,0.0,0
25.38,25.38,24.94,25.75,355,0.0,0
25.38,25.38,24.94,25.81,355,0.0,0
25.38,25.38,24.94,25.81,355,0.0,0
25.38,25.38,24.94,25.81,355,0.0,0
25.38,25.38,24.94,25.75,355,0.0,0
25.38,25.38,24.88,25.81,355,0.0,0
25.38,25.38,24.94,25.81,355,0.0,0
25.38,25.38,24.94,25.81,355,0.0,0
25.38,25.38,24.94,25.88,355,0.0,0
25.38,25.38,24.94,25.81,355,0.0,0
25.38,25.38,24.94,25.81,355,0.0,0
25.38,25.38,24.94,25.81,355,0.0,0
25.38,25.38,24.94,25.81,355,0.0,0
25.38,25.38,24.94,25.88,355,0.0,0
25.38,25.38,24.94,25.88,355,0.0,0
25.38,25.38,24.94,25.81,355,0.0,0
25.38,25.38,24.94,25.81,355,0.0,0
25.38,25.38,24.94,25.88,355,0.0,0
25.38,25.38,24.94,25.81,355,0.0,0
25.38,25.38,24.94,25.81,355,0.0,0
25.38,25.38,24.94,25.81,355,0.0,0
25.38,25.38,24.94,25.75,355,0.0,0
25.38,25.38,24.94,25.81,355,0.0,0
25.38,25.38,24.94,25.81,355,0.0,0
25.38,25.38,24.94,25.88,355,0.0,0
25.38,25.38,24.94,25.88,355,0.0,0
25.38,25.38,24.94,25.81,355,0.0,0
25.38,25.38,24.94,25.81,355,0.0,0
25.38,25.38,24.94,25.81,355,0.0,0
25.38,25.38,24.94,25.81,355,0.0,0
25.38,25.38,24.94,25.81,355,0.0,0
25.38,25.38,24.94,25.81,355,0.0,0
25.38,25.38,24.94,25.88,355,0.0,0
25.38,25.38,24.88,25.81,355,0.0,0
25.38,25.38,24.94,25.75,355,0.0,0
25.38,25.38,24.94,25.75,355,0.0,0
25.38,25.38,24.94,25.75,355,0.0,0
25.38,25.38,24.94,25.81,355,0.0,0
25.38,25.38,24.94,25.81,355,0.0,0
25.38,25.38,24.94,25.88,355,0.0,0
25.38,25.38,24.94,25.81,355,0.0,0
25.38,25.38,24.94,25.81,355,0.0,0
25.38,25.38,24.94,25.81,355,0.0,0
25.38,25.38,24.94,25.81,355,0.0,0
25.38,25.38,24.94,25.81,355,0.0,0
25.38,25.38,24.94,25.75,355,0.0,0
25.38,25.38,24.94,25.75,355,0.0,0
25.38,25.38,24.94,25.81,355,0.0,0
25.38,25.38,24.94,25.75,355,0.0,0
25.38,25.38,24.94,25.75,355,0.0,0
25.38,25.38,24.94,25.75,355,0.0,0
25.38,25.38,24.94,25.81,355,0.0,0
25.31,25.38,24.94,25.75,355,0.0,0
25.38,25.38,24.94,25.75,355,0.0,0
25.31,25.38,24.94,25.81,355,0.0,0
25.38,25.38,24.94,25.75,355,0.0,0
25.38,25.38,24.94,25.75,355,0.0,0
25.38,25.38,24.88,25.75,355,0.0,0
25.31,25.38,24.88,25.75,355,0.0,0
25.38,25.38,24.94,25.81,355,0.0,0
25.31,25.38,24.94,25.81,355,0.0,0
25.38,25.38,24.88,25.75,355,0.0,0
25.31,25.38,24.88,25.75,355,0.0,0
25.38,25.38,24.88,25.75,355,0.0,0
25.31,25.38,24.88,25.75,355,0.0,0
25.31,25.38,24.88,25.75,355,0.0,0
25.31,25.38,24.94,25.75,355,0.0,0
25.31,25.38,24.94,25.75,355,0.0,0
25.38,25.38,24.88,25.75,355,0.0,0
25.38,25.38,24.94,25.81,355,0.0,0
25.38,25.38,24.88,25.75,355,0.0,0
25.38,25.38,24.94,25.81,355,0.0,0
25.31,25.38,24.88,25.81,355,0.0,0
25.31,25.38,24.94,25.81,355,0.0,0
25.31,25.38,24.94,25.81,355,0.0,0
25.31,25.38,24.94,25.81,355,0.0,0
25.38,25.38,24.94,25.81,355,0.0,0
25.38,25.38,24.88,25.81,355,0.0,0
25.38,25.38,24.88,25.75,355,0.0,0
25.38,25.38,24.94,25.75,355,0.0,0
25.38,25.38,24.88,25.75,355,0.0,0
25.31,25.38,24.88,25.81,355,0.0,0
25.31,25.38,24.88,25.81,355,0.0,0
25.38,25.38,24.94,25.81,355,0.0,0
25.31,25.38,24.88,25.75,355,0.0,0
25.31,25.38,24.94,25.75,355,0.0,0
25.31,25.38,24.88,25.75,355,0.0,0
25.31,25.38,24.88,25.75,355,0.0,0
25.31,25.38,24.94,25.75,355,0.0,0
25.31,25.38,24.94,25.81,355,0.0,0
25.31,25.38,24.94,25.81,355,0.0,0
25.38,25.38,24.94,25.75,355,0.0,0
25.31,25.38,24.88,25.75,355,0.0,0
25.31,25.38,24.88,25.75,355,0.0,0
25.31,25.38,24.88,25.75,355,0.0,0
25.31,25.38,24.94,25.81,355,0.0,0
25.31,25.38,24.88,25.81,355,0.0,0
25.31,25.38,24.94,25.81,355,0.0,0
25.31,25.38,24.88,25.75,355,0.0,0
25.31,25.38,24.88,25.75,355,0.0,0
25.31,25.38,24.88,25.81,355,0.0,0
25.38,25.31,24.94,25.81,355,0.0,0
25.31,25.31,24.88,25.75,355,0.0,0
25.38,25.38,24.94,25.81,355,0.0,0
25.31,25.38,24.88,25.75,355,0.0,0
25.31,25.31,24.88,25.81,355,0.0,0
25.31,25.38,24.88,25.81,355,0.0,0
25.31,25.31,24.88,25.75,355,0.0,0
25.31,25.38,24.94,25.75,355,0.0,0
25.31,25.31,24.88,25.81,355,0.0,0
25.38,25.38,24.88,25.75,355,0.0,0
25.31,25.38,24.88,25.81,355,0.0,0
25.38,25.38,24.88,25.75,355,0.0,0
25.38,25.38,24.88,25.75,355,0.0,0
25.31,25.38,24.88,25.81,355,0.0,0
25.38,25.31,24.94,25.81,355,0.0,0
25.38,25.38,24.94,25.75,355,0.0,0
25.31,25.38,24.88,25.75,355,0.0,0
25.31,25.31,24.88,25.75,355,0.0,0
25.31,25.38,24.88,25.81,355,0.0,0
25.31,25.38,24.88,25.75,355,0.0,0
25.31,25.31,24.88,25.75,355,0.0,0
25.31,25.38,24.88,25.81,355,0.0,0
25.31,25.38,24.88,25.81,355,0.0,0
25.31,25.38,24.88,25.75,355,0.0,0
25.31,25.38,24.88,25.69,355,0.0,0
25.31,25.31,24.88,25.75,355,0.0,0
25.31,25.38,24.88,25.75,355,0.0,0
25.38,25.31,24.88,25.81,355,0.0,0
25.38,25.31,24.88,25.75,355,0.0,0
25.31,25.38,24.88,25.75,355,0.0,0
25.31,25.38,24.88,25.75,355,0.0,0
25.31,25.38,24.88,25.75,355,0.0,0
25.31,25.38,24.94,25.75,355,0.0,0
25.31,25.38,24.94,25.69,355,0.0,0
25.31,25.38,24.94,25.75,355,0.0,0
25.38,25.38,24.94,25.75,355,0.0,0
25.31,25.38,24.88,25.75,355,0.0,0
25.31,25.38,24.94,25.69,355,0.0,0
25.38,25.38,24.88,25.75,355,0.0,0
25.31,25.38,24.94,25.69,355,0.0,0
25.31,25.38,24.88,25.75,355,0.0,0
25.31,25.38,24.88,25.75,355,0.0,0
25.31,25.31,24.88,25.75,355,0.0,0
25.31,25.31,24.88,25.75,355,0.0,0
25.31,25.38,24.88,25.75,355,0.0,0
25.31,25.38,24.88,25.75,355,0.0,0
25.38,25.38,24.88,25.75,355,0.0,0
25.31,25.38,24.88,25.75,355,0.0,0
25.31,25.31,24.88,25.75,355,0.0,0
25.31,25.31,24.88,25.75,355,0.0,0
25.31,25.38,24.88,25.75,355,0.0,0
25.31,25.31,24.88,25.69,355,0.0,0
25.31,25.31,24.88,25.75,355,0.0,0
25.31,25.31,24.88,25.75,355,0.0,0
25.31,25.31,24.88,25.69,355,0.0,0
25.31,25.31,24.88,25.75,355,0.0,0
25.31,25.31,24.88,25.75,355,0.0,0
25.31,25.31,24.88,25.75,355,0.0,0
25.38,25.31,24.88,25.75,355,0.0,0
25.31,25.31,24.88,25.75,355,0.0,0
25.31,25.31,24.88,25.75,355,0.0,0
25.31,25.31,24.88,25.75,355,0.0,0
25.31,25.31,24.88,25.81,355,0.0,0
25.31,25.31,24.88,25.75,355,0.0,0
25.31,25.38,24.88,25.75,355,0.0,0
25.31,25.31,24.88,25.75,355,0.0,0
25.31,25.31,24.88,25.75,355,0.0,0
25.31,25.38,24.88,25.81,355,0.0,0
25.31,25.31,24.81,25.75,355,0.0,0
25.31,25.31,24.88,25.75,355,0.0,0
25.31,25.31,24.88,25.75,355,0.0,0
25.31,25.31,24.88,25.81,355,0.0,0
25.31,25.31,24.81,25.75,355,0.0,0
25.38,25.31,24.88,25.75,355,0.0,0
25.31,25.31,24.88,25.75,355,0.0,0
25.31,25.31,24.88,25.75,355,0.0,0
25.31,25.31,24.88,25.75,355,0.0,0
25.31,25.31,24.88,25.75,355,0.0,0
25.31,25.31,24.88,25.75,355,0.0,0
25.31,25.31,24.88,25.69,355,0.0,0
25.31,25.31,24.88,25.75,355,0.0,0
25.31,25.38,24.88,25.75,355,0.0,0
25.31,25.38,24.88,25.75,355,0.0,0
25.31,25.31,24.88,25.69,355,0.0,0
25.31,25.31,24.88,25.69,355,0.0,0
25.31,25.31,24.88,25.69,355,0.0,0
25.31,25.31,24.88,25.69,355,0.0,0
25.31,25.38,24.88,25.75,355,0.0,0
25.31,25.31,24.88,25.69,355,0.0,0
25.31,25.31,24.88,25.75,355,0.0,0
25.31,25.31,24.88,25.69,355,0.0,0
25.31,25.38,24.88,25.69,355,0.0,0
25.31,25.38,24.88,25.69,355,0.0,0
25.31,25.38,24.88,25.69,355,0.0,0
25.31,25.31,24.88,25.69,355,0.0,0
25.31,25.31,24.88,25.69,355,0.0,0
25.31,25.38,24.88,25.69,355,0.0,0
25.31,25.31,24.88,25.69,355,0.0,0
25.31,25.31,24.88,25.69,355,0.0,0
25.31,25.31,24.88,25.69,355,0.0,0
25.31,25.31,24.88,25.69,355,0.0,0
25.31,25.31,24.88,25.69,355,0.0,0
25.31,25.31,24.88,25.69,355,0.0,0
25.31,25.31,24.81,25.69,355,0.0,0
25.31,25.31,24.81,25.75,355,0.0,0
25.31,25.31,24.81,25.75,355,0.0,0
25.31,25.31,24.81,25.75,355,0.0,0
25.31,25.31,24.88,25.75,355,0.0,0
25.31,25.31,24.88,25.75,355,0.0,0
25.31,25.31,24.81,25.69,355,0.0,0
25.31,25.31,24.88,25.69,355,0.0,0
25.31,25.38,24.88,25.69,355,0.0,0
25.31,25.31,24.88,25.69,355,0.0,0
25.31,25.31,24.88,25.69,355,0.0,0
25.31,25.31,24.88,25.75,355,0.0,0
25.31,25.31,24.88,25.69,355,0.0,0
25.31,25.38,24.88,25.69,355,0.0,0
25.31,25.31,24.88,25.75,355,0.0,0
25.31,25.31,24.81,25.69,355,0.0,0
25.31,25.31,24.81,25.69,355,0.0,0
25.31,25.31,24.81,25.69,355,0.0,0
25.31,25.31,24.88,25.75,355,0.0,0
25.31,25.31,24.88,25.69,355,0.0,0
25.31,25.31,24.88,25.69,355,0.0,0
25.31,25.31,24.88,25.69,355,0.0,0
25.31,25.31,24.88,25.75,355,0.0,0
25.31,25.31,24.88,25.75,355,0.0,0
25.31,25.31,24.88,25.69,355,0.0,0
25.31,25.31,24.81,25.75,355,0.0,0
25.31,25.31,24.88,25.75,355,0.0,0
25.31,25.31,24.88,25.75,355,0.0,0
25.31,25.31,24.81,25.69,355,0.0,0
25.31,25.31,24.88,25.75,355,0.0,0
25.31,25.31,24.88,25.69,355,0.0,0
25.31,25.31,24.88,25.75,355,0.0,0
25.31,25.31,24.81,25.69,355,0.0,0
25.31,25.31,24.88,25.69,355,0.0,0
25.31,25.31,24.81,25.69,355,0.0,0
25.31,25.31,24.81,25.75,355,0.0,0
25.31,25.38,24.88,25.69,355,0.0,0
25.31,25.31,24.88,25.69,355,0.0,0
25.31,25.31,24.81,25.69,355,0.0,0
25.31,25.31,24.81,25.63,355,0.0,0
25.31,25.31,24.81,25.69,355,0.0,0
25.31,25.31,24.81,25.69,355,0.0,0
25.31,25.31,24.81,25.69,355,0.0,0
25.31,25.31,24.81,25.69,355,0.0,0
25.31,25.31,24.81,25.69,355,0.0,0
25.31,25.31,24.81,25.69,355,0.0,0
25.31,25.31,24.81,25.69,355,0.0,0
25.31,25.31,24.81,25.69,355,0.0,0
25.31,25.31,24.81,25.69,355,0.0,0
25.31,25.31,24.81,25.69,355,0.0,0
25.31,25.31,24.81,25.69,355,0.0,0
25.31,25.31,24.81,25.69,355,0.0,0
25.31,25.31,24.88,25.63,355,0.0,0
25.31,25.31,24.88,25.69,355,0.0,0
25.31,25.31,24.81,25.75,355,0.0,0
25.31,25.31,24.81,25.69,355,0.0,0
25.31,25.31,24.81,25.69,355,0.0,0
25.31,25.31,24.81,25.69,355,0.0,0
25.31,25.31,24.81,25.63,355,0.0,0
25.31,25.31,24.81,25.69,355,0.0,0
25.31,25.31,24.81,25.69,355,0.0,0
25.31,25.31,24.88,25.69,355,0.0,0
25.31,25.31,24.81,25.69,355,0.0,0
25.31,25.31,24.81,25.69,355,0.0,0
25.31,25.31,24.81,25.69,355,0.0,0
25.31,25.31,24.81,25.69,355,0.0,0
25.31,25.31,24.81,25.69,355,0.0,0
25.31,25.31,24.81,25.69,355,0.0,0
25.31,25.31,24.81,25.69,355,0.0,0
25.31,25.31,24.81,25.75,355,0.0,0
25.31,25.31,24.81,25.69,355,0.0,0
25.31,25.31,24.81,25.69,355,0.0,0
25.31,25.31,24.81,25.69,355,0.0,0
25.31,25.31,24.81,25.69,355,0.0,0
25.25,25.31,24.81,25.63,355,0.0,0
25.31,25.31,24.81,25.63,355,0.0,0
25.31,25.31,24.81,25.69,355,0.0,0
25.31,25.31,24.81,25.69,355,0.0,0
25.31,25.31,24.81,25.63,355,0.0,0
25.25,25.31,24.81,25.69,355,0.0,0
25.31,25.31,24.81,25.69,355,0.0,0
25.31,25.31,24.81,25.69,355,0.0,0
25.31,25.31,24.81,25.69,355,0.0,0
25.31,25.31,24.81,25.69,355,0.0,0
25.31,25.31,24.81,25.69,355,0.0,0
25.31,25.31,24.81,25.69,355,0.0,0
25.31,25.31,24.81,25.69,355,0.0,0
25.31,25.31,24.81,25.69,355,0.0,0
25.31,25.31,24.81,25.69,355,0.0,0
25.31,25.31,24.81,25.69,355,0.0,0
25.31,25.31,24.81,25.69,355,0.0,0
25.31,25.31,24.81,25.69,355,0.0,0
25.31,25.31,24.81,25.69,355,0.0,0
25.31,25.31,24.81,25.69,355,0.0,0
25.31,25.25,24.81,25.69,355,0.0,0
25.31,25.31,24.81,25.69,355,0.0,0
25.31,25.31,24.81,25.75,355,0.0,0
25.31,25.31,24.81,25.69,355,0.0,0
25.31,25.31,24.81,25.69,355,0.0,0
25.31,25.31,24.81,25.75,355,0.0,0
25.31,25.31,24.81,25.75,355,0.0,0
25.31,25.31,24.81,25.69,355,0.0,0
25.31,25.31,24.81,25.69,355,0.0,0
25.31,25.31,24.81,25.69,355,0.0,0
25.31,25.31,24.81,25.69,355,0.0,0
25.31,25.31,24.81,25.69,355,0.0,0
25.31,25.31,24.81,25.69,355,0.0,0
25.31,25.31,24.81,25.69,355,0.0,0
25.31,25.31,24.81,25.69,355,0.0,0
25.25,25.31,24.81,25.63,355,0.0,0
25.31,25.38,24.81,25.63,355,0.0,0
25.31,25.31,24.81,25.69,355,0.0,0
25.31,25.31,24.81,25.69,355,0.0,0
25.31,25.31,24.81,25.69,355,0.0,0
25.31,25.31,24.81,25.63,355,0.0,0
25.31,25.31,24.81,25.69,355,0.0,0
25.25,25.31,24.81,25.63,355,0.0,0
25.25,25.31,24.81,25.69,355,0.0,0
25.25,25.31,24.81,25.69,355,0.0,0
25.25,25.31,24.81,25.75,355,0.0,0
25.31,25.31,24.81,25.69,355,0.0,0
25.31,25.31,24.81,25.69,355,0.0,0
25.25,25.31,24.81,25.69,355,0.0,0
25.31,25.31,24.81,25.69,355,0.0,0
25.25,25.31,24.81,25.69,355,0.0,0
25.31,25.31,24.81,25.63,355,0.0,0
25.25,25.31,24.81,25.69,355,0.0,0
25.25,25.31,24.81,25.63,355,0.0,0
25.31,25.31,24.81,25.69,355,0.0,0
25.25,25.31,24.81,25.63,355,0.0,0
25.31,25.31,24.81,25.69,355,0.0,0
25.31,25.31,24.81,25.63,355,0.0,0
25.31,25.31,24.81,25.63,355,0.0,0
25.31,25.31,24.81,25.63,355,0.0,0
25.31,25.31,24.81,25.69,355,0.0,0
25.31,25.31,24.81,25.69,355,0.0,0
25.31,25.31,24.81,25.69,355,0.0,0
25.31,25.31,24.81,25.69,355,0.0,0
25.25,25.31,24.81,25.69,355,0.0,0
25.31,25.31,24.81,25.69,355,0.0,0
25.31,25.25,24.81,25.63,355,0.0,0
25.31,25.31,24.81,25.63,355,0.0,0
25.31,25.31,24.81,25.63,355,0.0,0
25.31,25.31,24.81,25.69,355,0.0,0
25.31,25.31,24.81,25.69,355,0.0,0
25.31,25.31,24.81,25.69,355,0.0,0
25.31,25.31,24.81,25.69,355,0.0,0
25.25,25.31,24.81,25.69,355,0.0,0
25.31,25.31,24.81,25.69,355,0.0,0
25.31,25.31,24.81,25.69,355,0.0,0
25.31,25.31,24.81,25.69,355,0.0,0
25.25,25.25,24.81,25.69,355,0.0,0
25.25,25.31,24.81,25.63,355,0.0,0
25.25,25.25,24.81,25.69,355,0.0,0
25.25,25.25,24.81,25.69,355,0.0,0
25.25,25.31,24.81,25.69,355,0.0,0
25.25,25.31,24.81,25.69,355,0.0,0
25.31,25.31,24.81,25.69,355,0.0,0
25.25,25.31,24.75,25.63,355,0.0,0
25.31,25.31,24.81,25.69,355,0.0,0
25.25,25.31,24.75,25.69,355,0.0,0
25.25,25.31,24.81,25.69,355,0.0,0
25.25,25.31,24.81,25.69,355,0.0,0
25.25,25.25,24.81,25.69,355,0.0,0
25.25,25.31,24.75,25.69,355,0.0,0
25.31,25.25,24.81,25.63,355,0.0,0
25.25,25.25,24.81,25.69,355,0.0,0
25.31,25.31,24.81,25.69,355,0.0,0
25.31,25.31,24.81,25.69,355,0.0,0
25.25,25.31,24.81,25.69,355,0.0,0
25.31,25.31,24.81,25.75,355,0.0,0
25.31,25.31,24.81,25.69,355,0.0,0
25.25,25.31,24.75,25.69,355,0.0,0
25.25,25.25,24.75,25.69,355,0.0,0
25.25,25.31,24.81,25.75,355,0.0,0
25.25,25.31,24.75,25.69,355,0.0,0
25.25,25.31,24.75,25.69,355,0.0,0
25.25,25.25,24.75,25.69,355,0.0,0
25.25,25.31,24.75,25.69,355,0.0,0
25.31,25.31,24.75,25.63,355,0.0,0
25.31,25.25,24.81,25.69,355,0.0,0
25.25,25.25,24.75,25.63,355,0.0,0
25.25,25.25,24.81,25.63,355,0.0,0
25.25,25.25,24.81,25.63,355,0.0,0
25.25,25.31,24.81,25.63,355,0.0,0
25.31,25.25,24.75,25.63,355,0.0,0
25.25,25.25,24.75,25.63,355,0.0,0
25.25,25.25,24.81,25.69,355,0.0,0
25.25,25.25,24.81,25.63,355,0.0,0
25.31,25.25,24.81,25.69,355,0.0,0
25.31,25.31,24.75,25.69,355,0.0,0
25.31,25.31,24.81,25.69,355,0.0,0
25.25,25.31,24.81,25.63,355,0.0,0
25.31,25.31,24.81,25.63,355,0.0,0
25.25,25.25,24.75,25.63,355,0.0,0
25.25,25.25,24.75,25.63,355,0.0,0
25.25,25.25,24.75,25.63,355,0.0,0
25.31,25.25,24.75,25.69,355,0.0,0
25.25,25.25,24.81,25.69,355,0.0,0
25.25,25.25,24.75,25.63,355,0.0,0
25.25,25.25,24.81,25.69,355,0.0,0
25.25,25.25,24.75,25.69,355,0.0,0
25.25,25.25,24.81,25.63,355,0.0,0
25.25,25.25,24.81,25.63,355,0.0,0
25.25,25.25,24.81,25.63,355,0.0,0
25.25,25.25,24.75,25.63,355,0.0,0
25.25,25.25,24.81,25.63,355,0.0,0
25.25,25.25,24.81,25.69,355,0.0,0
25.25,25.25,24.81,25.63,355,0.0,0
25.25,25.25,24.81,25.63,355,0.0,0
25.25,25.25,24.75,25.63,355,0.0,0
25.25,25.25,24.75,25.63,355,0.0,0
25.25,25.25,24.75,25.63,355,0.0,0
25.25,25.25,24.75,25.63,355,0.0,0
25.25,25.25,24.75,25.63,355,0.0,0
25.25,25.25,24.75,25.63,355,0.0,0
25.25,25.25,24.75,25.63,355,0.0,0
25.25,25.25,24.75,25.63,355,0.0,0
25.25,25.31,24.81,25.63,355,0.0,0
25.25,25.25,24.75,25.63,355,0.0,0
25.25,25.25,24.75,25.56,355,0.0,0
25.25,25.25,24.75,25.63,355,0.0,0
25.25,25.25,24.75,25.63,355,0.0,0
25.25,25.25,24.75,25.63,355,0.0,0
25.25,25.25,24.75,25.63,355,0.0,0
25.25,25.25,24.75,25.63,355,0.0,0
25.25,25.25,24.75,25.63,355,0.0,0
25.25,25.25,24.75,25.63,355,0.0,0
25.25,25.31,24.75,25.56,355,0.0,0
25.25,25.25,24.75,25.63,355,0.0,0
25.25,25.25,24.75,25.63,355,0.0,0
25.25,25.25,24.75,25.63,355,0.0,0
25.25,25.25,24.75,25.56,355,0.0,0
25.25,25.25,24.75,25.56,355,0.0,0
25.25,25.31,24.75,25.56,355,0.0,0
25.25,25.25,24.75,25.63,355,0.0,0
25.25,25.25,24.75,25.56,355,0.0,0
25.25,25.25,24.75,25.63,355,0.0,0
25.25,25.31,24.75,25.63,355,0.0,0
25.25,25.25,24.75,25.63,355,0.0,0
25.25,25.25,24.75,25.63,355,0.0,0
25.25,25.25,24.75,25.56,355,0.0,0
25.25,25.25,24.75,25.63,355,0.0,0
25.25,25.25,24.75,25.56,355,0.0,0
25.25,25.31,24.75,25.56,355,0.0,0
25.25,25.25,24.75,25.56,355,0.0,0
25.25,25.25,24.75,25.63,355,0.0,0
25.25,25.25,24.75,25.63,355,0.0,0
25.25,25.25,24.75,25.63,355,0.0,0
25.25,25.25,24.75,25.63,355,0.0,0
25.25,25.25,24.75,25.63,355,0.0,0
25.25,25.25,24.75,25.56,355,0.0,0
25.19,25.25,24.75,25.63,355,0.0,0
25.25,25.25,24.75,25.56,355,0.0,0
25.25,25.25,24.75,25.56,355,0.0,0
25.25,25.25,24.75,25.56,355,0.0,0
25.25,25.25,24.75,25.56,355,0.0,0
25.25,25.25,24.75,25.56,355,0.0,0
25.25,25.25,24.75,25.63,355,0.0,0
25.25,25.25,24.75,25.63,355,0.0,0
25.25,25.25,24.75,25.63,355,0.0,0
25.25,25.25,24.75,25.56,355,0.0,0
25.25,25.25,24.75,25.56,355,0.0,0
25.25,25.25,24.75,25.56,355,0.0,0
25.25,25.25,24.69,25.56,355,0.0,0
25.25,25.25,24.75,25.56,355,0.0,0
25.25,25.25,24.75,25.56,355,0.0,0
25.25,25.25,24.75,25.56,355,0.0,0
25.25,25.25,24.75,25.56,355,0.0,0
25.25,25.25,24.75,25.56,355,0.0,0
25.25,25.25,24.75,25.56,355,0.0,0
25.25,25.25,24.75,25.63,355,0.0,0
25.25,25.25,24.75,25.56,355,0.0,0
25.25,25.25,24.75,25.56,355,0.0,0
25.25,25.25,24.75,25.56,355,0.0,0
25.25,25.25,24.75,25.56,355,0.0,0
25.25,25.25,24.75,25.56,355,0.0,0
25.25,25.25,24.75,25.56,355,0.0,0
25.25,25.25,24.75,25.56,355,0.0,0
25.25,25.25,24.75,25.56,355,0.0,0
25.25,25.25,24.75,25.56,355,0.0,0
25.25,25.25,24.75,25.56,355,0.0,0
25.25,25.25,24.75,25.56,355,0.0,0
25.25,25.19,24.69,25.56,355,0.0,0
25.25,25.25,24.69,25.56,355,0.0,0
25.25,25.25,24.69,25.56,355,0.0,0
25.25,25.25,24.75,25.5,355,0.0,0
25.25,25.25,24.75,25.5,355,0.0,0
25.25,25.25,24.75,25.56,355,0.0,0
25.25,25.25,24.75,25.56,355,0.0,0
25.25,25.25,24.69,25.56,355,0.0,0
25.25,25.25,24.69,25.56,355,0.0,0
25.25,25.25,24.69,25.56,355,0.0,0
25.25,25.25,24.69,25.56,355,0.0,0
25.25,25.25,24.69,25.56,355,0.0,0
25.25,25.25,24.75,25.56,355,0.0,0
25.25,25.25,24.69,25.56,355,0.0,0
25.25,25.25,24.75,25.56,355,0.0,0
25.25,25.25,24.69,25.63,355,0.0,0
25.25,25.25,24.69,25.56,355,0.0,0
25.25,25.25,24.75,25.56,355,0.0,0
25.25,25.25,24.75,25.56,355,0.0,0
25.25,25.25,24.75,25.56,355,0.0,0
25.25,25.25,24.75,25.56,355,0.0,0
25.19,25.25,24.75,25.56,355,0.0,0
25.25,25.25,24.75,25.56,355,0.0,0
25.19,25.25,24.75,25.56,355,0.0,0
25.19,25.25,24.69,25.56,355,0.0,0
25.25,25.25,24.69,25.56,355,0.0,0
25.25,25.25,24.75,25.56,355,0.0,0
25.19,25.25,24.69,25.5,355,0.0,0
25.19,25.25,24.69,25.5,355,0.0,0
25.25,25.25,24.69,25.5,355,0.0,0
25.25,25.25,24.69,25.56,355,0.0,0
25.19,25.25,24.69,25.56,355,0.0,0
25.19,25.25,24.69,25.56,355,0.0,0
25.19,25.25,24.69,25.56,355,0.0,0
25.19,25.25,24.69,25.56,355,0.0,0
25.19,25.25,24.69,25.56,355,0.0,0
25.25,25.25,24.69,25.5,355,0.0,0
25.19,25.25,24.69,25.56,355,0.0,0
25.25,25.25,24.69,25.56,355,0.0,0
25.25,25.25,24.69,25.56,355,0.0,0
25.19,25.25,24.69,25.56,355,0.0,0
25.19,25.25,24.69,25.56,355,0.0,0
25.19,25.25,24.69,25.5,355,0.0,0
25.19,25.25,24.69,25.56,355,0.0,0
25.19,25.25,24.69,25.56,355,0.0,0
25.19,25.25,24.69,25.56,355,0.0,0
25.19,25.25,24.69,25.5,355,0.0,0
25.25,25.25,24.69,25.5,355,0.0,0
25.19,25.25,24.75,25.56,355,0.0,0
25.19,25.25,24.69,25.5,355,0.0,0
25.19,25.25,24.69,25.5,355,0.0,0
25.19,25.25,24.75,25.5,355,0.0,0
25.19,25.19,24.69,25.5,355,0.0,0
25.19,25.25,24.69,25.5,355,0.0,0
25.19,25.25,24.69,25.5,355,0.0,0
25.19,25.25,24.69,25.5,355,0.0,0
25.19,25.25,24.69,25.56,355,0.0,0
25.25,25.25,24.69,25.5,355,0.0,0
25.19,25.25,24.69,25.56,355,0.0,0
25.19,25.25,24.69,25.63,355,0.0,0
25.19,25.25,24.69,25.56,355,0.0,0
25.19,25.19,24.69,25.56,355,0.0,0
25.19,25.19,24.69,25.56,355,0.0,0
25.19,25.19,24.69,25.56,355,0.0,0
25.19,25.19,24.69,25.5,355,0.0,0
25.19,25.19,24.69,25.5,355,0.0,0
25.19,25.19,24.69,25.5,355,0.0,0
25.19,25.25,24.69,25.44,355,0.0,0
25.19,25.19,24.69,25.5,355,0.0,0
25.19,25.25,24.69,25.5,355,0.0,0
25.19,25.19,24.69,25.56,355,0.0,0
25.19,25.25,24.69,25.5,355,0.0,0
25.19,25.19,24.69,25.5,355,0.0,0
25.19,25.19,24.69,25.5,355,0.0,0
25.19,25.25,24.69,25.5,355,0.0,0
25.19,25.25,24.69,25.5,355,0.0,0
25.19,25.19,24.69,25.5,355,0.0,0
25.19,25.25,24.69,25.5,355,0.0,0
25.19,25.25,24.69,25.5,355,0.0,0
25.19,25.19,24.69,25.44,355,0.0,0
25.19,25.19,24.69,25.5,355,0.0,0
25.19,25.19,24.69,25.5,355,0.0,0
25.19,25.19,24.69,25.5,355,0.0,0
25.19,25.19,24.69,25.56,355,0.0,0
25.19,25.25,24.69,25.5,355,0.0,0
25.19,25.25,24.69,25.5,355,0.0,0
25.19,25.25,24.69,25.44,355,0.0,0
25.19,25.19,24.69,25.5,355,0.0,0
25.19,25.25,24.69,25.5,355,0.0,0
25.19,25.19,24.69,25.5,355,0.0,0
25.19,25.25,24.63,25.5,355,0.0,0
25.19,25.25,24.69,25.5,355,0.0,0
25.19,25.25,24.69,25.5,355,0.0,0
25.19,25.25,24.63,25.5,355,0.0,0
25.19,25.19,24.69,25.44,355,0.0,0
25.19,25.19,24.63,25.5,355,0.0,0
25.19,25.19,24.63,25.5,355,0.0,0
25.19,25.25,24.63,25.5,355,0.0,0
25.19,25.25,24.69,25.5,355,0.0,0
25.19,25.19,24.63,25.38,355,0.0,0
25.19,25.25,24.69,25.44,355,0.0,0
25.19,25.25,24.63,25.44,355,0.0,0
25.19,25.25,24.69,25.44,355,0.0,0
25.19,25.19,24.69,25.44,355,0.0,0
25.19,25.19,24.63,25.44,355,0.0,0
25.19,25.19,24.69,25.44,355,0.0,0
25.19,25.19,24.63,25.44,355,0.0,0
25.19,25.19,24.63,25.44,355,0.0,0
25.19,25.19,24.63,25.44,355,0.0,0
25.19,25.19,24.63,25.38,355,0.0,0
25.19,25.19,24.63,25.44,355,0.0,0
25.19,25.19,24.63,25.44,355,0.0,0
25.19,25.19,24.63,25.44,355,0.0,0
25.19,25.19,24.63,25.44,355,0.0,0
25.19,25.19,24.63,25.5,355,0.0,0
25.19,25.19,24.63,25.44,355,0.0,0
25.19,25.19,24.69,25.44,355,0.0,0
25.19,25.19,24.63,25.38,355,0.0,0
25.19,25.25,24.63,25.44,355,0.0,0
25.19,25.19,24.63,25.44,355,0.0,0
25.19,25.19,24.63,25.38,355,0.0,0
25.19,25.19,24.63,25.44,355,0.0,0
25.19,25.19,24.63,25.44,355,0.0,0
25.19,25.19,24.63,25.44,355,0.0,0
25.19,25.19,24.63,25.44,355,0.0,0
25.19,25.19,24.63,25.5,355,0.0,0
25.19,25.19,24.63,25.44,355,0.0,0
25.19,25.19,24.69,25.44,355,0.0,0
25.19,25.19,24.69,25.44,355,0.0,0
25.19,25.19,24.63,25.44,355,0.0,0
25.19,25.19,24.63,25.44,355,0.0,0
25.19,25.19,24.63,25.44,355,0.0,0
25.19,25.19,24.63,25.44,350,-0.0461538461538,0
25.19,25.19,24.63,25.44,350,-0.0884615384615,0
25.19,25.19,24.63,25.5,355,-0.0807692307692,0
25.19,25.19,24.63,25.44,355,-0.0730769230769,0
25.19,25.19,24.63,25.44,355,-0.0653846153846,0
25.19,25.19,24.63,25.44,355,-0.0576923076923,0
25.19,25.19,24.63,25.44,355,-0.05,0
25.19,25.19,24.63,25.44,355,-0.0423076923077,0
25.19,25.19,24.63,25.44,355,-0.0346153846154,0
25.19,25.19,24.63,25.44,355,-0.0269230769231,0
25.19,25.19,24.63,25.44,350,-0.0653846153846,0
25.19,25.19,24.63,25.44,355,-0.0538461538462,0
25.19,25.19,24.63,25.44,355,-0.0423076923077,0
25.19,25.19,24.63,25.44,355,-0.0307692307692,0
25.19,25.19,24.63,25.44,350,-0.0653846153846,0
25.19,25.19,24.63,25.38,355,-0.05,0
25.19,25.19,24.63,25.38,355,-0.0346153846154,0
25.19,25.19,24.63,25.38,355,-0.0192307692308,0
25.19,25.19,24.63,25.38,355,-0.00384615384615,0
25.19,25.19,24.63,25.38,355,0.0115384615385,0
25.19,25.19,24.63,25.31,355,0.0269230769231,0
25.13,25.19,24.63,25.38,355,0.0423076923077,0
25.19,25.19,24.63,25.38,355,0.0576923076923,0
25.19,25.19,24.63,25.38,355,0.0730769230769,0
25.13,25.19,24.63,25.38,355,0.0884615384615,0
25.19,25.19,24.63,25.38,350,0.00769230769231,0
25.19,25.19,24.63,25.38,350,-0.0730769230769,0
25.19,25.19,24.56,25.38,355,-0.0576923076923,0
25.19,25.19,24.63,25.38,355,-0.0423076923077,0
25.13,25.19,24.63,25.38,355,-0.0269230769231,0
25.13,25.19,24.56,25.31,355,-0.0115384615385,0
25.13,25.19,24.63,25.38,350,-0.0423076923077,0
25.13,25.19,24.56,25.38,355,-0.0230769230769,0
25.19,25.19,24.63,25.38,350,-0.05,0
25.13,25.19,24.56,25.31,355,-0.0269230769231,0
25.13,25.19,24.63,25.38,355,-0.0538461538462,0
25.13,25.19,24.56,25.31,350,-0.0807692307692,0
25.13,25.19,24.56,25.31,355,-0.0576923076923,0
25.13,25.19,24.63,25.38,355,-0.0346153846154,0
25.13,25.19,24.56,25.38,355,-0.0615384615385,0
25.13,25.19,24.63,25.44,355,-0.0423076923077,0
25.19,25.19,24.63,25.38,350,-0.0692307692308,0
25.13,25.19,24.63,25.44,355,-0.0461538461538,0
25.13,25.19,24.63,25.44,355,-0.0230769230769,0
25.13,25.19,24.63,25.38,355,1.23168185923e-17,0
25.13,25.19,24.63,25.38,355,0.0230769230769,0
25.13,25.19,24.63,25.38,350,-1.23168185923e-17,0
25.13,25.19,24.56,25.38,350,-0.0192307692308,0
25.13,25.19,24.56,25.38,350,-0.0346153846154,0
25.13,25.19,24.56,25.38,350,-0.0461538461538,0
25.13,25.19,24.56,25.38,350,-0.103846153846,0
25.13,25.13,24.56,25.38,350,-0.161538461538,0
25.13,25.19,24.56,25.31,350,-0.169230769231,0
25.13,25.19,24.56,25.38,350,-0.173076923077,0
25.13,25.13,24.63,25.38,350,-0.173076923077,0
25.13,25.19,24.63,25.31,350,-0.169230769231,0
25.13,25.19,24.56,25.25,350,-0.211538461538,0
25.13,25.19,24.56,25.31,355,-0.157692307692,0
25.13,25.13,24.56,25.31,350,-0.2,0
25.13,25.13,24.56,25.31,355,-0.146153846154,0
25.13,25.13,24.56,25.38,355,-0.0923076923077,0
25.13,25.13,24.56,25.31,350,-0.134615384615,0
25.13,25.19,24.56,25.25,355,-0.0807692307692,0
25.13,25.19,24.56,25.25,350,-0.0730769230769,0
25.13,25.13,24.56,25.31,355,-0.0153846153846,0
25.13,25.13,24.63,25.31,350,-0.00384615384615,0
25.13,25.13,24.56,25.25,350,-0.0384615384615,0
25.13,25.13,24.56,25.25,350,-0.0230769230769,0
25.13,25.13,24.56,25.25,350,-0.00384615384615,0
25.13,25.13,24.56,25.31,350,0.0192307692308,0
25.13,25.19,24.56,25.25,350,0.0461538461538,0
25.13,25.19,24.56,25.31,350,0.0269230769231,0
25.13,25.19,24.56,25.25,350,0.00769230769231,0
25.13,25.19,24.56,25.25,350,-0.0115384615385,0
25.13,25.13,24.56,25.31,350,-0.0307692307692,0
25.13,25.13,24.56,25.25,350,-0.05,0
25.13,25.13,24.56,25.25,350,-0.0692307692308,0
25.13,25.13,24.56,25.25,350,-0.0884615384615,0
25.13,25.13,24.56,25.25,350,-0.107692307692,0
25.13,25.13,24.56,25.25,350,-0.126923076923,0
25.13,25.13,24.56,25.25,350,-0.146153846154,0
25.06,25.13,24.56,25.25,350,-0.165384615385,0
25.13,25.13,24.56,25.25,350,-0.134615384615,0
25.06,25.13,24.56,25.19,350,-0.15,0
25.13,25.13,24.56,25.19,350,-0.115384615385,0
25.06,25.13,24.56,25.19,350,-0.0769230769231,0
25.06,25.13,24.56,25.19,350,-0.0846153846154,0
25.06,25.13,24.56,25.19,350,-0.0423076923077,0
25.06,25.13,24.56,25.25,350,-0.0461538461538,0
25.06,25.13,24.56,25.25,350,0.0,0
25.06,25.13,24.56,25.19,350,0.0,0
25.06,25.13,24.56,25.19,350,0.0,0
25.06,25.13,24.56,25.25,350,0.0,0
25.06,25.13,24.56,25.25,350,0.0,0
25.06,25.06,24.56,25.13,350,0.0,0
25.06,25.13,24.56,25.13,350,0.0,0
25.06,25.13,24.56,25.13,350,0.0,0
25.06,25.13,24.56,25.13,350,0.0,0
25.06,25.06,24.56,25.19,350,0.0,0
25.06,25.06,24.56,25.25,350,0.0,0
25.06,25.06,24.56,25.19,350,0.0,0
25.06,25.06,24.56,25.19,350,0.0,0
25.06,25.06,24.56,25.19,350,0.0,0
25.13,25.13,24.56,25.19,350,0.0,0
25.13,25.06,24.56,25.25,350,0.0,0
25.06,25.06,24.56,25.19,350,0.0,0
25.06,25.06,24.56,25.19,350,0.0,0
25.13,25.06,24.56,25.19,350,0.0,0
25.13,25.13,24.56,25.19,350,0.0,0
25.13,25.13,24.56,25.25,350,0.0,0
25.13,25.13,24.56,25.19,350,0.0,0
25.06,25.06,24.56,25.19,350,0.0,0
25.06,25.13,24.56,25.19,350,0.0,0
25.06,25.06,24.56,25.19,350,0.0,0
25.13,25.06,24.56,25.19,350,0.0,0
25.06,25.06,24.56,25.13,350,0.0,0
25.06,25.06,24.56,25.25,350,0.0,0
25.06,25.13,24.56,25.19,350,0.0,0
25.06,25.13,24.56,25.19,350,0.0,0
25.06,25.06,24.56,25.19,350,0.0,0
25.06,25.06,24.56,25.13,350,0.0,0
25.06,25.06,24.56,25.19,350,0.0,0
25.06,25.06,24.56,25.25,350,0.0,0
25.06,25.06,24.56,25.25,350,0.0,0
25.06,25.06,24.56,25.31,350,0.0,0
25.06,25.06,24.56,25.19,350,0.0,0
25.06,25.06,24.56,25.13,350,0.0,0
25.06,25.06,24.56,25.19,350,0.0,0
25.13,25.06,24.56,25.19,350,0.0,0
25.06,25.06,24.56,25.19,350,0.0,0
25.06,25.06,24.56,25.19,350,0.0,0
25.13,25.06,24.56,25.19,350,0.0,0
25.06,25.13,24.56,25.19,350,0.0,0
25.06,25.06,24.56,25.19,350,0.0,0
25.06,25.06,24.56,25.19,350,0.0,0
25.06,25.06,24.56,25.19,350,0.0,0
25.06,25.06,24.56,25.19,350,0.0,0
25.06,25.06,24.56,25.13,350,0.0,0
25.06,25.06,24.56,25.13,350,0.0,0
25.06,25.06,24.56,25.13,350,0.0,0
25.06,25.06,24.56,25.06,350,0.0,0
25.06,25.06,24.56,25.13,350,0.0,0
25.0,25.06,24.56,25.13,350,0.0,0
25.0,25.06,24.56,25.13,350,0.0,0
25.06,25.06,24.56,25.19,350,0.0,0
25.06,25.06,24.56,25.13,350,0.0,0
25.0,25.06,24.56,25.13,350,0.0,0
25.0,25.06,24.56,25.13,350,0.0,0
25.06,25.06,24.56,25.19,350,0.0,0
25.06,25.06,24.56,25.13,350,0.0,0
25.06,25.06,24.56,25.13,350,0.0,0
25.06,25.06,24.56,25.19,350,0.0,0
25.06,25.13,24.56,25.13,350,0.0,0
25.06,25.06,24.56,25.06,350,0.0,0
25.06,25.06,24.56,25.13,350,0.0,0
25.06,25.06,24.56,25.19,350,0.0,0
25.06,25.06,24.56,25.06,350,0.0,0
25.06,25.06,24.56,25.06,350,0.0,0
25.06,25.06,24.56,25.0,350,0.0,0
25.06,25.06,24.56,25.0,350,0.0,0
25.06,25.06,24.56,25.06,350,0.0,0
25.06,25.06,24.56,25.0,350,0.0,0
25.06,25.06,24.56,25.0,350,0.0,0
25.06,25.06,24.56,25.0,350,0.0,0
25.06,25.06,24.56,25.0,350,0.0,0
25.06,25.0,24.56,25.06,350,0.0,0
25.06,25.0,24.56,25.06,350,0.0,0
25.06,25.06,24.56,25.06,350,0.0,0
25.06,25.06,24.56,25.06,350,0.0,0
25.06,25.06,24.56,25.06,350,0.0,0
25.06,25.06,24.56,25.13,350,0.0,0
25.06,25.0,24.56,25.06,350,0.0,0
25.06,25.0,24.56,25.06,350,0.0,0
25.06,25.06,24.56,25.13,350,0.0,0
25.06,25.06,24.63,25.06,350,0.0,0
25.06,25.06,24.56,25.06,350,0.0,0
25.06,25.06,24.56,25.0,350,0.0,0
25.0,25.06,24.56,25.0,350,0.0,0
25.0,25.06,24.56,25.0,350,0.0,0
25.0,25.0,24.56,25.0,350,0.0,0
25.06,25.0,24.56,25.0,350,0.0,0
25.06,25.06,24.56,25.0,350,0.0,0
25.06,25.0,24.56,25.0,350,0.0,0
25.06,25.0,24.56,24.94,350,0.0,0
25.06,25.06,24.56,25.06,350,0.0,0
25.06,25.0,24.56,25.06,350,0.0,0
25.06,25.06,24.56,25.06,350,0.0,0
25.06,25.0,24.56,25.0,350,0.0,0
25.13,25.06,24.56,25.0,350,0.0,0
25.06,25.0,24.56,25.06,350,0.0,0
25.06,25.06,24.56,25.06,350,0.0,0
25.06,25.0,24.63,25.06,350,0.0,0
25.06,25.0,24.56,25.0,350,0.0,0
25.06,25.06,24.56,25.06,350,0.0,0
25.06,25.06,24.56,25.0,350,0.0,0
25.06,25.06,24.56,25.0,350,0.0,0
25.06,25.06,24.56,25.06,350,0.0,0
25.06,25.06,24.56,25.0,350,0.0,0
25.06,25.0,24.63,25.0,350,0.0,0
25.06,25.0,24.56,25.0,350,0.0,0
25.06,25.06,24.56,25.06,350,0.0,0
25.06,25.06,24.56,25.13,350,0.0,0
25.06,25.06,24.56,25.13,350,0.0,0
25.06,25.06,24.56,25.19,350,0.0,0
25.06,25.06,24.56,25.25,350,0.0,0
25.06,25.06,24.56,25.19,350,0.0,0
25.06,25.06,24.56,25.19,350,0.0,0
25.06,25.06,24.56,25.13,350,0.0,0
25.06,25.06,24.56,25.19,350,0.0,0
25.06,25.06,24.56,25.19,350,0.0,0
25.06,25.06,24.56,25.19,350,0.0,0
25.06,25.06,24.56,25.13,350,0.0,0
25.06,25.06,24.56,25.13,350,0.0,0
25.06,25.06,24.63,25.19,350,0.0,0
25.06,25.06,24.63,25.13,350,0.0,0
25.06,25.06,24.63,25.13,350,0.0,0
25.06,25.06,24.63,25.25,350,0.0,0
25.06,25.06,24.63,25.13,350,0.0,0
25.06,25.06,24.56,25.19,350,0.0,0
25.06,25.06,24.56,25.19,350,0.0,0
25.06,25.06,24.56,25.19,350,0.0,0
25.06,25.06,24.56,25.19,350,0.0,0
25.06,25.06,24.56,25.19,350,0.0,0
25.06,25.06,24.63,25.25,350,0.0,0
25.06,25.06,24.63,25.25,350,0.0,0
25.06,25.06,24.63,25.19,350,0.0,0
25.06,25.06,24.63,25.19,350,0.0,0
25.06,25.06,24.63,25.25,350,0.0,0
25.06,25.06,24.56,25.19,350,0.0,0
25.06,25.06,24.56,25.19,350,0.0,0
25.06,25.06,24.56,25.25,350,0.0,0
25.06,25.06,24.63,25.25,350,0.0,0
25.06,25.06,24.56,25.25,350,0.0,0
25.06,25.06,24.56,25.25,350,0.0,0
25.06,25.06,24.63,25.19,350,0.0,0
25.06,25.06,24.63,25.19,350,0.0,0
25.06,25.06,24.63,25.25,350,0.0,0
25.06,25.06,24.63,25.19,350,0.0,0
25.06,25.06,24.63,25.19,350,0.0,0
25.06,25.06,24.63,25.19,350,0.0,0
25.06,25.06,24.63,25.19,350,0.0,0
25.06,25.06,24.63,25.19,350,0.0,0
25.06,25.06,24.63,25.19,350,0.0,0
25.06,25.06,24.63,25.19,350,0.0,0
25.06,25.06,24.63,25.25,350,0.0,0
25.06,25.06,24.63,25.31,350,0.0,0
25.06,25.06,24.63,25.31,350,0.0,0
25.06,25.06,24.63,25.25,350,0.0,0
25.06,25.06,24.63,25.25,350,0.0,0
25.06,25.0,24.63,25.31,350,0.0,0
25.06,25.06,24.63,25.31,350,0.0,0
25.06,25.06,24.63,25.31,350,0.0,0
25.06,25.06,24.63,25.25,350,0.0,0
25.06,25.06,24.63,25.31,350,0.0,0
25.06,25.06,24.63,25.31,350,0.0,0
25.06,25.06,24.63,25.31,350,0.0,0
25.13,25.06,24.63,25.25,350,0.0,0
25.06,25.06,24.63,25.25,350,0.0,0
25.06,25.06,24.63,25.38,350,0.0,0
25.13,25.13,24.63,25.44,350,0.0,0
25.13,25.06,24.63,25.38,350,0.0,0
25.13,25.06,24.63,25.31,350,0.0,0
25.06,25.06,24.63,25.31,350,0.0,0
25.06,25.06,24.63,25.31,350,0.0,0
25.06,25.06,24.63,25.31,350,0.0,0
25.13,25.06,24.63,25.38,350,0.0,0
25.13,25.06,24.63,25.38,350,0.0,0
25.06,25.13,24.63,25.38,350,0.0,0
25.06,25.06,24.63,25.38,350,0.0,0
25.06,25.06,24.63,25.38,350,0.0,0
25.06,25.06,24.63,25.38,350,0.0,0
25.06,25.06,24.63,25.38,350,0.0,0
25.06,25.06,24.63,25.31,350,0.0,0
25.06,25.06,24.63,25.31,350,0.0,0
25.06,25.06,24.63,25.38,350,0.0,0
25.06,25.06,24.63,25.31,350,0.0,0
25.13,25.06,24.63,25.38,350,0.0,0
25.13,25.13,24.63,25.44,350,0.0,0
25.13,25.13,24.63,25.38,350,0.0,0
25.13,25.13,24.63,25.38,350,0.0,0
25.13,25.13,24.69,25.44,350,0.0,0
25.13,25.06,24.63,25.5,350,0.0,0
25.06,25.13,24.63,25.38,350,0.0,0
25.13,25.13,24.63,25.44,350,0.0,0
25.13,25.06,24.69,25.44,350,0.0,0
25.13,25.13,24.69,25.31,350,0.0,0
25.13,25.13,24.69,25.31,350,0.0,0
25.06,25.06,24.63,25.25,350,0.0,0
25.06,25.13,24.69,25.25,350,0.0,0
25.06,25.06,24.69,25.31,350,0.0,0
25.13,25.06,24.69,25.31,350,0.0,0
25.13,25.06,24.69,25.25,350,0.0,0
25.13,25.06,24.63,25.31,350,0.0,0
25.06,25.13,24.69,25.25,350,0.0,0
25.06,25.06,24.63,25.25,350,0.0,0
25.06,25.13,24.63,25.25,350,0.0,0
25.06,25.06,24.69,25.25,350,0.0,0
25.06,25.13,24.69,25.25,350,0.0,0
25.06,25.13,24.69,25.25,350,0.0,0
25.06,25.13,24.63,25.25,350,0.0,0
25.06,25.13,24.63,25.25,350,0.0,0
25.06,25.13,24.63,25.31,350,0.0,0
25.06,25.13,24.69,25.25,350,0.0,0
25.06,25.13,24.63,25.31,350,0.0,0
25.06,25.06,24.63,25.25,350,0.0,0
25.13,25.13,24.69,25.25,350,0.0,0
25.13,25.13,24.69,25.19,350,0.0,0
25.06,25.06,24.69,25.25,350,0.0,0
25.13,25.06,24.69,25.25,350,0.0,0
25.13,25.13,24.69,25.31,350,0.0,0
25.13,25.06,24.69,25.31,350,0.0,0
25.06,25.06,24.69,25.25,350,0.0,0
25.06,25.06,24.69,25.25,350,0.0,0
25.06,25.06,24.69,25.25,350,0.0,0
25.06,25.06,24.63,25.25,350,0.0,0
25.06,25.06,24.69,25.31,350,0.0,0
25.5,25.63,25.31,25.63,370,0.184615384615,3
25.5,25.63,25.31,25.63,370,0.353846153846,3
25.5,25.69,25.38,25.69,370,0.507692307692,3
25.5,25.69,25.38,25.63,370,0.646153846154,3
25.5,25.69,25.31,25.63,370,0.769230769231,3
25.5,25.75,25.38,25.63,370,0.876923076923,3
25.5,25.75,25.38,25.63,370,0.969230769231,3
25.5,25.81,25.38,25.63,370,1.04615384615,3
25.5,25.88,25.38,25.63,370,1.10769230769,3
25.56,25.88,25.38,25.63,370,1.15384615385,3
25.5,25.88,25.38,25.63,370,1.18461538462,3
25.56,25.88,25.44,25.63,370,1.2,3
25.5,25.94,25.38,25.63,370,1.2,3
25.5,26.0,25.38,25.69,370,1.18461538462,3
25.5,25.94,25.44,25.69,370,1.15384615385,3
25.56,26.0,25.44,25.69,370,1.10769230769,3
25.56,26.0,25.44,25.69,370,1.04615384615,3
25.56,26.0,25.44,25.69,370,0.969230769231,3
25.56,26.0,25.44,25.69,370,0.876923076923,3
25.56,26.0,25.44,25.69,370,0.769230769231,3
25.56,26.06,25.44,25.69,370,0.646153846154,3
25.56,26.13,25.44,25.69,370,0.507692307692,3
25.56,26.13,25.44,25.69,370,0.353846153846,3
25.56,26.13,25.44,25.69,370,0.184615384615,3
25.56,26.13,25.44,25.69,370,0.0,3
25.56,26.13,25.44,25.69,370,0.0,3
25.56,26.13,25.44,25.69,370,0.0,3
25.56,26.19,25.5,25.69,375,0.0461538461538,3
25.56,26.19,25.5,25.69,375,0.0884615384615,3
25.56,26.19,25.5,25.69,375,0.126923076923,3
25.56,26.25,25.5,25.69,375,0.161538461538,3
25.56,26.25,25.5,25.69,375,0.192307692308,3
25.56,26.25,25.5,25.69,375,0.219230769231,3
25.56,26.25,25.44,25.69,375,0.242307692308,3
25.63,26.25,25.44,25.69,375,0.261538461538,3
25.63,26.25,25.44,25.69,375,0.276923076923,3
25.63,26.25,25.44,25.69,375,0.288461538462,3
25.63,26.25,25.44,25.69,380,0.342307692308,3
25.63,26.25,25.5,25.69,380,0.388461538462,3
25.63,26.31,25.5,25.75,380,0.426923076923,3
25.63,26.31,25.5,25.69,380,0.457692307692,3
25.63,26.25,25.5,25.69,380,0.480769230769,3
25.63,26.25,25.5,25.69,380,0.496153846154,3
25.63,26.31,25.5,25.69,380,0.503846153846,3
25.63,26.31,25.5,25.75,380,0.503846153846,3
25.63,26.31,25.5,25.75,380,0.496153846154,3
25.63,26.31,25.5,25.69,385,0.526923076923,3
25.63,26.31,25.56,25.75,385,0.546153846154,3
25.63,26.31,25.56,25.75,385,0.553846153846,3
25.69,26.38,25.5,25.75,385,0.55,3
25.63,26.38,25.5,25.75,390,0.580769230769,3
25.69,26.44,25.5,25.69,405,0.734615384615,3
25.69,26.5,25.56,25.69,420,1.05,3
25.69,26.44,25.56,25.75,430,1.42307692308,3
25.69,26.44,25.56,25.75,425,1.70769230769,3
25.69,26.44,25.56,25.75,425,1.95384615385,3
25.63,26.44,25.56,25.75,420,2.11538461538,3
25.69,26.44,25.56,25.75,420,2.24230769231,3
25.69,26.44,25.56,25.75,425,2.38076923077,3
25.69,26.44,25.56,25.75,420,2.43461538462,3
25.69,26.38,25.56,25.75,415,2.40769230769,3
25.69,26.38,25.56,25.75,425,2.44230769231,3
25.69,26.44,25.5,25.69,425,2.48846153846,3
25.69,26.38,25.56,25.75,425,2.5,3
25.69,26.44,25.56,25.75,430,2.52307692308,3
25.69,26.38,25.56,25.75,430,2.50769230769,3
25.69,26.38,25.56,25.75,435,2.5,3
25.69,26.38,25.56,25.75,445,2.54230769231,3
25.69,26.38,25.56,25.75,445,2.53461538462,3
25.69,26.38,25.56,25.75,455,2.56923076923,3
25.69,26.31,25.56,25.75,460,2.59230769231,3
25.75,26.31,25.56,25.75,465,2.65,3
25.69,26.25,25.56,25.75,465,2.64615384615,3
25.69,26.19,25.56,25.75,475,2.67307692308,3
25.69,26.19,25.56,25.75,480,2.67692307692,3
25.69,26.19,25.56,25.75,475,2.61153846154,3
25.69,26.19,25.56,25.75,475,2.63076923077,3
25.69,26.13,25.63,25.81,475,2.74615384615,3
25.69,26.13,25.63,25.81,475,2.91923076923,3
25.69,26.13,25.56,25.81,475,3.00769230769,3
25.69,26.13,25.56,25.81,475,3.05769230769,3
25.75,26.13,25.56,25.81,470,2.97307692308,3
25.75,26.13,25.63,25.81,475,2.89615384615,3
25.69,26.13,25.63,25.81,475,2.82692307692,3
25.69,26.13,25.63,25.81,475,2.66923076923,3
25.75,26.13,25.63,25.81,475,2.41923076923,3
25.75,26.13,25.63,25.81,485,2.31538461538,3
25.75,26.19,25.63,25.81,490,2.21153846154,3
25.75,26.13,25.56,25.81,500,2.15,3
25.75,26.19,25.63,25.81,500,2.08076923077,3
25.75,26.19,25.69,25.81,500,1.95769230769,3
25.75,26.19,25.63,25.81,510,1.92307692308,3
25.75,26.19,25.63,25.81,515,1.97692307692,3
25.69,26.13,25.69,25.81,515,1.97692307692,3
25.75,26.13,25.69,25.81,520,2.06923076923,3
25.75,26.13,25.69,25.81,520,2.16153846154,3
25.75,26.06,25.69,25.81,520,2.25769230769,3
25.75,26.13,25.69,25.81,515,2.26538461538,3
25.75,26.13,25.69,25.81,515,2.33461538462,3
25.75,26.13,25.69,25.81,525,2.51538461538,3
25.75,26.06,25.69,25.81,530,2.65769230769,3
25.75,26.06,25.69,25.81,545,2.89615384615,3
25.75,26.06,25.69,25.81,555,3.17307692308,3
25.75,26.06,25.69,25.81,555,3.38846153846,3
25.75,26.06,25.69,25.81,560,3.58846153846,3
25.75,26.06,25.69,25.81,565,3.76923076923,3
25.75,26.06,25.69,25.81,560,3.78461538462,3
25.81,26.06,25.69,25.81,560,3.78076923077,3
25.75,26.06,25.69,25.88,570,3.80384615385,3
25.81,26.13,25.69,25.88,575,3.8,3
25.81,26.06,25.69,25.81,575,3.71923076923,3
25.75,26.06,25.69,25.88,575,3.66153846154,3
25.81,26.06,25.69,25.88,580,3.63076923077,3
25.75,26.06,25.69,25.88,580,3.63076923077,3
25.75,26.06,25.69,25.88,585,3.61538461538,3
25.75,26.06,25.69,25.88,595,3.62692307692,3
25.75,26.06,25.69,25.88,595,3.66538461538,3
25.75,26.06,25.69,25.81,595,3.68846153846,3
25.75,26.06,25.69,25.88,595,3.65,3
25.81,26.06,25.69,25.81,605,3.69230769231,3
25.81,26.06,25.69,25.81,605,3.66923076923,3
25.81,26.06,25.69,25.88,605,3.58076923077,3
25.75,26.06,25.69,25.88,605,3.37692307692,3
25.81,26.0,25.69,25.88,610,3.15,3
25.75,26.06,25.69,25.88,605,2.90384615385,3
25.81,26.0,25.69,25.88,610,2.69230769231,3
25.75,26.06,25.69,25.81,620,2.66153846154,3
25.81,26.06,25.69,25.81,620,2.67307692308,3
25.81,26.06,25.69,25.81,625,2.68076923077,3
25.81,26.06,25.69,25.81,630,2.73076923077,3
25.81,26.0,25.69,25.88,635,2.82307692308,3
25.81,26.0,25.69,25.88,635,2.81153846154,3
25.81,26.0,25.69,25.81,635,2.74230769231,3
25.81,26.06,25.69,25.88,630,2.66923076923,3
25.81,26.06,25.69,25.81,650,2.78461538462,3
25.81,26.06,25.69,25.88,655,2.88846153846,3
25.81,26.06,25.75,25.81,670,3.06923076923,3
25.81,26.06,25.75,25.88,675,3.27307692308,3
25.81,26.06,25.75,25.81,675,3.40384615385,3
25.81,26.13,25.75,25.81,675,3.51153846154,3
25.81,26.13,25.75,25.81,675,3.65,3
25.81,26.13,25.75,25.81,680,3.77307692308,3
25.81,26.13,25.75,25.81,680,3.83076923077,3
25.81,26.25,25.75,25.81,685,3.86923076923,3
25.81,26.25,25.75,25.88,685,3.93846153846,3
25.81,26.19,25.75,25.88,685,3.94615384615,3
25.81,26.19,25.75,25.88,685,3.89230769231,3
25.81,26.13,25.81,25.88,685,3.77692307692,3
25.81,26.13,25.81,25.88,680,3.60384615385,3
25.81,26.06,25.75,25.88,690,3.41923076923,3
25.81,26.13,25.81,25.88,690,3.21923076923,3
25.81,26.06,25.75,25.88,695,3.10384615385,3
25.81,26.06,25.75,25.88,690,2.88461538462,3
25.81,26.06,25.75,25.88,695,2.70769230769,3
25.81,26.06,25.75,25.88,705,2.61923076923,3
25.81,26.06,25.75,25.88,725,2.70769230769,3
25.81,26.06,25.75,25.88,730,2.77307692308,3
25.81,26.06,25.75,25.88,735,2.81153846154,3
25.81,26.06,25.75,25.88,730,2.67692307692,3
25.81,26.06,25.75,25.88,720,2.57307692308,3
25.81,26.06,25.75,25.88,720,2.46538461538,3
25.88,26.06,25.75,25.88,720,2.45769230769,3
25.88,26.06,25.75,25.88,720,2.46153846154,3
25.81,26.06,25.75,25.88,720,2.43076923077,3
25.81,26.06,25.75,25.94,735,2.50384615385,3
25.88,26.06,25.75,25.88,740,2.57692307692,3
25.88,26.06,25.75,25.88,740,2.65,3
25.88,26.06,25.75,25.94,740,2.67692307692,3
25.88,26.06,25.75,25.94,740,2.70769230769,3
25.81,26.06,25.75,25.94,750,2.78846153846,3
25.88,26.06,25.75,25.88,755,2.86538461538,3
25.88,26.06,25.75,25.94,760,2.93461538462,3
25.88,26.06,25.75,25.94,760,2.94615384615,3
25.88,26.06,25.75,25.94,755,2.80384615385,3
25.88,26.0,25.75,25.94,760,2.75,3
25.81,26.06,25.75,25.94,750,2.55,3
25.88,26.06,25.75,25.94,750,2.35384615385,3
25.81,26.06,25.75,25.94,750,2.06538461538,3
25.81,26.0,25.75,25.94,760,1.87307692308,3
25.88,26.06,25.75,25.94,755,1.68461538462,3
25.88,26.06,25.81,25.94,755,1.65769230769,3
25.88,26.06,25.75,25.94,765,1.75,3
25.88,26.06,25.75,25.94,760,1.81923076923,3
25.88,26.06,25.75,25.94,760,1.81923076923,3
25.88,26.06,25.75,25.88,765,1.74230769231,3
25.88,26.06,25.75,25.94,770,1.67692307692,3
25.88,26.13,25.75,25.94,780,1.66538461538,3
25.88,26.13,25.75,25.88,780,1.60769230769,3
25.88,26.06,25.75,25.94,780,1.50384615385,3
25.88,26.13,25.75,25.94,785,1.55,3
25.88,26.13,25.75,25.94,785,1.60769230769,3
25.94,26.13,25.81,25.94,785,1.63076923077,3
25.88,26.06,25.75,25.94,780,1.57307692308,3
25.88,26.06,25.75,25.94,780,1.48461538462,3
25.94,26.13,25.75,25.94,780,1.46538461538,3
25.88,26.06,25.81,25.94,785,1.51923076923,3
25.88,26.13,25.81,25.94,785,1.6,3
25.94,26.13,25.81,26.0,785,1.66153846154,3
25.94,26.13,25.81,25.94,785,1.65384615385,3
25.94,26.13,25.81,25.94,785,1.67307692308,2
25.94,26.13,25.81,25.94,785,1.57307692308,2
25.94,26.06,25.88,25.94,795,1.53846153846,2
25.94,26.13,25.81,25.94,800,1.51538461538,2
25.94,26.13,25.81,25.94,805,1.6,2
25.94,26.19,25.81,25.94,800,1.55384615385,2
25.94,26.13,25.81,25.94,805,1.51923076923,2
25.94,26.13,25.81,25.94,810,1.59230769231,2
25.94,26.13,25.81,25.94,810,1.58076923077,2
25.94,26.13,25.81,25.94,815,1.57692307692,2
25.94,26.13,25.81,25.94,815,1.58076923077,2
25.94,26.19,25.81,25.94,815,1.59615384615,2
25.94,26.13,25.81,25.94,815,1.67692307692,2
25.94,26.13,25.81,25.94,815,1.73076923077,2
25.94,26.13,25.81,25.94,820,1.80384615385,2
25.94,26.13,25.81,25.94,810,1.80384615385,2
25.94,26.13,25.81,25.94,800,1.69230769231,2
25.94,26.13,25.88,25.94,800,1.56923076923,2
25.94,26.13,25.88,25.94,800,1.38461538462,2
25.94,26.13,25.81,25.94,805,1.23076923077,2
25.94,26.13,25.81,25.94,800,1.01153846154,2
25.94,26.19,25.81,25.94,800,0.826923076923,2
25.94,26.13,25.81,25.94,800,0.630769230769,2
25.94,26.19,25.81,25.94,805,0.469230769231,2
25.94,26.19,25.81,25.94,810,0.338461538462,2
25.94,26.19,25.81,25.94,810,0.188461538462,2
25.94,26.19,25.88,25.94,805,-0.0269230769231,2
25.94,26.19,25.88,25.94,805,-0.157692307692,2
25.94,26.19,25.88,25.94,800,-0.292307692308,2
25.94,26.19,25.88,25.88,805,-0.330769230769,2
25.94,26.19,25.81,25.94,805,-0.419230769231,2
25.94,26.19,25.88,25.94,810,-0.415384615385,2
25.94,26.19,25.88,25.94,810,-0.365384615385,2
25.94,26.13,25.81,25.94,815,-0.269230769231,2
25.94,26.19,25.88,25.94,820,-0.0807692307692,2
25.94,26.13,25.88,25.94,830,0.196153846154,2
25.94,26.13,25.88,25.94,835,0.507692307692,2
25.94,26.19,25.88,25.94,830,0.757692307692,2
25.94,26.19,25.88,25.94,835,1.04230769231,2
25.94,26.19,25.88,25.94,840,1.40769230769,2
25.94,26.19,25.88,25.94,840,1.65769230769,2
25.94,26.19,25.88,25.94,835,1.73846153846,2
25.94,26.19,25.88,25.94,845,1.88461538462,2
25.94,26.19,25.88,25.94,840,1.95,2
25.94,26.19,25.88,25.94,840,2.03461538462,2
25.94,26.19,25.88,25.94,835,1.99615384615,2
25.94,26.19,25.88,26.0,835,1.93076923077,2
25.94,26.13,25.88,25.94,835,1.83846153846,2
25.94,26.19,25.88,25.94,830,1.72307692308,2
25.94,26.19,25.88,25.94,830,1.63846153846,2
25.94,26.25,25.88,25.94,830,1.53846153846,2
25.94,26.19,25.88,25.94,835,1.41923076923,2
25.94,26.19,25.88,25.94,835,1.27692307692,2
25.94,26.19,25.88,25.94,840,1.10769230769,2
25.94,26.19,25.88,25.94,840,0.957692307692,2
25.94,26.19,25.88,25.94,830,0.688461538462,3
25.94,26.25,25.88,25.94,830,0.45,3
25.94,26.25,25.88,25.94,830,0.196153846154,2
25.94,26.19,25.88,25.94,835,0.0230769230769,2
25.94,26.19,25.88,25.94,825,-0.207692307692,2
25.94,26.19,25.88,25.94,835,-0.25,2
25.94,26.19,25.88,25.94,830,-0.292307692308,2
25.94,26.19,25.88,25.94,845,-0.242307692308,2
25.94,26.19,25.88,25.94,850,-0.107692307692,2
26.0,26.19,25.81,26.0,850,0.0653846153846,2
25.94,26.25,25.81,26.0,855,0.276923076923,2
25.94,26.25,25.81,25.94,855,0.426923076923,2
25.94,26.25,25.81,26.0,850,0.615384615385,2
25.94,26.31,25.81,25.94,845,0.703846153846,2
26.0,26.31,25.88,25.94,840,0.742307692308,2
25.94,26.31,25.81,26.0,840,0.730769230769,2
25.94,26.25,25.81,26.0,835,0.669230769231,2
25.94,26.25,25.81,26.0,835,0.607692307692,2
25.94,26.25,25.81,26.0,835,0.496153846154,2
25.94,26.19,25.81,25.94,835,0.380769230769,2
25.94,26.25,25.81,25.94,830,0.215384615385,2
25.94,26.31,25.81,25.94,830,0.1,2
25.94,26.38,25.81,25.94,830,-0.0115384615385,2
25.94,26.31,25.81,25.94,825,-0.115384615385,2
25.94,26.25,25.81,26.0,830,-0.161538461538,2
25.94,26.25,25.81,26.0,830,-0.3,2
25.94,26.19,25.75,26.0,845,-0.3,2
26.0,26.25,25.81,25.94,835,-0.403846153846,2
25.94,26.19,25.75,25.94,835,-0.461538461538,2
26.0,26.19,25.75,26.0,835,-0.619230769231,2
25.94,26.19,25.75,25.94,835,-0.684615384615,2
25.94,26.19,25.69,26.0,830,-0.846153846154,2
26.0,26.25,25.75,25.94,835,-0.811538461538,2
26.0,26.19,25.75,25.94,840,-0.673076923077,2
26.0,26.25,25.75,26.0,840,-0.526923076923,2
26.0,26.25,25.75,25.94,845,-0.276923076923,2
25.94,26.25,25.75,26.0,840,-0.0653846153846,2
26.0,26.25,25.75,25.94,845,0.153846153846,2
25.94,26.31,25.75,25.94,850,0.373076923077,2
26.0,26.25,25.75,26.0,850,0.538461538462,2
25.94,26.31,25.75,25.94,845,0.65,0
25.94,26.25,25.69,26.0,850,0.753846153846,0
26.0,26.19,25.69,26.0,855,0.892307692308,0
25.94,26.19,25.69,26.0,845,0.923076923077,0
26.0,26.25,25.69,25.94,850,0.992307692308,0
25.94,26.25,25.69,25.94,850,1.0,0
25.94,26.19,25.75,25.94,850,0.992307692308,0
25.94,26.19,25.69,25.94,845,0.923076923077,0
25.94,26.19,25.69,25.94,840,0.746153846154,0
25.94,26.19,25.69,25.94,835,0.561538461538,0
25.94,26.19,25.69,25.94,840,0.419230769231,0
25.94,26.19,25.69,25.94,840,0.419230769231,0
25.94,26.19,25.69,25.94,835,0.276923076923,0
25.94,26.19,25.69,25.94,835,0.134615384615,0
25.88,26.13,25.69,25.94,835,-0.00769230769231,0
25.94,26.13,25.69,25.94,835,-0.15,0
25.88,26.13,25.63,25.94,835,-0.342307692308,0
25.88,26.13,25.63,25.88,825,-0.580769230769,0
25.94,26.13,25.63,25.88,825,-0.761538461538,0
25.88,26.06,25.63,25.88,820,-0.976923076923,0
25.88,26.13,25.63,25.94,825,-1.08076923077,0
25.88,26.13,25.63,25.88,825,-1.21923076923,0
25.88,26.06,25.63,25.88,820,-1.34230769231,0
25.88,26.06,25.63,25.88,815,-1.44230769231,0
25.88,26.06,25.63,25.88,825,-1.42307692308,0
25.88,26.06,25.63,25.88,820,-1.48076923077,0
25.88,26.06,25.63,25.88,805,-1.60769230769,0
25.88,26.06,25.63,25.88,805,-1.65,0
25.88,26.06,25.63,25.88,815,-1.66153846154,0
25.88,26.06,25.63,25.88,805,-1.69230769231,0
25.88,26.06,25.63,25.88,800,-1.73461538462,0
25.88,26.06,25.56,25.88,800,-1.73846153846,0
25.88,26.0,25.63,25.88,795,-1.8,0
25.81,26.0,25.63,25.88,790,-1.91923076923,0
25.81,26.0,25.63,25.88,795,-2.00384615385,0
25.81,26.0,25.63,25.81,795,-2.00769230769,0
25.81,26.0,25.56,25.81,795,-1.97692307692,0
25.81,26.0,25.56,25.81,785,-2.05384615385,0
25.81,26.0,25.56,25.81,785,-2.09230769231,0
25.81,25.94,25.56,25.81,790,-2.04615384615,0
25.81,26.0,25.56,25.88,780,-2.05769230769,0
25.81,25.94,25.56,25.88,780,-2.02692307692,0
25.81,26.0,25.56,25.88,775,-2.1,0
25.81,26.0,25.56,25.81,775,-2.13461538462,0
25.81,25.94,25.56,25.81,770,-2.22692307692,0
25.81,25.94,25.56,25.81,765,-2.27692307692,0
25.81,25.94,25.5,25.81,765,-2.28076923077,0
25.81,25.94,25.5,25.81,770,-2.24230769231,0
25.81,25.94,25.5,25.81,765,-2.26153846154,0
25.81,25.94,25.56,25.81,760,-2.18846153846,0
25.81,25.94,25.56,25.81,760,-2.11538461538,0
25.81,25.94,25.5,25.81,755,-2.19230769231,0
25.75,25.94,25.5,25.81,760,-2.18461538462,0
25.81,25.94,25.5,25.88,755,-2.08846153846,0
25.81,25.94,25.5,25.88,750,-2.09230769231,0
25.81,25.88,25.56,25.88,750,-2.10384615385,0
25.81,25.94,25.5,25.81,755,-2.03076923077,0
25.75,25.88,25.5,25.81,750,-2.01923076923,0
25.81,25.88,25.5,25.81,755,-1.97692307692,0
25.75,25.88,25.5,25.81,750,-1.90384615385,0
25.75,25.88,25.5,25.81,750,-1.79615384615,0
25.81,25.88,25.5,25.88,750,-1.65384615385,0
25.75,25.88,25.44,25.81,750,-1.57692307692,0
25.75,25.88,25.5,25.81,745,-1.51923076923,0
25.75,25.88,25.5,25.81,740,-1.42692307692,0
25.75,25.88,25.5,25.81,735,-1.44230769231,0
25.75,25.88,25.44,25.81,735,-1.42307692308,0
25.75,25.88,25.5,25.75,735,-1.41923076923,0
25.75,25.88,25.44,25.81,735,-1.38461538462,0
25.75,25.88,25.44,25.81,725,-1.46153846154,0
25.75,25.88,25.44,25.81,725,-1.55384615385,0
25.75,25.81,25.5,25.81,730,-1.56923076923,0
25.75,25.81,25.5,25.81,735,-1.46153846154,0
25.75,25.81,25.5,25.81,725,-1.46923076923,0
25.75,25.81,25.5,25.81,725,-1.49615384615,0
25.75,25.81,25.44,25.81,725,-1.49615384615,0
25.75,25.81,25.44,25.81,725,-1.51923076923,0
25.75,25.81,25.44,25.81,725,-1.46923076923,0
25.75,25.81,25.44,25.75,720,-1.48846153846,0
25.75,25.81,25.44,25.81,715,-1.57692307692,0
25.75,25.81,25.44,25.81,715,-1.63846153846,0
25.75,25.75,25.44,25.75,710,-1.66923076923,0
25.69,25.81,25.44,25.75,710,-1.71538461538,0
25.69,25.81,25.44,25.75,700,-1.77307692308,0
25.75,25.75,25.38,25.75,700,-1.83846153846,0
25.69,25.81,25.44,25.75,700,-1.86538461538,0
25.69,25.81,25.44,25.75,695,-1.9,0
25.69,25.81,25.38,25.81,690,-1.93846153846,0
25.69,25.75,25.38,25.81,680,-2.07307692308,0
25.69,25.75,25.38,25.75,675,-2.25384615385,0
25.69,25.75,25.44,25.81,675,-2.43461538462,0
25.75,25.75,25.44,25.75,670,-2.61538461538,0
25.69,25.75,25.38,25.75,670,-2.74615384615,0
25.69,25.75,25.44,25.75,670,-2.82692307692,0
25.69,25.75,25.44,25.75,665,-3.00384615385,0
25.69,25.75,25.38,25.75,665,-3.13461538462,0
25.69,25.75,25.38,25.75,665,-3.16923076923,0
25.75,25.75,25.38,25.75,665,-3.10384615385,0
25.69,25.75,25.38,25.75,665,-3.08461538462,0
25.69,25.75,25.44,25.75,660,-3.06538461538,0
25.69,25.75,25.38,25.81,655,-3.04230769231,0
25.69,25.75,25.38,25.75,655,-2.96538461538,0
25.69,25.75,25.38,25.75,660,-2.78846153846,0
25.69,25.75,25.38,25.75,655,-2.65769230769,0
25.69,25.75,25.38,25.75,660,-2.48076923077,0
25.69,25.75,25.38,25.75,655,-2.30769230769,0
25.69,25.69,25.38,25.75,650,-2.18461538462,0
25.69,25.75,25.38,25.75,650,-2.01538461538,0
25.69,25.75,25.38,25.75,650,-1.9,0
25.69,25.75,25.38,25.75,655,-1.7,0
25.69,25.75,25.38,25.75,650,-1.51153846154,0
25.69,25.75,25.38,25.75,645,-1.38076923077,0
25.69,25.75,25.38,25.75,635,-1.35384615385,0
25.69,25.69,25.38,25.75,635,-1.38461538462,0
25.69,25.75,25.38,25.69,630,-1.47692307692,0
25.63,25.69,25.31,25.69,630,-1.53461538462,0
25.69,25.69,25.31,25.75,635,-1.56153846154,0
25.69,25.69,25.38,25.69,630,-1.60769230769,0
25.69,25.69,25.31,25.75,630,-1.62307692308,0
25.63,25.69,25.38,25.75,630,-1.65769230769,0
25.69,25.69,25.31,25.75,630,-1.66538461538,0
25.63,25.69,25.31,25.75,630,-1.64615384615,0
25.63,25.69,25.31,25.75,630,-1.6,0
25.63,25.69,25.31,25.69,625,-1.57307692308,0
25.63,25.69,25.38,25.69,630,-1.51923076923,0
25.69,25.69,25.31,25.69,630,-1.49230769231,0
25.63,25.69,25.31,25.75,625,-1.49230769231,0
25.69,25.69,25.31,25.75,630,-1.37307692308,0
25.63,25.69,25.31,25.75,620,-1.37307692308,0
25.63,25.69,25.38,25.75,620,-1.29615384615,0
25.69,25.69,25.31,25.75,615,-1.28461538462,0
25.63,25.69,25.31,25.75,610,-1.33846153846,0
25.63,25.69,25.31,25.75,615,-1.31538461538,0
25.63,25.69,25.38,25.75,615,-1.26538461538,0
25.63,25.69,25.38,25.75,615,-1.13846153846,0
25.63,25.63,25.31,25.75,620,-0.984615384615,0
25.63,25.63,25.31,25.75,615,-0.903846153846,0
25.63,25.63,25.31,25.69,615,-0.9,0
25.63,25.63,25.31,25.75,605,-0.973076923077,0
25.63,25.63,25.31,25.75,600,-1.11923076923,0
25.63,25.69,25.31,25.75,605,-1.19615384615,0
25.63,25.63,25.31,25.69,600,-1.25,0
25.63,25.63,25.25,25.69,600,-1.32692307692,0
25.63,25.63,25.31,25.69,595,-1.42692307692,0
25.63,25.63,25.31,25.69,595,-1.5,0
25.63,25.63,25.31,25.69,595,-1.54615384615,0
25.63,25.63,25.31,25.69,590,-1.61153846154,0
25.63,25.63,25.31,25.69,590,-1.64615384615,0
25.63,25.63,25.31,25.69,585,-1.74615384615,0
25.63,25.63,25.31,25.69,590,-1.71923076923,0
25.63,25.63,25.31,25.75,585,-1.70769230769,0
25.63,25.63,25.31,25.69,590,-1.66538461538,0
25.63,25.63,25.31,25.69,585,-1.59230769231,0
25.63,25.63,25.31,25.69,585,-1.58461538462,0
25.63,25.63,25.25,25.75,575,-1.64230769231,0
25.63,25.63,25.31,25.69,575,-1.71538461538,0
25.63,25.63,25.25,25.69,575,-1.80769230769,0
25.63,25.63,25.25,25.69,570,-1.86923076923,0
25.63,25.63,25.25,25.75,565,-1.94230769231,0
25.63,25.63,25.25,25.69,565,-1.97692307692,0
25.63,25.63,25.31,25.69,560,-1.96923076923,0
25.63,25.63,25.31,25.69,565,-1.91923076923,0
25.63,25.63,25.31,25.69,555,-1.92307692308,0
25.63,25.63,25.31,25.69,560,-1.93461538462,0
25.63,25.63,25.31,25.69,555,-2.00769230769,0
25.63,25.63,25.31,25.69,550,-2.04230769231,0
25.63,25.63,25.31,25.69,545,-2.13076923077,0
25.56,25.63,25.31,25.69,540,-2.22307692308,0
25.56,25.63,25.31,25.69,540,-2.31923076923,0
25.56,25.63,25.31,25.69,535,-2.41923076923,0
25.63,25.63,25.31,25.69,535,-2.47307692308,0
25.56,25.63,25.25,25.69,535,-2.53076923077,0
25.56,25.63,25.31,25.69,530,-2.59230769231,0
25.56,25.63,25.25,25.69,530,-2.65769230769,0
25.56,25.63,25.25,25.69,530,-2.63076923077,0
25.56,25.56,25.25,25.69,525,-2.65384615385,0
25.63,25.63,25.25,25.69,525,-2.58076923077,0
25.56,25.56,25.25,25.69,525,-2.50769230769,0
25.56,25.56,25.25,25.69,525,-2.38846153846,0
25.56,25.56,25.25,25.69,525,-2.32307692308,0
25.56,25.56,25.25,25.69,520,-2.26538461538,0
25.56,25.56,25.25,25.69,520,-2.16538461538,0
25.56,25.56,25.25,25.69,520,-2.07307692308,0
25.56,25.56,25.25,25.69,520,-1.99230769231,0
25.56,25.56,25.25,25.69,510,-1.96923076923,0
25.56,25.56,25.25,25.69,510,-1.95384615385,0
25.56,25.63,25.25,25.69,515,-1.80384615385,0
25.56,25.56,25.25,25.69,505,-1.80769230769,0
25.63,25.56,25.25,25.69,500,-1.76923076923,0
25.56,25.56,25.25,25.69,495,-1.78076923077,0
25.56,25.56,25.25,25.69,495,-1.79615384615,0
25.56,25.56,25.25,25.69,495,-1.81923076923,0
25.63,25.56,25.25,25.69,495,-1.85384615385,0
25.56,25.56,25.25,25.69,495,-1.85384615385,0
25.63,25.56,25.25,25.63,495,-1.86923076923,0
25.56,25.56,25.19,25.63,500,-1.80769230769,0
25.56,25.56,25.25,25.63,490,-1.81153846154,0
25.56,25.56,25.19,25.63,490,-1.83076923077,0
25.56,25.56,25.25,25.69,490,-1.81923076923,0
25.56,25.56,25.19,25.63,495,-1.73076923077,0
25.56,25.56,25.19,25.63,490,-1.71153846154,0
25.56,25.56,25.25,25.63,485,-1.71153846154,0
25.56,25.56,25.25,25.63,490,-1.63461538462,0
25.56,25.56,25.25,25.63,485,-1.57692307692,0
25.56,25.5,25.25,25.63,485,-1.48846153846,0
25.56,25.56,25.25,25.63,485,-1.41923076923,0
25.56,25.56,25.25,25.63,475,-1.41538461538,0
25.56,25.56,25.19,25.63,480,-1.33076923077,0
25.56,25.56,25.19,25.63,475,-1.26153846154,0
25.56,25.56,25.25,25.63,475,-1.25769230769,0
25.56,25.56,25.19,25.63,485,-1.13461538462,0
25.56,25.56,25.19,25.63,480,-0.988461538462,0
25.56,25.5,25.19,25.63,480,-0.915384615385,0
25.56,25.5,25.19,25.63,480,-0.873076923077,0
25.56,25.56,25.19,25.63,475,-0.911538461538,0
25.56,25.56,25.25,25.63,480,-0.888461538462,0
25.56,25.5,25.25,25.69,480,-0.853846153846,0
25.56,25.5,25.19,25.63,475,-0.853846153846,0
25.56,25.56,25.19,25.63,470,-0.884615384615,0
25.56,25.56,25.19,25.63,465,-0.942307692308,0
25.56,25.56,25.19,25.63,460,-0.973076923077,0
25.56,25.5,25.19,25.63,460,-1.07307692308,0
25.56,25.5,25.19,25.63,455,-1.19615384615,0
25.56,25.56,25.19,25.63,450,-1.33846153846,0
25.56,25.5,25.19,25.63,450,-1.4,0
25.56,25.5,25.19,25.63,445,-1.52307692308,0
25.5,25.5,25.19,25.63,445,-1.66153846154,0
25.56,25.56,25.19,25.63,445,-1.71923076923,0
25.5,25.5,25.19,25.63,450,-1.74615384615,0
25.5,25.5,25.19,25.63,450,-1.74615384615,0
25.5,25.5,25.19,25.63,450,-1.71923076923,0
25.56,25.56,25.19,25.63,445,-1.81153846154,0
25.56,25.5,25.19,25.56,435,-1.92307692308,0
25.56,25.5,25.19,25.63,435,-2.05,0
25.56,25.5,25.19,25.63,430,-2.19230769231,0
25.56,25.5,25.19,25.63,435,-2.15384615385,0
25.5,25.5,25.19,25.63,435,-2.12692307692,0
25.5,25.5,25.19,25.56,430,-2.11153846154,0
25.5,25.5,25.19,25.63,425,-2.10384615385,0
25.5,25.5,25.19,25.63,430,-2.05769230769,0
25.5,25.5,25.19,25.63,430,-1.92692307692,0
25.56,25.5,25.19,25.63,425,-1.80384615385,0
25.56,25.5,25.19,25.63,425,-1.68846153846,0
25.56,25.5,25.19,25.63,425,-1.58461538462,0
25.5,25.5,25.19,25.63,420,-1.54230769231,0
25.56,25.5,25.19,25.63,420,-1.51538461538,0
25.5,25.5,25.19,25.63,420,-1.45769230769,0
25.5,25.5,25.19,25.63,415,-1.46538461538,0
25.5,25.5,25.19,25.63,420,-1.44615384615,0
25.56,25.5,25.19,25.63,425,-1.35769230769,0
25.56,25.5,25.19,25.63,425,-1.3,0
25.5,25.5,25.19,25.63,425,-1.22692307692,0
25.5,25.5,25.19,25.63,420,-1.18461538462,0
25.56,25.5,25.19,25.63,415,-1.11923076923,0
25.5,25.5,25.19,25.63,415,-1.02692307692,0
25.5,25.5,25.19,25.63,410,-0.953846153846,0
25.5,25.5,25.19,25.63,405,-0.946153846154,0
25.5,25.5,25.19,25.63,400,-1.05384615385,0
25.5,25.5,25.19,25.63,395,-1.18076923077,0
25.5,25.5,25.19,25.69,400,-1.28076923077,0
25.56,25.5,25.13,25.69,400,-1.30769230769,0
25.5,25.5,25.13,25.63,400,-1.30769230769,0
25.5,25.5,25.13,25.63,390,-1.42307692308,0
25.5,25.5,25.13,25.63,390,-1.55769230769,0
25.56,25.5,25.13,25.63,390,-1.61538461538,0
25.5,25.5,25.19,25.69,390,-1.64230769231,0
25.5,25.5,25.13,25.63,390,-1.68846153846,0
25.5,25.5,25.13,25.63,390,-1.70769230769,0
25.5,25.5,25.13,25.63,390,-1.7,0
25.5,25.44,25.13,25.56,395,-1.66923076923,0
25.5,25.5,25.13,25.63,390,-1.66538461538,0
25.5,25.5,25.13,25.63,390,-1.63846153846,0
25.5,25.44,25.13,25.63,390,-1.63846153846,0
25.5,25.5,25.19,25.63,390,-1.56923076923,0
25.5,25.44,25.13,25.63,390,-1.42692307692,0
25.56,25.44,25.13,25.63,390,-1.25769230769,0
25.5,25.5,25.13,25.63,390,-1.06153846154,0
25.5,25.5,25.13,25.63,390,-0.888461538462,0
25.5,25.44,25.19,25.63,390,-0.742307692308,0
25.5,25.5,25.19,25.63,390,-0.576923076923,0
25.5,25.5,25.13,25.63,390,-0.442307692308,0
25.5,25.44,25.13,25.63,390,-0.342307692308,0
25.5,25.5,25.19,25.63,390,-0.280769230769,0
25.5,25.5,25.13,25.63,390,-0.261538461538,0
25.5,25.44,25.13,25.63,385,-0.234615384615,0
25.5,25.5,25.19,25.63,385,-0.196153846154,0
25.5,25.5,25.19,25.63,385,-0.146153846154,0
25.5,25.5,25.19,25.63,385,-0.184615384615,0
25.5,25.5,25.19,25.63,385,-0.219230769231,0
25.5,25.5,25.19,25.63,385,-0.25,0
25.5,25.5,25.19,25.63,385,-0.276923076923,0
25.5,25.5,25.19,25.63,385,-0.3,0
25.5,25.44,25.19,25.56,385,-0.319230769231,0
25.5,25.44,25.19,25.63,385,-0.334615384615,0
25.5,25.44,25.19,25.63,385,-0.296153846154,0
25.5,25.5,25.13,25.56,385,-0.3,0
25.5,25.44,25.13,25.63,385,-0.3,0
25.5,25.44,25.13,25.63,385,-0.296153846154,0
25.5,25.44,25.13,25.63,385,-0.288461538462,0
25.5,25.44,25.13,25.63,385,-0.276923076923,0
25.5,25.44,25.13,25.63,385,-0.261538461538,0
25.5,25.44,25.13,25.63,385,-0.242307692308,0
25.5,25.44,25.13,25.63,385,-0.219230769231,0
25.5,25.44,25.13,25.63,385,-0.192307692308,0
25.5,25.44,25.13,25.63,385,-0.161538461538,0
25.5,25.44,25.13,25.63,385,-0.126923076923,0
25.5,25.44,25.13,25.63,385,-0.0884615384615,0
25.5,25.44,25.13,25.63,385,-0.0461538461538,0
25.5,25.44,25.13,25.63,385,0.0,0
25.5,25.44,25.13,25.63,385,0.0,0
25.44,25.44,25.13,25.63,385,0.0,0
25.44,25.44,25.13,25.63,385,0.0,0
25.5,25.44,25.13,25.63,385,0.0,0
25.5,25.44,25.13,25.56,385,0.0,0
25.5,25.44,25.13,25.63,385,0.0,0
25.5,25.44,25.13,25.63,380,-0.0461538461538,0
25.5,25.44,25.13,25.63,380,-0.0884615384615,0
25.5,25.44,25.13,25.56,380,-0.126923076923,0
25.5,25.44,25.13,25.63,380,-0.161538461538,0
25.5,25.44,25.13,25.56,380,-0.192307692308,0
25.5,25.44,25.13,25.63,380,-0.219230769231,0
25.5,25.44,25.13,25.56,380,-0.242307692308,0
25.44,25.44,25.13,25.63,380,-0.261538461538,0
25.44,25.44,25.13,25.56,380,-0.276923076923,0
25.5,25.44,25.06,25.56,380,-0.288461538462,0
25.5,25.44,25.06,25.56,380,-0.296153846154,0
25.5,25.44,25.13,25.63,380,-0.3,0
25.44,25.44,25.13,25.63,380,-0.3,0
25.5,25.44,25.06,25.63,380,-0.296153846154,0
25.5,25.44,25.13,25.56,380,-0.288461538462,0
25.5,25.44,25.06,25.56,380,-0.276923076923,0
25.44,25.44,25.06,25.56,380,-0.261538461538,0
25.44,25.44,25.13,25.56,380,-0.242307692308,0
25.5,25.44,25.13,25.56,380,-0.219230769231,0
25.44,25.44,25.13,25.63,380,-0.192307692308,0
25.5,25.44,25.06,25.56,380,-0.161538461538,0
25.5,25.44,25.06,25.56,380,-0.126923076923,0
25.5,25.44,25.06,25.56,380,-0.0884615384615,0
25.44,25.44,25.13,25.63,380,-0.0461538461538,0
25.5,25.44,25.13,25.56,380,0.0,0
25.44,25.44,25.06,25.63,380,0.0,0
25.44,25.44,25.06,25.56,380,0.0,0
25.44,25.44,25.06,25.56,380,0.0,0
25.5,25.44,25.06,25.56,380,0.0,0
25.5,25.44,25.13,25.56,375,-0.0461538461538,0
25.5,25.44,25.06,25.56,380,-0.0423076923077,0
25.5,25.44,25.06,25.56,375,-0.0846153846154,0
25.5,25.44,25.06,25.56,375,-0.123076923077,0
25.5,25.44,25.06,25.56,380,-0.111538461538,0
25.44,25.44,25.06,25.56,375,-0.146153846154,0
25.44,25.44,25.06,25.56,375,-0.176923076923,0
25.44,25.44,25.06,25.56,375,-0.203846153846,0
25.44,25.44,25.06,25.56,375,-0.226923076923,0
25.44,25.44,25.06,25.56,375,-0.246153846154,0
25.44,25.44,25.06,25.56,375,-0.261538461538,0
25.44,25.44,25.06,25.56,375,-0.273076923077,0
25.5,25.44,25.06,25.56,375,-0.280769230769,0
25.44,25.44,25.06,25.63,375,-0.284615384615,0
25.5,25.44,25.06,25.56,375,-0.284615384615,0
25.44,25.44,25.06,25.56,375,-0.280769230769,0
25.44,25.38,25.06,25.56,375,-0.273076923077,0
25.44,25.44,25.06,25.56,375,-0.261538461538,0
25.44,25.44,25.06,25.56,375,-0.246153846154,0
25.44,25.44,25.06,25.56,375,-0.226923076923,0
25.44,25.38,25.06,25.56,375,-0.203846153846,0
25.44,25.44,25.06,25.56,375,-0.176923076923,0
25.44,25.44,25.06,25.56,375,-0.146153846154,0
25.44,25.44,25.13,25.56,375,-0.111538461538,0
25.44,25.44,25.06,25.56,375,-0.0730769230769,0
25.44,25.44,25.06,25.56,375,-0.0807692307692,0
25.44,25.44,25.13,25.56,375,-0.0384615384615,0
25.38,25.44,25.06,25.56,370,-0.0884615384615,0
25.44,25.44,25.06,25.56,375,-0.0884615384615,0
25.44,25.44,25.06,25.56,370,-0.0846153846154,0
25.44,25.44,25.06,25.56,370,-0.123076923077,0
25.44,25.44,25.06,25.5,370,-0.157692307692,0
25.44,25.44,25.13,25.5,370,-0.188461538462,0
25.44,25.44,25.06,25.56,370,-0.215384615385,0
25.44,25.44,25.06,25.5,370,-0.238461538462,0
25.44,25.44,25.06,25.56,370,-0.257692307692,0
25.44,25.44,25.06,25.56,370,-0.273076923077,0
25.44,25.44,25.06,25.56,370,-0.284615384615,0
25.44,25.44,25.06,25.56,370,-0.292307692308,0
25.44,25.44,25.06,25.5,370,-0.296153846154,0
25.38,25.38,25.06,25.5,370,-0.296153846154,0
25.44,25.44,25.06,25.5,370,-0.292307692308,0
25.44,25.38,25.06,25.5,370,-0.284615384615,0
25.44,25.44,25.06,25.5,370,-0.273076923077,0
25.44,25.38,25.06,25.5,370,-0.257692307692,0
25.38,25.38,25.06,25.5,370,-0.238461538462,0
25.38,25.38,25.06,25.5,370,-0.215384615385,0
25.38,25.44,25.06,25.5,370,-0.188461538462,0
25.44,25.44,25.06,25.5,370,-0.157692307692,0
25.38,25.38,25.06,25.56,370,-0.123076923077,0
25.38,25.44,25.06,25.5,370,-0.0846153846154,0
25.38,25.44,25.06,25.56,370,-0.0423076923077,0
25.38,25.38,25.06,25.5,370,-0.0461538461538,0
25.38,25.38,25.06,25.5,370,0.0,0
25.38,25.38,25.06,25.56,370,0.0,0
25.38,25.38,25.06,25.56,370,0.0,0
25.38,25.38,25.06,25.56,370,0.0,0
25.38,25.38,25.06,25.56,370,0.0,0
25.44,25.44,25.06,25.5,370,0.0,0
25.38,25.44,25.06,25.56,370,0.0,0
25.44,25.44,25.06,25.5,370,0.0,0
25.44,25.38,25.0,25.5,370,0.0,0
25.38,25.44,25.06,25.56,370,0.0,0
25.38,25.44,25.06,25.5,370,0.0,0
25.38,25.38,25.06,25.5,370,0.0,0
25.38,25.44,25.06,25.5,370,0.0,0
25.38,25.38,25.06,25.5,365,-0.0461538461538,0
25.38,25.44,25.06,25.5,365,-0.0884615384615,0
25.38,25.38,25.0,25.5,365,-0.126923076923,0
25.38,25.44,25.06,25.5,365,-0.161538461538,0
25.38,25.44,25.06,25.5,365,-0.192307692308,0
25.38,25.44,25.06,25.5,365,-0.219230769231,0
25.38,25.44,25.06,25.5,365,-0.242307692308,0
25.38,25.44,25.06,25.56,365,-0.261538461538,0
25.38,25.44,25.06,25.5,365,-0.276923076923,0
25.38,25.38,25.06,25.5,365,-0.288461538462,0
25.38,25.38,25.06,25.5,365,-0.296153846154,0
25.38,25.44,25.0,25.5,365,-0.3,0
25.38,25.38,25.0,25.5,365,-0.3,0
25.38,25.38,25.06,25.5,365,-0.296153846154,0
25.38,25.38,25.0,25.5,365,-0.288461538462,0
25.38,25.38,25.0,25.5,365,-0.276923076923,0
25.38,25.38,25.0,25.56,365,-0.261538461538,0
25.38,25.38,25.0,25.5,365,-0.242307692308,0
25.38,25.38,25.0,25.5,365,-0.219230769231,0
25.38,25.38,25.0,25.5,365,-0.192307692308,0
25.31,25.38,25.06,25.56,365,-0.161538461538,0
25.38,25.38,25.06,25.5,365,-0.126923076923,0
25.38,25.38,25.0,25.5,365,-0.0884615384615,0
25.38,25.38,25.0,25.5,365,-0.0461538461538,0
25.38,25.38,25.0,25.5,365,0.0,0
25.38,25.38,25.0,25.5,365,0.0,0
25.38,25.38,25.06,25.5,365,0.0,0
25.38,25.38,25.06,25.5,360,-0.0461538461538,0
25.38,25.38,25.0,25.5,360,-0.0884615384615,0
25.38,25.38,25.0,25.5,365,-0.0807692307692,0
25.38,25.38,25.0,25.5,365,-0.0730769230769,0
25.38,25.38,25.0,25.5,365,-0.0653846153846,0
25.38,25.38,25.0,25.5,360,-0.103846153846,0
25.38,25.38,25.0,25.5,360,-0.138461538462,0
25.31,25.38,25.0,25.5,360,-0.169230769231,0
25.38,25.38,25.0,25.5,360,-0.196153846154,0
25.38,25.38,25.0,25.5,360,-0.219230769231,0
25.38,25.38,25.0,25.5,360,-0.238461538462,0
25.38,25.38,25.0,25.5,360,-0.253846153846,0
25.38,25.38,25.06,25.5,360,-0.265384615385,0
25.38,25.38,25.0,25.5,360,-0.273076923077,0
25.38,25.38,25.0,25.5,360,-0.276923076923,0
25.38,25.38,25.0,25.5,360,-0.276923076923,0
25.38,25.38,25.0,25.44,360,-0.273076923077,0
25.38,25.38,25.0,25.44,360,-0.265384615385,0
25.38,25.38,25.0,25.5,360,-0.253846153846,0
25.38,25.38,25.0,25.5,360,-0.238461538462,0
25.38,25.38,25.0,25.5,360,-0.219230769231,0
25.38,25.38,25.0,25.5,360,-0.196153846154,0
25.38,25.38,25.0,25.5,360,-0.169230769231,0
25.31,25.38,25.0,25.5,360,-0.138461538462,0
25.31,25.38,25.0,25.5,360,-0.103846153846,0
25.31,25.38,25.0,25.5,360,-0.115384615385,0
25.31,25.38,25.0,25.5,360,-0.126923076923,0
25.31,25.38,25.0,25.5,360,-0.0884615384615,0
25.31,25.38,25.0,25.5,360,-0.0461538461538,0
25.38,25.38,25.0,25.5,360,0.0,0
25.31,25.38,25.0,25.5,360,0.0,0
25.38,25.38,25.0,25.5,360,0.0,0
25.38,25.38,25.0,25.5,360,0.0,0
25.38,25.38,25.0,25.5,360,0.0,0
25.38,25.38,25.0,25.5,360,0.0,0
25.31,25.38,25.0,25.44,360,0.0,0
25.31,25.38,25.0,25.44,360,0.0,0
25.31,25.38,25.0,25.5,360,0.0,0
25.31,25.38,25.0,25.5,360,0.0,0
25.31,25.38,25.0,25.44,360,0.0,0
25.31,25.31,25.0,25.44,360,0.0,0
25.38,25.38,25.0,25.44,360,0.0,0
25.38,25.38,24.94,25.44,360,0.0,0
25.38,25.38,25.0,25.44,360,0.0,0
25.31,25.38,25.0,25.44,360,0.0,0
25.38,25.38,25.0,25.44,355,-0.0461538461538,0
25.38,25.38,25.0,25.44,360,-0.0423076923077,0
25.38,25.38,25.0,25.44,360,-0.0384615384615,0
25.31,25.38,25.0,25.44,355,-0.0807692307692,0
25.38,25.38,25.0,25.5,355,-0.119230769231,0
25.38,25.38,24.94,25.44,355,-0.153846153846,0
25.38,25.38,25.0,25.44,355,-0.184615384615,0
25.31,25.31,25.0,25.44,355,-0.211538461538,0
25.31,25.38,25.0,25.44,355,-0.234615384615,0
25.38,25.31,25.0,25.44,355,-0.253846153846,0
25.31,25.31,25.0,25.44,355,-0.269230769231,0
25.31,25.38,25.0,25.5,355,-0.280769230769,0
25.31,25.38,25.0,25.44,355,-0.288461538462,0
25.31,25.38,25.0,25.5,355,-0.292307692308,0
25.31,25.38,25.0,25.5,355,-0.292307692308,0
25.31,25.38,25.0,25.44,355,-0.288461538462,0
25.38,25.38,24.94,25.5,355,-0.280769230769,0
25.31,25.38,25.0,25.44,355,-0.269230769231,0
25.38,25.31,25.0,25.44,355,-0.253846153846,0
25.31,25.31,25.0,25.44,355,-0.234615384615,0
25.38,25.38,25.0,25.44,355,-0.211538461538,0
25.38,25.38,25.0,25.44,355,-0.184615384615,0
25.31,25.38,25.0,25.5,355,-0.153846153846,0
25.31,25.31,25.0,25.44,355,-0.119230769231,0
25.38,25.38,25.0,25.44,355,-0.0807692307692,0
25.31,25.38,25.0,25.44,355,-0.0884615384615,0
25.31,25.38,24.94,25.44,355,-0.0461538461538,0
25.31,25.38,25.0,25.44,355,0.0,0
25.31,25.38,25.0,25.44,355,0.0,0
25.31,25.38,25.0,25.44,355,0.0,0
25.31,25.38,25.0,25.44,355,0.0,0
25.31,25.38,25.0,25.44,355,0.0,0
25.31,25.38,24.94,25.44,355,0.0,0
25.31,25.38,25.0,25.44,355,0.0,0
25.31,25.38,25.0,25.5,355,0.0,0
25.31,25.38,25.0,25.5,355,0.0,0
25.31,25.38,24.94,25.5,355,0.0,0
25.31,25.38,24.94,25.44,355,0.0,0
25.31,25.38,25.0,25.44,355,0.0,0
25.31,25.31,25.0,25.44,355,0.0,0
25.31,25.38,25.0,25.44,355,0.0,0
25.31,25.38,24.94,25.44,355,0.0,0
25.31,25.38,24.94,25.5,355,0.0,0
25.31,25.38,25.0,25.44,355,0.0,0
25.31,25.31,25.0,25.44,355,0.0,0
25.31,25.31,25.0,25.5,350,-0.0461538461538,0
25.31,25.38,24.94,25.5,350,-0.0884615384615,0
25.31,25.31,24.94,25.44,355,-0.0807692307692,0
25.31,25.31,24.94,25.44,355,-0.0730769230769,0
25.31,25.31,24.94,25.44,350,-0.111538461538,0
25.38,25.31,24.94,25.44,350,-0.146153846154,0
25.31,25.31,24.94,25.5,350,-0.176923076923,0
25.31,25.38,24.94,25.5,355,-0.157692307692,0
25.31,25.31,24.94,25.5,350,-0.184615384615,0
25.31,25.38,24.94,25.44,350,-0.207692307692,0
25.31,25.31,24.94,25.44,350,-0.226923076923,0
25.31,25.31,24.94,25.44,350,-0.242307692308,0
25.31,25.38,24.94,25.44,350,-0.253846153846,0
25.31,25.31,24.94,25.44,350,-0.261538461538,0
25.31,25.31,24.94,25.44,350,-0.265384615385,0
25.31,25.31,24.94,25.44,350,-0.265384615385,0
25.31,25.38,24.94,25.44,350,-0.261538461538,0
25.31,25.31,24.94,25.44,350,-0.253846153846,0
25.31,25.38,24.94,25.44,350,-0.242307692308,0
25.31,25.31,24.94,25.38,350,-0.226923076923,0
25.31,25.31,24.94,25.38,350,-0.207692307692,0
25.31,25.38,24.94,25.44,350,-0.184615384615,0
25.31,25.31,24.94,25.44,350,-0.157692307692,0
25.31,25.31,24.94,25.44,350,-0.126923076923,0
25.31,25.38,24.94,25.44,350,-0.0923076923077,0
25.25,25.38,24.94,25.38,350,-0.103846153846,0
25.31,25.31,24.94,25.44,350,-0.115384615385,0
25.31,25.38,24.94,25.38,350,-0.0769230769231,0
25.31,25.38,24.94,25.38,350,-0.0346153846154,0
25.31,25.38,24.94,25.38,350,-0.0384615384615,0
25.31,25.31,24.94,25.38,350,-0.0423076923077,0
25.31,25.31,24.94,25.38,350,-0.0461538461538,0
25.31,25.31,24.94,25.44,350,0.0,0
25.31,25.31,24.94,25.44,350,0.0,0
25.31,25.31,24.94,25.44,350,0.0,0
25.31,25.31,24.94,25.44,350,0.0,0
25.31,25.31,24.94,25.44,350,0.0,0
25.31,25.31,24.94,25.44,350,0.0,0
25.31,25.31,24.94,25.38,350,0.0,0
25.31,25.31,24.94,25.38,350,0.0,0
25.31,25.31,24.94,25.44,350,0.0,0
25.31,25.31,24.94,25.38,350,0.0,0
25.31,25.31,24.94,25.44,345,-0.0461538461538,0
25.31,25.31,24.94,25.44,345,-0.0884615384615,0
25.31,25.31,24.94,25.38,345,-0.126923076923,0
25.31,25.31,24.94,25.44,350,-0.115384615385,0
25.25,25.31,24.94,25.38,350,-0.103846153846,0
25.31,25.31,24.94,25.44,350,-0.0923076923077,0
25.31,25.31,24.94,25.44,345,-0.126923076923,0
25.31,25.31,24.94,25.44,345,-0.157692307692,0
25.31,25.31,24.94,25.44,345,-0.184615384615,0
25.31,25.31,24.94,25.44,345,-0.207692307692,0
25.31,25.31,24.94,25.44,345,-0.226923076923,0
25.31,25.31,24.94,25.38,345,-0.242307692308,0
25.31,25.31,24.94,25.44,345,-0.253846153846,0
25.31,25.31,24.94,25.44,345,-0.261538461538,0
25.31,25.31,24.94,25.44,345,-0.265384615385,0
25.31,25.31,24.94,25.38,345,-0.265384615385,0
25.31,25.31,24.94,25.38,345,-0.261538461538,0
25.31,25.31,24.94,25.38,345,-0.253846153846,0
25.31,25.31,24.94,25.38,345,-0.242307692308,0
25.31,25.38,24.94,25.38,345,-0.226923076923,0
25.31,25.31,24.94,25.44,345,-0.207692307692,0
25.31,25.31,24.94,25.44,345,-0.184615384615,0
25.31,25.31,24.94,25.44,345,-0.157692307692,0
25.31,25.31,24.94,25.38,345,-0.126923076923,0
25.25,25.31,24.94,25.38,345,-0.0923076923077,0
25.31,25.31,24.94,25.44,345,-0.103846153846,0
25.31,25.31,24.94,25.44,345,-0.115384615385,0
25.31,25.31,24.94,25.44,345,-0.126923076923,0
25.31,25.31,24.94,25.44,345,-0.0884615384615,0
25.31,25.31,24.94,25.44,345,-0.0461538461538,0
25.31,25.31,24.94,25.44,345,0.0,0
25.31,25.31,24.94,25.44,345,0.0,0
25.31,25.31,24.94,25.44,345,0.0,0
25.31,25.31,24.94,25.44,345,0.0,0
25.31,25.31,24.88,25.44,345,0.0,0
25.31,25.31,24.88,25.44,345,0.0,0
25.25,25.31,24.94,25.44,345,0.0,0
25.25,25.31,24.88,25.44,345,0.0,0
25.31,25.31,24.94,25.44,345,0.0,0
25.31,25.31,24.88,25.38,345,0.0,0
25.31,25.31,24.94,25.38,345,0.0,0
25.25,25.31,24.94,25.38,345,0.0,0
25.31,25.31,24.88,25.44,345,0.0,0
25.25,25.31,24.94,25.38,345,0.0,0
25.31,25.31,24.88,25.44,345,0.0,0
25.31,25.31,24.88,25.38,345,0.0,0
25.31,25.31,24.88,25.38,345,0.0,0
25.25,25.31,24.94,25.44,345,0.0,0
25.25,25.31,24.88,25.38,345,0.0,0
25.25,25.31,24.88,25.38,345,0.0,0
25.25,25.31,24.94,25.38,345,0.0,0
25.31,25.31,24.88,25.38,345,0.0,0
25.25,25.31,24.88,25.44,345,0.0,0
25.25,25.31,24.94,25.44,345,0.0,0
25.31,25.31,24.94,25.44,345,0.0,0
25.25,25.31,24.94,25.44,345,0.0,0
25.31,25.31,24.94,25.44,345,0.0,0
25.31,25.31,24.94,25.44,345,0.0,0
25.31,25.31,24.88,25.44,345,0.0,0
25.31,25.31,24.94,25.44,345,0.0,0
25.25,25.31,24.94,25.44,345,0.0,0
25.31,25.31,24.88,25.38,345,0.0,0
25.25,25.31,24.94,25.38,345,0.0,0
25.25,25.31,24.94,25.38,345,0.0,0
25.31,25.31,24.94,25.38,345,0.0,0
25.25,25.31,24.88,25.38,345,0.0,0
25.25,25.31,24.88,25.38,345,0.0,0
25.25,25.31,24.94,25.38,345,0.0,0
25.25,25.31,24.88,25.38,345,0.0,0
25.25,25.31,24.88,25.38,345,0.0,0
25.25,25.31,24.94,25.38,345,0.0,0
25.25,25.25,24.88,25.38,345,0.0,0
25.25,25.31,24.88,25.38,345,0.0,0
25.25,25.31,24.88,25.44,345,0.0,0
25.25,25.31,24.88,25.38,345,0.0,0
25.25,25.31,24.88,25.38,345,0.0,0
25.25,25.31,24.88,25.44,345,0.0,0
25.25,25.31,24.88,25.44,345,0.0,0
25.25,25.31,24.88,25.44,345,0.0,0
25.25,25.31,24.88,25.38,345,0.0,0
25.25,25.31,24.94,25.38,345,0.0,0
25.25,25.31,24.88,25.38,345,0.0,0
25.25,25.31,24.88,25.38,345,0.0,0
25.25,25.31,24.88,25.38,345,0.0,0
25.31,25.31,24.94,25.38,345,0.0,0
25.31,25.31,24.88,25.38,345,0.0,0
25.25,25.31,24.88,25.38,345,0.0,0
25.25,25.31,24.88,25.38,345,0.0,0
25.25,25.31,24.88,25.38,345,0.0,0
25.25,25.31,24.88,25.38,345,0.0,0
25.25,25.31,24.88,25.38,345,0.0,0
25.25,25.31,24.88,25.38,345,0.0,0
25.25,25.31,24.88,25.44,345,0.0,0
25.25,25.31,24.94,25.38,345,0.0,0
25.25,25.31,24.94,25.38,345,0.0,0
25.25,25.31,24.88,25.38,345,0.0,0
25.25,25.31,24.88,25.38,345,0.0,0
25.25,25.31,24.88,25.38,345,0.0,0
25.25,25.31,24.88,25.38,345,0.0,0
25.25,25.31,24.88,25.38,345,0.0,0
25.25,25.31,24.88,25.38,345,0.0,0
25.25,25.31,24.88,25.38,345,0.0,0
25.25,25.31,24.88,25.38,345,0.0,0
25.25,25.31,24.88,25.38,345,0.0,0
25.25,25.31,24.88,25.31,345,0.0,0
25.25,25.31,24.88,25.31,345,0.0,0
25.25,25.31,24.88,25.38,345,0.0,0
25.25,25.31,24.88,25.31,345,0.0,0
25.25,25.31,24.88,25.31,345,0.0,0
25.25,25.31,24.88,25.38,345,0.0,0
25.25,25.31,24.88,25.31,345,0.0,0
25.31,25.31,24.88,25.31,345,0.0,0
25.25,25.25,24.88,25.31,345,0.0,0
25.25,25.25,24.88,25.38,345,0.0,0
25.25,25.25,24.88,25.31,345,0.0,0
25.25,25.25,24.88,25.31,345,0.0,0
25.25,25.25,24.88,25.31,345,0.0,0
25.25,25.25,24.88,25.31,345,0.0,0
25.25,25.31,24.88,25.31,345,0.0,0
25.25,25.31,24.88,25.31,345,0.0,0
25.25,25.25,24.88,25.31,345,0.0,0
25.25,25.31,24.88,25.31,345,0.0,0
25.25,25.31,24.88,25.38,345,0.0,0
25.25,25.31,24.88,25.38,345,0.0,0
25.25,25.31,24.88,25.38,345,0.0,0
25.25,25.31,24.88,25.38,345,0.0,0
25.25,25.31,24.88,25.38,345,0.0,0
25.25,25.31,24.88,25.38,345,0.0,0
25.25,25.31,24.88,25.31,345,0.0,0
25.25,25.31,24.88,25.38,345,0.0,0
25.25,25.31,24.88,25.38,345,0.0,0
25.25,25.31,24.88,25.31,345,0.0,0
25.25,25.31,24.88,25.38,345,0.0,0
25.25,25.31,24.88,25.38,345,0.0,0
25.25,25.25,24.88,25.38,345,0.0,0
25.25,25.25,24.88,25.31,345,0.0,0
25.25,25.31,24.81,25.31,345,0.0,0
25.25,25.31,24.88,25.31,345,0.0,0
25.25,25.25,24.88,25.31,345,0.0,0
25.25,25.31,24.88,25.31,345,0.0,0
25.25,25.25,24.88,25.31,345,0.0,0
25.25,25.25,24.88,25.38,345,0.0,0
25.19,25.25,24.81,25.38,345,0.0,0
25.25,25.25,24.88,25.38,345,0.0,0
25.25,25.25,24.88,25.38,345,0.0,0
25.19,25.25,24.88,25.38,345,0.0,0
25.25,25.25,24.81,25.38,345,0.0,0
25.19,25.25,24.88,25.31,345,0.0,0
25.19,25.25,24.88,25.31,345,0.0,0
25.25,25.25,24.88,25.38,345,0.0,0
25.25,25.25,24.81,25.38,345,0.0,0
25.25,25.25,24.88,25.44,345,0.0,0
25.25,25.25,24.88,25.38,345,0.0,0
25.25,25.31,24.88,25.38,345,0.0,0
25.25,25.31,24.81,25.38,345,0.0,0
25.25,25.31,24.88,25.31,345,0.0,0
25.25,25.25,24.88,25.38,345,0.0,0
25.25,25.31,24.88,25.38,345,0.0,0
25.25,25.25,24.88,25.31,345,0.0,0
25.25,25.25,24.88,25.38,345,0.0,0
25.25,25.25,24.88,25.31,345,0.0,0
25.25,25.25,24.88,25.31,345,0.0,0
25.25,25.25,24.88,25.31,345,0.0,0
25.25,25.25,24.81,25.31,345,0.0,0
25.25,25.25,24.88,25.31,345,0.0,0
25.25,25.31,24.81,25.38,345,0.0,0
25.25,25.31,24.81,25.38,345,0.0,0
25.25,25.25,24.88,25.31,345,0.0,0
25.19,25.25,24.81,25.31,345,0.0,0
25.19,25.25,24.81,25.38,345,0.0,0
25.19,25.25,24.88,25.38,345,0.0,0
25.19,25.25,24.88,25.38,345,0.0,0
25.19,25.25,24.81,25.38,345,0.0,0
25.19,25.25,24.81,25.38,345,0.0,0
25.25,25.25,24.81,25.31,345,0.0,0
25.25,25.25,24.81,25.38,345,0.0,0
25.25,25.25,24.88,25.31,345,0.0,0
25.25,25.25,24.81,25.38,345,0.0,0
25.25,25.31,24.81,25.38,345,0.0,0
25.25,25.25,24.88,25.38,345,0.0,0
25.25,25.25,24.81,25.38,345,0.0,0
25.25,25.25,24.88,25.38,345,0.0,0
25.25,25.25,24.88,25.31,345,0.0,0
25.25,25.25,24.81,25.31,345,0.0,0
25.25,25.25,24.81,25.31,345,0.0,0
25.25,25.25,24.81,25.31,345,0.0,0
25.25,25.25,24.81,25.31,345,0.0,0
25.19,25.25,24.81,25.31,345,0.0,0
25.25,25.25,24.81,25.31,345,0.0,0
25.25,25.25,24.81,25.31,345,0.0,0
25.25,25.25,24.81,25.25,345,0.0,0
25.25,25.25,24.81,25.31,345,0.0,0
25.19,25.25,24.81,25.31,345,0.0,0
25.19,25.25,24.81,25.31,345,0.0,0
25.19,25.25,24.81,25.31,345,0.0,0
25.25,25.25,24.81,25.31,345,0.0,0
25.19,25.25,24.81,25.31,345,0.0,0
25.19,25.25,24.88,25.31,345,0.0,0
25.25,25.25,24.81,25.31,345,0.0,0
25.19,25.25,24.81,25.31,345,0.0,0
25.19,25.25,24.81,25.31,345,0.0,0
25.19,25.25,24.88,25.31,345,0.0,0
25.25,25.25,24.88,25.31,345,0.0,0
25.25,25.25,24.81,25.31,345,0.0,0
25.25,25.25,24.81,25.31,345,0.0,0
25.25,25.25,24.81,25.38,345,0.0,0
25.25,25.31,24.81,25.31,345,0.0,0
25.25,25.31,24.81,25.31,345,0.0,0
25.25,25.31,24.81,25.31,345,0.0,0
25.25,25.25,24.81,25.31,345,0.0,0
25.25,25.25,24.81,25.38,345,0.0,0
25.25,25.25,24.81,25.31,345,0.0,0
25.25,25.25,24.88,25.38,345,0.0,0
25.19,25.31,24.81,25.38,345,0.0,0
25.25,25.25,24.81,25.31,345,0.0,0
25.19,25.25,24.81,25.31,345,0.0,0
25.25,25.25,24.81,25.31,345,0.0,0
25.25,25.25,24.81,25.31,345,0.0,0
25.25,25.25,24.81,25.31,345,0.0,0
25.25,25.25,24.81,25.31,345,0.0,0
25.19,25.25,24.81,25.31,345,0.0,0
25.19,25.25,24.81,25.31,345,0.0,0
25.25,25.31,24.81,25.31,345,0.0,0
25.19,25.31,24.81,25.31,345,0.0,0
25.25,25.25,24.81,25.31,345,0.0,0
25.25,25.25,24.81,25.31,345,0.0,0
25.25,25.25,24.81,25.31,345,0.0,0
25.25,25.25,24.81,25.31,345,0.0,0
25.25,25.25,24.81,25.31,345,0.0,0
25.19,25.25,24.81,25.31,345,0.0,0
25.19,25.25,24.81,25.31,345,0.0,0
25.19,25.25,24.81,25.31,345,0.0,0
25.19,25.25,24.81,25.31,345,0.0,0
25.19,25.25,24.81,25.31,345,0.0,0
25.19,25.25,24.81,25.31,345,0.0,0
25.19,25.25,24.81,25.31,345,0.0,0
25.19,25.25,24.81,25.31,345,0.0,0
25.19,25.25,24.81,25.31,345,0.0,0
25.25,25.25,24.81,25.31,345,0.0,0
25.19,25.25,24.81,25.31,345,0.0,0
25.19,25.25,24.81,25.31,345,0.0,0
25.19,25.25,24.81,25.25,345,0.0,0
25.19,25.25,24.81,25.31,345,0.0,0
25.19,25.25,24.81,25.31,345,0.0,0
25.19,25.25,24.81,25.25,345,0.0,0
25.19,25.25,24.81,25.31,345,0.0,0
25.19,25.25,24.81,25.31,345,0.0,0
25.19,25.25,24.75,25.31,345,0.0,0
25.19,25.25,24.81,25.25,345,0.0,0
25.19,25.25,24.81,25.31,345,0.0,0
25.19,25.25,24.81,25.31,345,0.0,0
25.19,25.25,24.81,25.31,345,0.0,0
25.19,25.25,24.81,25.31,345,0.0,0
25.19,25.25,24.75,25.31,345,0.0,0
25.19,25.25,24.81,25.31,345,0.0,0
25.19,25.25,24.81,25.31,345,0.0,0
25.19,25.25,24.81,25.25,345,0.0,0
25.19,25.25,24.81,25.25,345,0.0,0
25.19,25.25,24.75,25.25,345,0.0,0
25.19,25.25,24.81,25.25,345,0.0,0
25.19,25.19,24.81,25.31,345,0.0,0
25.19,25.25,24.81,25.25,345,0.0,0
25.19,25.25,24.75,25.25,345,0.0,0
25.19,25.25,24.81,25.25,345,0.0,0
25.19,25.25,24.75,25.25,345,0.0,0
25.25,25.25,24.81,25.25,345,0.0,0
25.19,25.25,24.75,25.31,345,0.0,0
25.25,25.25,24.75,25.25,345,0.0,0
25.19,25.19,24.81,25.25,345,0.0,0
25.19,25.25,24.81,25.25,345,0.0,0
25.19,25.25,24.75,25.25,345,0.0,0
25.19,25.25,24.81,25.25,345,0.0,0
25.19,25.19,24.81,25.31,345,0.0,0
25.19,25.25,24.81,25.31,345,0.0,0
25.19,25.25,24.81,25.31,345,0.0,0
25.19,25.25,24.81,25.31,345,0.0,0
25.19,25.25,24.75,25.31,345,0.0,0
25.19,25.25,24.81,25.31,345,0.0,0
25.19,25.25,24.75,25.38,345,0.0,0
25.25,25.25,24.75,25.31,345,0.0,0
25.19,25.25,24.75,25.25,345,0.0,0
25.19,25.25,24.75,25.25,345,0.0,0
25.19,25.25,24.81,25.25,345,0.0,0
25.19,25.25,24.81,25.31,345,0.0,0
25.19,25.25,24.81,25.31,345,0.0,0
25.19,25.25,24.75,25.31,345,0.0,0
25.19,25.25,24.81,25.31,345,0.0,0
25.19,25.25,24.81,25.31,345,0.0,0
25.19,25.25,24.81,25.31,345,0.0,0
25.19,25.25,24.75,25.31,345,0.0,0
25.19,25.25,24.81,25.31,345,0.0,0
25.19,25.25,24.81,25.31,345,0.0,0
25.19,25.25,24.75,25.31,345,0.0,0
25.19,25.25,24.75,25.31,345,0.0,0
25.19,25.25,24.81,25.31,345,0.0,0
25.19,25.25,24.81,25.25,345,0.0,0
25.19,25.25,24.75,25.25,345,0.0,0
25.19,25.25,24.81,25.25,345,0.0,0
25.19,25.25,24.81,25.25,345,0.0,0
25.19,25.25,24.75,25.25,345,0.0,0
25.19,25.25,24.81,25.25,345,0.0,0
25.19,25.19,24.81,25.31,345,0.0,0
25.19,25.25,24.75,25.25,345,0.0,0
25.19,25.25,24.75,25.25,345,0.0,0
25.19,25.25,24.81,25.25,345,0.0,0
25.19,25.25,24.75,25.25,345,0.0,0
25.19,25.19,24.75,25.19,345,0.0,0
25.19,25.19,24.75,25.25,345,0.0,0
25.19,25.25,24.75,25.25,345,0.0,0
25.19,25.25,24.81,25.25,345,0.0,0
25.19,25.19,24.75,25.25,345,0.0,0
25.19,25.19,24.75,25.25,345,0.0,0
25.19,25.19,24.75,25.25,345,0.0,0
25.19,25.19,24.75,25.25,345,0.0,0
25.19,25.19,24.75,25.25,345,0.0,0
25.19,25.19,24.75,25.25,345,0.0,0
25.19,25.19,24.75,25.25,345,0.0,0
25.13,25.25,24.75,25.31,345,0.0,0
25.19,25.19,24.75,25.25,345,0.0,0
25.19,25.19,24.75,25.25,345,0.0,0
25.19,25.25,24.75,25.25,345,0.0,0
25.19,25.19,24.75,25.25,345,0.0,0
25.19,25.25,24.75,25.25,345,0.0,0
25.19,25.19,24.75,25.25,345,0.0,0
25.19,25.25,24.75,25.25,345,0.0,0
25.19,25.25,24.75,25.25,345,0.0,0
25.19,25.25,24.75,25.19,345,0.0,0
25.19,25.25,24.75,25.19,345,0.0,0
25.19,25.25,24.75,25.25,345,0.0,0
25.19,25.25,24.75,25.25,345,0.0,0
25.13,25.19,24.75,25.25,345,0.0,0
25.13,25.19,24.75,25.25,345,0.0,0
25.13,25.25,24.75,25.25,345,0.0,0
25.19,25.19,24.75,25.19,345,0.0,0
25.19,25.19,24.75,25.25,345,0.0,0
25.19,25.25,24.75,25.25,345,0.0,0
25.13,25.19,24.75,25.25,345,0.0,0
25.19,25.19,24.75,25.31,345,0.0,0
25.19,25.25,24.75,25.31,345,0.0,0
25.19,25.25,24.75,25.25,345,0.0,0
25.19,25.25,24.75,25.25,345,0.0,0
25.19,25.25,24.75,25.25,345,0.0,0
25.19,25.19,24.75,25.25,345,0.0,0
25.19,25.25,24.75,25.25,345,0.0,0
25.19,25.25,24.75,25.25,345,0.0,0
25.19,25.25,24.75,25.25,345,0.0,0
25.19,25.25,24.75,25.25,345,0.0,0
25.19,25.25,24.75,25.25,345,0.0,0
25.19,25.25,24.75,25.25,345,0.0,0
25.19,25.25,24.75,25.25,345,0.0,0
25.13,25.25,24.75,25.25,345,0.0,0
25.19,25.19,24.75,25.25,345,0.0,0
25.19,25.25,24.75,25.25,345,0.0,0
25.19,25.19,24.75,25.31,345,0.0,0
25.19,25.25,24.75,25.25,345,0.0,0
25.19,25.19,24.75,25.31,345,0.0,0
25.13,25.25,24.75,25.31,345,0.0,0
25.13,25.25,24.75,25.31,345,0.0,0
25.13,25.25,24.75,25.31,345,0.0,0
25.19,25.25,24.75,25.25,345,0.0,0
25.19,25.25,24.75,25.25,345,0.0,0
25.19,25.25,24.75,25.25,345,0.0,0
25.19,25.19,24.75,25.25,345,0.0,0
25.19,25.25,24.75,25.25,345,0.0,0
25.19,25.25,24.75,25.25,345,0.0,0
25.19,25.19,24.75,25.31,345,0.0,0
25.19,25.19,24.75,25.25,345,0.0,0
25.19,25.19,24.75,25.25,345,0.0,0
25.19,25.19,24.75,25.25,345,0.0,0
25.19,25.25,24.75,25.25,345,0.0,0
25.19,25.25,24.75,25.25,345,0.0,0
25.19,25.19,24.75,25.25,345,0.0,0
25.19,25.19,24.75,25.31,345,0.0,0
25.19,25.25,24.75,25.25,345,0.0,0
25.19,25.19,24.69,25.25,345,0.0,0
25.19,25.25,24.69,25.25,345,0.0,0
25.19,25.19,24.69,25.25,345,0.0,0
25.25,25.19,24.69,25.25,345,0.0,0
25.19,25.25,24.69,25.25,345,0.0,0
25.19,25.25,24.75,25.31,345,0.0,0
25.19,25.19,24.75,25.25,345,0.0,0
25.19,25.19,24.75,25.25,345,0.0,0
25.19,25.19,24.75,25.25,345,0.0,0
25.19,25.19,24.75,25.25,345,0.0,0
25.19,25.19,24.75,25.25,345,0.0,0
25.19,25.19,24.75,25.25,345,0.0,0
25.19,25.19,24.75,25.25,345,0.0,0
25.19,25.19,24.75,25.25,345,0.0,0
25.19,25.19,24.75,25.31,345,0.0,0
25.19,25.25,24.75,25.31,345,0.0,0
25.19,25.19,24.75,25.31,345,0.0,0
25.19,25.19,24.75,25.31,345,0.0,0
25.19,25.19,24.75,25.25,345,0.0,0
25.19,25.19,24.75,25.25,345,0.0,0
25.19,25.19,24.75,25.25,345,0.0,0
25.19,25.19,24.75,25.25,345,0.0,0
25.19,25.19,24.75,25.25,345,0.0,0
25.19,25.19,24.75,25.31,345,0.0,0
25.19,25.25,24.75,25.25,345,0.0,0
25.19,25.19,24.75,25.25,345,0.0,0
25.19,25.25,24.69,25.25,345,0.0,0
25.19,25.19,24.75,25.25,345,0.0,0
25.19,25.19,24.75,25.25,345,0.0,0
25.19,25.19,24.75,25.31,345,0.0,0
25.19,25.19,24.75,25.25,345,0.0,0
25.19,25.19,24.75,25.25,345,0.0,0
25.19,25.19,24.75,25.25,345,0.0,0
25.19,25.19,24.69,25.25,345,0.0,0
25.19,25.19,24.75,25.25,345,0.0,0
25.19,25.19,24.75,25.25,345,0.0,0
25.19,25.19,24.75,25.25,345,0.0,0
25.19,25.19,24.75,25.25,345,0.0,0
25.19,25.19,24.75,25.25,345,0.0,0
25.19,25.19,24.75,25.25,345,0.0,0
25.19,25.19,24.75,25.25,345,0.0,0
25.19,25.19,24.75,25.25,345,0.0,0
25.19,25.19,24.75,25.25,345,0.0,0
25.19,25.19,24.75,25.31,345,0.0,0
25.19,25.19,24.75,25.31,345,0.0,0
25.19,25.19,24.75,25.25,345,0.0,0
25.19,25.19,24.75,25.25,345,0.0,0
25.19,25.19,24.75,25.25,345,0.0,0
25.19,25.19,24.75,25.31,345,0.0,0
25.19,25.19,24.69,25.25,345,0.0,0
25.19,25.19,24.69,25.25,345,0.0,0
25.19,25.19,24.69,25.25,345,0.0,0
25.19,25.19,24.75,25.25,345,0.0,0
25.19,25.19,24.69,25.25,345,0.0,0
25.19,25.19,24.69,25.25,345,0.0,0
25.19,25.19,24.69,25.25,345,0.0,0
25.19,25.19,24.75,25.25,345,0.0,0
25.19,25.19,24.75,25.25,345,0.0,0
25.19,25.19,24.69,25.25,345,0.0,0
25.19,25.19,24.69,25.25,345,0.0,0
25.19,25.19,24.75,25.31,345,0.0,0
25.19,25.19,24.69,25.25,345,0.0,0
25.19,25.19,24.75,25.25,345,0.0,0
25.19,25.19,24.69,25.31,345,0.0,0
25.19,25.19,24.69,25.25,345,0.0,0
25.19,25.19,24.75,25.25,345,0.0,0
25.19,25.19,24.69,25.25,345,0.0,0
25.19,25.19,24.69,25.19,345,0.0,0
25.19,25.19,24.69,25.25,345,0.0,0
25.19,25.19,24.69,25.25,345,0.0,0
25.19,25.19,24.75,25.19,345,0.0,0
25.13,25.19,24.75,25.19,345,0.0,0
25.19,25.19,24.75,25.19,345,0.0,0
25.13,25.19,24.69,25.19,345,0.0,0
25.19,25.19,24.75,25.25,345,0.0,0
25.19,25.19,24.69,25.25,345,0.0,0
25.19,25.19,24.69,25.25,345,0.0,0
25.19,25.19,24.69,25.25,345,0.0,0
25.19,25.19,24.69,25.25,345,0.0,0
25.19,25.19,24.69,25.19,345,0.0,0
25.19,25.19,24.75,25.25,345,0.0,0
25.19,25.19,24.69,25.19,345,0.0,0
25.19,25.19,24.69,25.25,345,0.0,0
25.19,25.19,24.69,25.25,345,0.0,0
25.19,25.19,24.69,25.25,345,0.0,0
25.19,25.19,24.69,25.25,345,0.0,0
25.19,25.19,24.75,25.25,345,0.0,0
25.19,25.19,24.75,25.25,345,0.0,0
25.19,25.19,24.69,25.25,345,0.0,0
25.19,25.19,24.75,25.31,345,0.0,0
25.19,25.19,24.75,25.31,345,0.0,0
25.19,25.19,24.75,25.25,345,0.0,0
25.19,25.19,24.69,25.25,345,0.0,0
25.19,25.19,24.69,25.25,345,0.0,0
25.19,25.19,24.75,25.25,345,0.0,0
25.19,25.19,24.75,25.25,345,0.0,0
25.19,25.19,24.69,25.31,345,0.0,0
25.19,25.19,24.75,25.25,345,0.0,0
25.19,25.19,24.69,25.25,345,0.0,0
25.19,25.13,24.69,25.31,345,0.0,0
25.19,25.19,24.69,25.25,345,0.0,0
25.19,25.19,24.69,25.25,345,0.0,0
25.19,25.19,24.69,25.25,345,0.0,0
25.19,25.19,24.75,25.25,345,0.0,0
25.19,25.19,24.69,25.25,345,0.0,0
25.19,25.19,24.69,25.25,345,0.0,0
25.19,25.19,24.69,25.31,345,0.0,0
25.19,25.19,24.69,25.25,345,0.0,0
25.19,25.19,24.69,25.25,345,0.0,0
25.19,25.19,24.69,25.19,345,0.0,0
25.19,25.19,24.69,25.25,345,0.0,0
25.19,25.19,24.75,25.25,345,0.0,0
25.19,25.19,24.69,25.25,345,0.0,0
25.19,25.19,24.69,25.25,345,0.0,0
25.19,25.19,24.69,25.25,345,0.0,0
25.19,25.19,24.75,25.25,345,0.0,0
25.19,25.19,24.69,25.25,345,0.0,0
25.19,25.19,24.69,25.25,345,0.0,0
25.19,25.19,24.69,25.25,345,0.0,0
25.19,25.19,24.75,25.31,345,0.0,0
25.19,25.19,24.69,25.25,345,0.0,0
25.19,25.19,24.69,25.31,345,0.0,0
25.19,25.19,24.69,25.25,345,0.0,0
25.19,25.19,24.69,25.25,345,0.0,0
25.19,25.19,24.69,25.25,345,0.0,0
25.19,25.19,24.69,25.25,345,0.0,0
25.19,25.19,24.69,25.25,345,0.0,0
25.19,25.19,24.69,25.31,345,0.0,0
25.19,25.19,24.69,25.25,345,0.0,0
25.19,25.19,24.69,25.25,345,0.0,0
25.19,25.19,24.69,25.25,345,0.0,0
25.19,25.19,24.69,25.25,345,0.0,0
25.19,25.19,24.69,25.25,345,0.0,0
25.19,25.19,24.69,25.25,345,0.0,0
25.19,25.19,24.69,25.25,345,0.0,0
25.19,25.19,24.69,25.25,345,0.0,0
25.19,25.19,24.69,25.25,345,0.0,0
25.19,25.19,24.69,25.25,345,0.0,0
25.13,25.19,24.69,25.25,345,0.0,0
25.19,25.19,24.69,25.25,345,0.0,0
25.13,25.19,24.69,25.25,345,0.0,0
25.13,25.19,24.69,25.25,345,0.0,0
25.19,25.19,24.69,25.31,345,0.0,0
25.19,25.19,24.69,25.31,345,0.0,0
25.19,25.19,24.69,25.31,345,0.0,0
25.19,25.19,24.69,25.25,345,0.0,0
25.19,25.19,24.69,25.25,345,0.0,0
25.19,25.19,24.69,25.31,345,0.0,0
25.19,25.19,24.69,25.31,345,0.0,0
25.19,25.19,24.69,25.31,345,0.0,0
25.19,25.19,24.69,25.25,345,0.0,0
25.19,25.19,24.69,25.25,345,0.0,0
25.19,25.19,24.69,25.31,345,0.0,0
25.19,25.19,24.69,25.25,345,0.0,0
25.19,25.19,24.69,25.25,345,0.0,0
25.19,25.19,24.69,25.31,345,0.0,0
25.19,25.19,24.69,25.31,345,0.0,0
25.19,25.19,24.69,25.31,345,0.0,0
25.19,25.19,24.69,25.31,345,0.0,0
25.19,25.19,24.69,25.31,345,0.0,0
25.19,25.19,24.69,25.31,345,0.0,0
25.19,25.19,24.69,25.31,345,0.0,0
25.19,25.19,24.69,25.31,345,0.0,0
25.13,25.19,24.69,25.31,345,0.0,0
25.19,25.19,24.69,25.31,345,0.0,0
25.19,25.19,24.69,25.31,345,0.0,0
25.13,25.19,24.69,25.31,345,0.0,0
25.13,25.19,24.69,25.31,345,0.0,0
25.19,25.19,24.69,25.31,345,0.0,0
25.19,25.19,24.75,25.31,345,0.0,0
25.19,25.19,24.69,25.31,345,0.0,0
25.19,25.19,24.69,25.31,345,0.0,0
25.13,25.19,24.69,25.31,345,0.0,0
25.19,25.19,24.69,25.31,345,0.0,0
25.19,25.19,24.69,25.31,345,0.0,0
25.19,25.19,24.69,25.31,345,0.0,0
25.19,25.19,24.69,25.31,345,0.0,0
25.19,25.13,24.69,25.31,345,0.0,0
25.19,25.19,24.69,25.31,345,0.0,0
25.19,25.19,24.69,25.25,345,0.0,0
25.19,25.19,24.69,25.25,345,0.0,0
25.19,25.19,24.69,25.25,345,0.0,0
25.19,25.19,24.69,25.31,345,0.0,0
25.19,25.19,24.69,25.31,345,0.0,0
25.19,25.19,24.69,25.31,345,0.0,0
25.19,25.19,24.69,25.31,345,0.0,0
25.19,25.19,24.69,25.31,345,0.0,0
25.19,25.19,24.69,25.31,345,0.0,0
25.19,25.19,24.69,25.31,345,0.0,0
25.19,25.19,24.69,25.31,345,0.0,0
25.19,25.19,24.69,25.31,345,0.0,0
25.19,25.19,24.69,25.31,345,0.0,0
25.13,25.19,24.69,25.25,345,0.0,0
25.13,25.13,24.69,25.25,345,0.0,0
25.19,25.19,24.69,25.25,345,0.0,0
25.19,25.19,24.69,25.25,345,0.0,0
25.13,25.19,24.69,25.31,345,0.0,0
25.19,25.19,24.63,25.31,345,0.0,0
25.19,25.19,24.69,25.25,345,0.0,0
25.19,25.19,24.69,25.25,345,0.0,0
25.13,25.19,24.69,25.25,345,0.0,0
25.19,25.19,24.69,25.31,345,0.0,0
25.13,25.19,24.69,25.25,345,0.0,0
25.19,25.19,24.69,25.25,345,0.0,0
25.19,25.19,24.69,25.31,345,0.0,0
25.19,25.19,24.69,25.25,345,0.0,0
25.19,25.19,24.69,25.31,345,0.0,0
25.19,25.19,24.69,25.31,345,0.0,0
25.13,25.19,24.63,25.25,345,0.0,0
25.19,25.19,24.69,25.31,345,0.0,0
25.19,25.19,24.69,25.25,345,0.0,0
25.19,25.19,24.69,25.25,345,0.0,0
25.19,25.19,24.69,25.25,345,0.0,0
25.19,25.19,24.69,25.25,345,0.0,0
25.13,25.19,24.69,25.25,345,0.0,0
25.19,25.13,24.69,25.25,345,0.0,0
25.19,25.19,24.69,25.31,345,0.0,0
25.19,25.13,24.69,25.25,345,0.0,0
25.19,25.19,24.69,25.25,345,0.0,0
25.13,25.19,24.69,25.25,345,0.0,0
25.13,25.19,24.63,25.25,345,0.0,0
25.19,25.13,24.69,25.25,345,0.0,0
25.19,25.19,24.69,25.25,345,0.0,0
25.13,25.13,24.69,25.25,345,0.0,0
25.19,25.13,24.63,25.25,345,0.0,0
25.19,25.13,24.63,25.25,345,0.0,0
25.19,25.13,24.69,25.25,345,0.0,0
25.13,25.19,24.69,25.25,345,0.0,0
25.19,25.13,24.69,25.25,345,0.0,0
25.19,25.19,24.63,25.25,345,0.0,0
25.19,25.19,24.63,25.25,345,0.0,0
25.19,25.19,24.63,25.31,345,0.0,0
25.19,25.13,24.63,25.31,345,0.0,0
25.19,25.19,24.63,25.25,345,0.0,0
25.13,25.13,24.63,25.25,345,0.0,0
25.13,25.19,24.63,25.25,345,0.0,0
25.19,25.19,24.69,25.25,345,0.0,0
25.19,25.19,24.69,25.25,345,0.0,0
25.19,25.19,24.69,25.25,345,0.0,0
25.19,25.13,24.69,25.25,345,0.0,0
25.19,25.19,24.69,25.25,345,0.0,0
25.19,25.19,24.69,25.25,345,0.0,0
25.19,25.19,24.69,25.25,345,0.0,0
25.19,25.13,24.63,25.25,345,0.0,0
25.19,25.13,24.69,25.25,345,0.0,0
25.19,25.13,24.69,25.25,345,0.0,0
25.13,25.13,24.63,25.25,345,0.0,0
25.19,25.19,24.69,25.31,345,0.0,0
25.13,25.19,24.63,25.25,345,0.0,0
25.19,25.19,24.69,25.25,345,0.0,0
25.19,25.13,24.69,25.25,345,0.0,0
25.19,25.13,24.63,25.25,345,0.0,0
25.13,25.13,24.69,25.25,345,0.0,0
25.19,25.13,24.63,25.31,345,0.0,0
25.19,25.13,24.69,25.25,345,0.0,0
25.19,25.13,24.69,25.25,345,0.0,0
25.19,25.19,24.69,25.31,345,0.0,0
25.13,25.13,24.63,25.31,345,0.0,0
25.19,25.19,24.69,25.25,345,0.0,0
25.19,25.13,24.69,25.31,345,0.0,0
25.19,25.19,24.69,25.31,345,0.0,0
25.19,25.19,24.63,25.31,345,0.0,0
25.13,25.13,24.69,25.25,345,0.0,0
25.13,25.13,24.63,25.31,345,0.0,0
25.19,25.13,24.63,25.25,345,0.0,0
25.13,25.19,24.63,25.31,345,0.0,0
25.19,25.13,24.69,25.31,345,0.0,0
25.19,25.13,24.69,25.25,345,0.0,0
25.19,25.19,24.63,25.25,345,0.0,0
25.19,25.13,24.63,25.31,345,0.0,0
25.19,25.19,24.63,25.31,345,0.0,0
25.13,25.13,24.63,25.31,345,0.0,0
25.19,25.19,24.63,25.31,345,0.0,0
25.19,25.19,24.63,25.25,345,0.0,0
25.13,25.19,24.63,25.25,345,0.0,0
25.13,25.19,24.63,25.25,345,0.0,0
25.13,25.13,24.63,25.25,345,0.0,0
25.13,25.19,24.69,25.25,345,0.0,0
25.13,25.19,24.63,25.25,345,0.0,0
25.13,25.13,24.63,25.25,345,0.0,0
25.13,25.13,24.63,25.25,345,0.0,0
25.13,25.13,24.63,25.25,345,0.0,0
25.13,25.19,24.63,25.25,345,0.0,0
25.19,25.13,24.69,25.25,345,0.0,0
25.13,25.13,24.63,25.25,345,0.0,0
25.13,25.13,24.63,25.31,345,0.0,0
25.19,25.13,24.63,25.25,345,0.0,0
25.13,25.13,24.63,25.25,345,0.0,0
25.19,25.13,24.63,25.25,345,0.0,0
25.19,25.13,24.63,25.25,345,0.0,0
25.19,25.13,24.69,25.25,345,0.0,0
25.19,25.13,24.63,25.25,345,0.0,0
25.19,25.13,24.63,25.25,345,0.0,0
25.13,25.13,24.63,25.25,345,0.0,0
25.19,25.13,24.63,25.25,345,0.0,0
25.13,25.13,24.63,25.25,345,0.0,0
25.19,25.13,24.63,25.25,345,0.0,0
25.13,25.13,24.63,25.25,345,0.0,0
25.13,25.13,24.63,25.25,345,0.0,0
25.19,25.13,24.63,25.25,345,0.0,0
25.13,25.13,24.69,25.25,345,0.0,0
25.13,25.13,24.63,25.25,345,0.0,0
25.13,25.13,24.63,25.25,345,0.0,0
25.13,25.13,24.63,25.25,345,0.0,0
25.19,25.13,24.63,25.25,345,0.0,0
25.19,25.19,24.63,25.25,345,0.0,0
25.13,25.13,24.63,25.25,345,0.0,0
25.19,25.19,24.63,25.25,345,0.0,0
25.13,25.13,24.63,25.31,345,0.0,0
25.19,25.13,24.63,25.25,345,0.0,0
25.13,25.13,24.63,25.25,345,0.0,0
25.13,25.19,24.63,25.25,345,0.0,0
25.19,25.13,24.63,25.25,345,0.0,0
25.19,25.13,24.63,25.25,345,0.0,0
25.19,25.13,24.63,25.25,345,0.0,0
25.19,25.13,24.63,25.25,345,0.0,0
25.13,25.13,24.63,25.25,345,0.0,0
25.13,25.13,24.63,25.25,345,0.0,0
25.19,25.13,24.63,25.25,345,0.0,0
25.13,25.13,24.63,25.25,345,0.0,0
25.13,25.13,24.63,25.25,345,0.0,0
25.13,25.13,24.63,25.25,345,0.0,0
25.13,25.13,24.63,25.25,345,0.0,0
25.19,25.13,24.63,25.25,345,0.0,0
25.13,25.13,24.63,25.25,345,0.0,0
25.19,25.19,24.63,25.25,345,0.0,0
25.13,25.13,24.63,25.25,345,0.0,0
25.13,25.13,24.63,25.25,345,0.0,0
25.13,25.13,24.63,25.25,345,0.0,0
25.13,25.19,24.63,25.25,345,0.0,0
25.13,25.13,24.69,25.25,345,0.0,0
25.13,25.13,24.63,25.25,345,0.0,0
25.19,25.13,24.63,25.25,345,0.0,0
25.19,25.13,24.63,25.25,345,0.0,0
25.19,25.13,24.63,25.25,345,0.0,0
25.13,25.19,24.63,25.25,345,0.0,0
25.13,25.13,24.63,25.25,345,0.0,0
25.13,25.13,24.63,25.25,345,0.0,0
25.13,25.13,24.63,25.25,345,0.0,0
25.13,25.13,24.63,25.25,345,0.0,0
25.19,25.13,24.63,25.25,345,0.0,0
25.19,25.13,24.63,25.25,345,0.0,0
25.13,25.13,24.63,25.25,345,0.0,0
25.13,25.13,24.63,25.25,345,0.0,0
25.13,25.13,24.63,25.25,345,0.0,0
25.13,25.13,24.63,25.25,345,0.0,0
25.13,25.13,24.63,25.25,345,0.0,0
25.13,25.13,24.63,25.25,345,0.0,0
25.13,25.13,24.63,25.25,345,0.0,0
25.19,25.13,24.63,25.25,345,0.0,0
25.19,25.13,24.63,25.25,345,0.0,0
25.13,25.13,24.63,25.25,345,0.0,0
25.13,25.13,24.63,25.19,345,0.0,0
25.13,25.13,24.63,25.25,345,0.0,0
25.13,25.13,24.63,25.25,345,0.0,0
25.13,25.13,24.63,25.25,345,0.0,0
25.13,25.13,24.63,25.19,345,0.0,0
25.13,25.13,24.63,25.25,345,0.0,0
25.13,25.13,24.63,25.25,345,0.0,0
25.13,25.13,24.63,25.25,345,0.0,0
25.13,25.13,24.63,25.25,345,0.0,0
25.13,25.13,24.63,25.25,345,0.0,0
25.13,25.13,24.63,25.25,345,0.0,0
25.13,25.13,24.63,25.25,345,0.0,0
25.13,25.13,24.69,25.25,345,0.0,0
25.13,25.13,24.63,25.19,345,0.0,0
25.13,25.13,24.63,25.25,345,0.0,0
25.13,25.13,24.63,25.25,345,0.0,0
25.13,25.13,24.63,25.25,345,0.0,0
25.13,25.13,24.63,25.25,345,0.0,0
25.13,25.13,24.63,25.25,345,0.0,0
25.19,25.13,24.63,25.25,345,0.0,0
25.13,25.13,24.63,25.25,345,0.0,0
25.13,25.13,24.63,25.25,345,0.0,0
25.13,25.13,24.63,25.25,345,0.0,0
25.13,25.13,24.63,25.25,345,0.0,0
25.13,25.13,24.63,25.25,345,0.0,0
25.13,25.13,24.63,25.25,345,0.0,0
25.13,25.13,24.63,25.25,345,0.0,0
25.13,25.13,24.56,25.25,345,0.0,0
25.13,25.13,24.63,25.25,345,0.0,0
25.13,25.13,24.63,25.25,345,0.0,0
25.13,25.13,24.63,25.19,345,0.0,0
25.13,25.13,24.63,25.19,345,0.0,0
25.13,25.13,24.63,25.25,345,0.0,0
25.13,25.13,24.63,25.19,345,0.0,0
25.13,25.13,24.63,25.25,345,0.0,0
25.13,25.13,24.63,25.19,345,0.0,0
25.13,25.13,24.63,25.25,345,0.0,0
25.13,25.13,24.63,25.19,345,0.0,0
25.13,25.13,24.63,25.19,345,0.0,0
25.13,25.13,24.63,25.25,345,0.0,0
25.13,25.13,24.63,25.25,345,0.0,0
25.13,25.13,24.63,25.19,345,0.0,0
25.13,25.13,24.63,25.25,345,0.0,0
25.13,25.13,24.56,25.25,345,0.0,0
25.13,25.13,24.63,25.25,345,0.0,0
25.13,25.13,24.63,25.19,345,0.0,0
25.13,25.13,24.63,25.19,345,0.0,0
25.19,25.13,24.63,25.19,345,0.0,0
25.13,25.13,24.63,25.25,345,0.0,0
25.13,25.13,24.63,25.19,345,0.0,0
25.13,25.13,24.63,25.25,345,0.0,0
25.13,25.13,24.63,25.19,345,0.0,0
25.13,25.13,24.56,25.19,345,0.0,0
25.13,25.13,24.63,25.25,345,0.0,0
25.13,25.13,24.63,25.25,345,0.0,0
25.13,25.13,24.63,25.25,345,0.0,0
25.13,25.13,24.63,25.25,345,0.0,0
25.13,25.13,24.63,25.19,345,0.0,0
25.13,25.13,24.63,25.19,345,0.0,0
25.13,25.13,24.63,25.19,345,0.0,0
25.13,25.13,24.63,25.19,345,0.0,0
25.13,25.13,24.56,25.19,345,0.0,0
25.13,25.13,24.56,25.19,345,0.0,0
25.13,25.13,24.63,25.19,345,0.0,0
25.13,25.13,24.63,25.19,345,0.0,0
25.13,25.13,24.63,25.19,345,0.0,0
25.13,25.13,24.56,25.19,345,0.0,0
25.13,25.13,24.56,25.19,345,0.0,0
25.13,25.13,24.63,25.25,345,0.0,0
25.13,25.13,24.56,25.19,345,0.0,0
25.19,25.13,24.63,25.19,345,0.0,0
25.13,25.13,24.63,25.25,345,0.0,0
25.13,25.13,24.63,25.19,345,0.0,0
25.13,25.13,24.63,25.19,345,0.0,0
25.13,25.13,24.56,25.19,345,0.0,0
25.13,25.13,24.56,25.25,345,0.0,0
25.13,25.13,24.56,25.25,345,0.0,0
25.13,25.13,24.63,25.25,345,0.0,0
25.13,25.13,24.56,25.19,345,0.0,0
25.13,25.13,24.63,25.19,345,0.0,0
25.13,25.13,24.56,25.19,345,0.0,0
25.13,25.13,24.56,25.19,345,0.0,0
25.13,25.13,24.56,25.19,345,0.0,0
25.13,25.06,24.56,25.19,345,0.0,0
25.13,25.13,24.56,25.19,345,0.0,0
25.13,25.13,24.56,25.19,345,0.0,0
25.13,25.13,24.56,25.19,345,0.0,0
25.13,25.13,24.56,25.19,345,0.0,0
25.13,25.13,24.56,25.19,345,0.0,0
25.13,25.13,24.56,25.25,345,0.0,0
25.13,25.13,24.56,25.19,345,0.0,0
25.13,25.13,24.56,25.19,345,0.0,0
25.13,25.13,24.56,25.19,345,0.0,0
25.13,25.13,24.56,25.25,345,0.0,0
25.13,25.13,24.56,25.19,345,0.0,0
25.13,25.06,24.56,25.19,345,0.0,0
25.13,25.13,24.56,25.19,345,0.0,0
25.13,25.13,24.56,25.19,345,0.0,0
25.13,25.13,24.56,25.25,345,0.0,0
25.13,25.06,24.56,25.19,345,0.0,0
25.13,25.13,24.56,25.19,345,0.0,0
25.13,25.13,24.56,25.25,345,0.0,0
25.13,25.13,24.56,25.19,345,0.0,0
25.13,25.06,24.56,25.19,345,0.0,0
25.13,25.06,24.63,25.19,345,0.0,0
25.13,25.13,24.63,25.19,345,0.0,0
25.06,25.13,24.56,25.19,345,0.0,0
25.13,25.06,24.56,25.19,345,0.0,0
25.13,25.06,24.56,25.19,345,0.0,0
25.13,25.06,24.56,25.19,345,0.0,0
25.13,25.13,24.56,25.19,345,0.0,0
25.13,25.13,24.56,25.19,345,0.0,0
25.13,25.13,24.56,25.19,345,0.0,0
25.13,25.13,24.56,25.19,345,0.0,0
25.13,25.06,24.56,25.19,345,0.0,0
25.13,25.13,24.56,25.19,345,0.0,0
25.13,25.13,24.56,25.19,345,0.0,0
25.13,25.13,24.56,25.19,345,0.0,0
25.13,25.13,24.56,25.19,345,0.0,0
25.13,25.13,24.56,25.19,345,0.0,0
25.13,25.06,24.56,25.19,345,0.0,0
25.13,25.13,24.56,25.19,345,0.0,0
25.13,25.13,24.56,25.19,345,0.0,0
25.13,25.06,24.56,25.19,345,0.0,0
25.13,25.13,24.56,25.19,345,0.0,0
25.13,25.13,24.56,25.19,345,0.0,0
25.13,25.13,24.56,25.19,345,0.0,0
25.13,25.13,24.56,25.19,345,0.0,0
25.13,25.13,24.56,25.19,345,0.0,0
25.13,25.13,24.56,25.19,345,0.0,0
25.13,25.06,24.56,25.19,345,0.0,0
25.13,25.13,24.56,25.19,345,0.0,0
25.13,25.13,24.56,25.19,345,0.0,0
25.13,25.13,24.63,25.19,345,0.0,0
25.13,25.06,24.56,25.19,345,0.0,0
25.13,25.06,24.56,25.19,345,0.0,0
25.13,25.06,24.56,25.19,345,0.0,0
25.13,25.06,24.56,25.19,345,0.0,0
25.13,25.06,24.56,25.19,345,0.0,0
25.13,25.06,24.56,25.19,345,0.0,0
25.13,25.06,24.56,25.19,345,0.0,0
25.13,25.06,24.56,25.19,345,0.0,0
25.13,25.06,24.56,25.19,345,0.0,0
25.13,25.06,24.56,25.19,345,0.0,0
25.13,25.06,24.56,25.19,345,0.0,0
25.13,25.06,24.56,25.19,345,0.0,0
25.13,25.06,24.56,25.19,345,0.0,0
25.13,25.06,24.56,25.19,345,0.0,0
25.13,25.06,24.63,25.19,345,0.0,0
25.13,25.06,24.56,25.19,345,0.0,0
25.13,25.06,24.56,25.19,345,0.0,0
25.13,25.13,24.56,25.19,345,0.0,0
25.13,25.06,24.56,25.19,345,0.0,0
25.13,25.13,24.56,25.19,345,0.0,0
25.13,25.13,24.56,25.19,345,0.0,0
25.13,25.13,24.56,25.19,345,0.0,0
25.13,25.06,24.56,25.19,345,0.0,0
25.13,25.13,24.56,25.19,345,0.0,0
25.13,25.06,24.56,25.19,345,0.0,0
25.13,25.13,24.56,25.19,345,0.0,0
25.13,25.13,24.56,25.19,345,0.0,0
25.06,25.13,24.56,25.13,345,0.0,0
25.13,25.13,24.56,25.19,345,0.0,0
25.06,25.06,24.56,25.19,345,0.0,0
25.06,25.13,24.56,25.19,345,0.0,0
25.13,25.06,24.56,25.19,345,0.0,0
25.13,25.13,24.56,25.19,345,0.0,0
25.06,25.13,24.56,25.19,345,0.0,0
25.06,25.06,24.56,25.19,345,0.0,0
25.13,25.06,24.56,25.19,345,0.0,0
25.13,25.06,24.56,25.19,345,0.0,0
25.13,25.06,24.56,25.19,345,0.0,0
25.06,25.06,24.56,25.19,345,0.0,0
25.06,25.06,24.5,25.19,345,0.0,0
25.13,25.13,24.56,25.19,345,0.0,0
25.06,25.06,24.56,25.19,345,0.0,0
25.06,25.06,24.56,25.19,345,0.0,0
25.13,25.06,24.56,25.19,345,0.0,0
25.13,25.06,24.56,25.19,345,0.0,0
25.13,25.06,24.5,25.19,345,0.0,0
25.06,25.06,24.56,25.19,345,0.0,0
25.06,25.06,24.56,25.19,345,0.0,0
25.13,25.06,24.56,25.19,345,0.0,0
25.06,25.06,24.56,25.19,345,0.0,0
25.06,25.06,24.56,25.19,345,0.0,0
25.06,25.06,24.56,25.19,345,0.0,0
25.13,25.06,24.56,25.19,345,0.0,0
25.06,25.13,24.5,25.19,345,0.0,0
25.06,25.06,24.56,25.19,345,0.0,0
25.13,25.06,24.56,25.19,345,0.0,0
25.06,25.06,24.56,25.19,345,0.0,0
25.06,25.06,24.56,25.19,345,0.0,0
25.13,25.06,24.56,25.19,345,0.0,0
25.13,25.13,24.56,25.19,345,0.0,0
25.06,25.13,24.56,25.19,345,0.0,0
25.06,25.06,24.56,25.19,345,0.0,0
25.06,25.13,24.56,25.19,345,0.0,0
25.13,25.06,24.56,25.19,345,0.0,0
25.06,25.06,24.56,25.19,345,0.0,0
25.13,25.06,24.5,25.19,345,0.0,0
25.06,25.06,24.56,25.19,345,0.0,0
25.13,25.06,24.56,25.19,345,0.0,0
25.06,25.06,24.56,25.19,345,0.0,0
25.06,25.06,24.56,25.19,345,0.0,0
25.06,25.06,24.5,25.19,345,0.0,0
25.06,25.06,24.56,25.19,345,0.0,0
25.13,25.06,24.5,25.19,345,0.0,0
25.13,25.06,24.56,25.19,345,0.0,0
25.06,25.06,24.56,25.19,345,0.0,0
25.13,25.06,24.56,25.13,345,0.0,0
25.06,25.06,24.56,25.19,345,0.0,0
25.06,25.06,24.56,25.19,345,0.0,0
25.06,25.06,24.56,25.19,345,0.0,0
25.13,25.06,24.56,25.19,345,0.0,0
25.06,25.06,24.56,25.19,345,0.0,0
25.06,25.06,24.56,25.19,345,0.0,0
25.06,25.06,24.56,25.25,345,0.0,0
25.13,25.06,24.56,25.19,345,0.0,0
25.06,25.06,24.5,25.19,345,0.0,0
25.06,25.06,24.56,25.19,345,0.0,0
25.06,25.06,24.56,25.19,345,0.0,0
25.06,25.06,24.5,25.19,345,0.0,0
25.06,25.06,24.56,25.19,345,0.0,0
25.06,25.06,24.56,25.19,345,0.0,0
25.06,25.06,24.56,25.19,345,0.0,0
25.13,25.06,24.56,25.19,345,0.0,0
25.06,25.06,24.5,25.13,345,0.0,0
25.06,25.06,24.56,25.19,345,0.0,0
25.06,25.06,24.56,25.19,345,0.0,0
25.06,25.06,24.56,25.19,345,0.0,0
25.06,25.06,24.56,25.19,345,0.0,0
25.06,25.06,24.56,25.19,345,0.0,0
25.06,25.06,24.56,25.19,345,0.0,0
25.06,25.06,24.56,25.19,345,0.0,0
25.13,25.06,24.56,25.19,345,0.0,0
25.06,25.06,24.56,25.19,345,0.0,0
25.06,25.06,24.56,25.19,345,0.0,0
25.06,25.06,24.56,25.19,345,0.0,0
25.06,25.06,24.56,25.19,345,0.0,0
25.06,25.06,24.56,25.19,345,0.0,0
25.06,25.06,24.56,25.13,345,0.0,0
25.06,25.06,24.56,25.13,345,0.0,0
25.06,25.06,24.56,25.13,345,0.0,0
25.06,25.06,24.56,25.13,345,0.0,0
25.06,25.06,24.5,25.19,345,0.0,0
25.06,25.06,24.5,25.19,345,0.0,0
25.06,25.06,24.56,25.19,345,0.0,0
25.06,25.06,24.5,25.19,345,0.0,0
25.06,25.06,24.56,25.19,345,0.0,0
25.06,25.06,24.56,25.19,345,0.0,0
25.06,25.06,24.56,25.19,345,0.0,0
25.06,25.06,24.56,25.13,345,0.0,0
25.06,25.06,24.56,25.13,345,0.0,0
25.06,25.06,24.5,25.13,345,0.0,0
25.06,25.06,24.56,25.19,345,0.0,0
25.06,25.06,24.56,25.19,345,0.0,0
25.06,25.06,24.5,25.19,345,0.0,0
25.06,25.06,24.56,25.19,345,0.0,0
25.06,25.06,24.56,25.13,345,0.0,0
25.06,25.06,24.5,25.19,345,0.0,0
25.06,25.06,24.56,25.19,345,0.0,0
25.06,25.06,24.56,25.19,345,0.0,0
25.06,25.06,24.56,25.19,345,0.0,0
25.06,25.06,24.56,25.19,345,0.0,0
25.06,25.06,24.56,25.19,345,0.0,0
25.06,25.06,24.56,25.19,345,0.0,0
25.06,25.06,24.56,25.13,345,0.0,0
25.06,25.06,24.56,25.19,345,0.0,0
25.06,25.06,24.56,25.13,345,0.0,0
25.06,25.06,24.5,25.13,345,0.0,0
25.06,25.06,24.56,25.13,345,0.0,0
25.06,25.06,24.56,25.13,345,0.0,0
25.06,25.06,24.56,25.13,345,0.0,0
25.06,25.06,24.56,25.13,345,0.0,0
25.06,25.06,24.56,25.19,345,0.0,0
25.06,25.06,24.5,25.13,345,0.0,0
25.06,25.06,24.5,25.13,345,0.0,0
25.06,25.06,24.5,25.13,345,0.0,0
25.06,25.06,24.56,25.13,345,0.0,0
25.06,25.06,24.56,25.13,345,0.0,0
25.06,25.06,24.56,25.13,345,0.0,0
25.06,25.06,24.56,25.13,345,0.0,0
25.06,25.06,24.56,25.13,345,0.0,0
25.13,25.06,24.56,25.13,345,0.0,0
25.06,25.06,24.5,25.13,345,0.0,0
25.06,25.06,24.56,25.13,345,0.0,0
25.06,25.06,24.5,25.19,345,0.0,0
25.06,25.06,24.56,25.13,345,0.0,0
25.06,25.06,24.56,25.19,345,0.0,0
25.06,25.06,24.5,25.19,345,0.0,0
25.06,25.06,24.5,25.19,345,0.0,0
25.06,25.06,24.56,25.13,345,0.0,0
25.06,25.06,24.56,25.13,345,0.0,0
25.06,25.06,24.56,25.19,345,0.0,0
25.06,25.06,24.56,25.13,345,0.0,0
25.06,25.06,24.56,25.19,345,0.0,0
25.06,25.06,24.56,25.19,345,0.0,0
25.06,25.06,24.5,25.19,345,0.0,0
25.06,25.06,24.5,25.13,345,0.0,0
25.06,25.06,24.5,25.13,345,0.0,0
25.06,25.06,24.5,25.13,345,0.0,0
25.06,25.06,24.56,25.13,345,0.0,0
25.06,25.06,24.5,25.13,345,0.0,0
25.06,25.06,24.56,25.19,345,0.0,0
25.06,25.06,24.56,25.19,345,0.0,0
25.06,25.06,24.56,25.13,345,0.0,0
25.13,25.06,24.5,25.19,345,0.0,0
25.13,25.06,24.56,25.19,345,0.0,0
25.06,25.13,24.5,25.19,345,0.0,0
25.06,25.06,24.5,25.13,345,0.0,0
25.13,25.06,24.56,25.19,345,0.0,0
25.06,25.06,24.5,25.19,345,0.0,0
25.06,25.06,24.5,25.13,345,0.0,0
25.13,25.06,24.5,25.13,345,0.0,0
25.06,25.06,24.56,25.13,345,0.0,0
25.06,25.06,24.56,25.13,345,0.0,0
25.06,25.06,24.56,25.13,345,0.0,0
25.06,25.06,24.56,25.13,345,0.0,0
25.06,25.06,24.56,25.13,345,0.0,0
25.06,25.06,24.56,25.06,345,0.0,0
25.06,25.06,24.5,25.06,345,0.0,0
25.06,25.06,24.56,25.06,345,0.0,0
25.06,25.06,24.56,25.06,345,0.0,0
25.06,25.06,24.56,25.06,345,0.0,0
25.06,25.06,24.56,25.13,345,0.0,0
25.06,25.06,24.56,25.06,345,0.0,0
25.06,25.06,24.56,25.13,345,0.0,0
25.06,25.06,24.56,25.06,345,0.0,0
25.06,25.06,24.56,25.06,345,0.0,0
25.06,25.06,24.56,25.13,345,0.0,0
25.06,25.06,24.56,25.13,345,0.0,0
25.06,25.06,24.56,25.13,345,0.0,0
25.06,25.06,24.56,25.13,345,0.0,0
25.06,25.06,24.56,25.13,345,0.0,0
25.06,25.06,24.5,25.13,345,0.0,0
25.06,25.06,24.56,25.06,345,0.0,0
25.06,25.06,24.56,25.13,345,0.0,0
25.06,25.06,24.56,25.13,345,0.0,0
25.06,25.06,24.56,25.13,345,0.0,0
25.06,25.06,24.56,25.13,345,0.0,0
25.06,25.06,24.56,25.13,345,0.0,0
25.06,25.06,24.56,25.06,345,0.0,0
25.06,25.06,24.56,25.06,345,0.0,0
25.06,25.06,24.56,25.13,345,0.0,0
25.06,25.06,24.56,25.13,345,0.0,0
25.06,25.06,24.56,25.13,345,0.0,0
25.06,25.06,24.56,25.13,345,0.0,0
25.06,25.06,24.56,25.13,345,0.0,0
25.13,25.06,24.56,25.13,345,0.0,0
25.13,25.06,24.56,25.13,345,0.0,0
25.13,25.06,24.56,25.13,345,0.0,0
25.06,25.0,24.56,25.13,345,0.0,0
25.06,25.06,24.56,25.13,345,0.0,0
25.13,25.06,24.56,25.13,345,0.0,0
25.06,25.0,24.56,25.13,345,0.0,0
25.06,25.0,24.56,25.13,345,0.0,0
25.06,25.06,24.56,25.13,345,0.0,0
25.13,25.06,24.56,25.13,345,0.0,0
25.13,25.06,24.56,25.13,345,0.0,0
25.06,25.06,24.56,25.13,345,0.0,0
25.13,25.06,24.56,25.13,345,0.0,0
25.13,25.06,24.56,25.13,345,0.0,0
25.13,25.06,24.56,25.13,345,0.0,0
25.13,25.06,24.56,25.13,345,0.0,0
25.13,25.06,24.56,25.13,345,0.0,0
25.13,25.06,24.63,25.13,345,0.0,0
25.13,25.0,24.63,25.13,345,0.0,0
25.06,25.06,24.63,25.13,345,0.0,0
25.06,25.0,24.56,25.13,345,0.0,0
25.13,25.06,24.56,25.13,345,0.0,0
25.13,25.06,24.63,25.13,345,0.0,0
25.13,25.06,24.63,25.13,345,0.0,0
25.13,25.06,24.63,25.13,345,0.0,0
25.13,25.06,24.63,25.13,345,0.0,0
25.13,25.06,24.56,25.19,345,0.0,0
25.13,25.06,24.56,25.19,345,0.0,0
25.13,25.06,24.63,25.13,345,0.0,0
25.13,25.06,24.63,25.13,345,0.0,0
25.13,25.06,24.56,25.13,345,0.0,0
25.13,25.06,24.63,25.13,345,0.0,0
25.13,25.06,24.63,25.13,345,0.0,0
25.13,25.06,24.63,25.13,345,0.0,0
25.13,25.06,24.63,25.13,345,0.0,0
25.13,25.06,24.63,25.13,345,0.0,0
25.13,25.06,24.63,25.19,345,0.0,0
25.13,25.06,24.63,25.19,345,0.0,0
25.13,25.06,24.63,25.19,345,0.0,0
25.13,25.06,24.63,25.13,345,0.0,0
25.13,25.06,24.63,25.19,345,0.0,0
25.13,25.06,24.63,25.19,345,0.0,0
25.13,25.06,24.63,25.19,345,0.0,0
25.13,25.06,24.63,25.19,345,0.0,0
25.13,25.06,24.63,25.19,345,0.0,0
25.13,25.06,24.63,25.19,345,0.0,0
25.13,25.06,24.63,25.19,345,0.0,0
25.13,25.06,24.63,25.19,345,0.0,0
25.13,25.06,24.63,25.19,345,0.0,0
25.13,25.06,24.63,25.13,345,0.0,0
25.13,25.06,24.63,25.13,345,0.0,0
25.13,25.06,24.63,25.13,345,0.0,0
25.13,25.06,24.63,25.13,345,0.0,0
25.06,25.06,24.63,25.13,345,0.0,0
25.13,25.06,24.63,25.19,345,0.0,0
25.13,25.06,24.63,25.19,345,0.0,0
25.13,25.06,24.63,25.13,345,0.0,0
25.13,25.06,24.63,25.13,345,0.0,0
25.13,25.06,24.63,25.19,345,0.0,0
25.13,25.06,24.63,25.13,345,0.0,0
25.13,25.06,24.69,25.19,345,0.0,0
25.13,25.06,24.63,25.13,345,0.0,0
25.13,25.06,24.63,25.13,345,0.0,0
25.13,25.06,24.63,25.19,345,0.0,0
25.13,25.06,24.69,25.19,345,0.0,0
25.06,25.06,24.69,25.19,345,0.0,0
25.13,25.06,24.69,25.19,345,0.0,0
25.13,25.06,24.63,25.19,345,0.0,0
25.13,25.06,24.63,25.19,345,0.0,0
25.13,25.06,24.69,25.25,345,0.0,0
25.13,25.06,24.63,25.25,345,0.0,0
25.06,25.06,24.63,25.19,345,0.0,0
25.06,25.06,24.63,25.19,345,0.0,0
25.13,25.06,24.69,25.19,345,0.0,0
25.13,25.13,24.69,25.19,345,0.0,0
25.06,25.06,24.63,25.19,345,0.0,0
25.06,25.06,24.63,25.19,345,0.0,0
25.13,25.06,24.63,25.19,345,0.0,0
25.13,25.06,24.63,25.19,345,0.0,0
25.13,25.13,24.63,25.19,345,0.0,0
25.13,25.06,24.63,25.13,345,0.0,0
25.13,25.13,24.69,25.19,345,0.0,0
25.13,25.06,24.63,25.19,345,0.0,0
25.06,25.06,24.69,25.19,345,0.0,0
25.13,25.06,24.63,25.25,345,0.0,0
25.13,25.13,24.69,25.19,345,0.0,0
25.06,25.06,24.63,25.19,345,0.0,0
25.13,25.13,24.69,25.19,345,0.0,0
25.13,25.13,24.63,25.19,345,0.0,0
25.06,25.13,24.69,25.25,345,0.0,0
25.13,25.06,24.69,25.19,345,0.0,0
25.13,25.06,24.69,25.19,345,0.0,0
25.13,25.13,24.63,25.19,345,0.0,0
25.13,25.06,24.63,25.19,345,0.0,0
25.13,25.06,24.69,25.25,345,0.0,0
25.13,25.13,24.69,25.19,345,0.0,0
25.13,25.06,24.69,25.19,345,0.0,0
25.06,25.06,24.69,25.19,345,0.0,0
25.06,25.13,24.69,25.19,345,0.0,0
25.06,25.13,24.69,25.25,345,0.0,0
25.13,25.06,24.69,25.25,345,0.0,0
25.06,25.06,24.69,25.25,345,0.0,0
25.06,25.13,24.69,25.25,345,0.0,0
25.06,25.13,24.69,25.31,345,0.0,0
25.06,25.06,24.69,25.25,345,0.0,0
25.13,25.06,24.69,25.25,345,0.0,0
25.13,25.06,24.69,25.25,345,0.0,0
25.13,25.06,24.69,25.25,345,0.0,0
